date,AR,AU,BR,CA,EA,EU,FR,DE,IN,IT,JP,MX,RU,KR,TR,UK,US
2025-11-01 00:00:00,10086.0,,,,122.67,126.93,116.87,126.2,,117.6,,,,113.64,2757.0,136.9,
2025-10-01 00:00:00,9827.0,,,156.5,123.33,127.52,117.38,127.0,,118.2,111.5,,,113.79,2724.0,137.0,
2025-09-01 00:00:00,9614.0,128.3,,155.4,123.0,127.16,117.14,126.5,,118.2,110.8,,1.0039,113.36,2660.0,136.6,330.5
2025-08-01 00:00:00,9435.0,127.8,,155.5,122.82,126.95,118.79,126.2,,116.0,110.9,,1.0014,112.84,2577.0,136.4,329.8
2025-07-01 00:00:00,9246.0,127.6,,155.8,122.46,126.59,118.08,126.1,,116.2,110.5,,1.0025,113.47,2534.0,136.0,328.7
2025-06-01 00:00:00,9111.0,126.6,0.26,155.4,122.66,126.65,117.74,125.5,,118.2,110.3,,1.0036,113.17,2490.9,135.9,327.6
2025-05-01 00:00:00,8958.0,126.7,0.13,155.3,122.19,126.18,117.09,125.3,,117.7,110.0,,1.006,113.1,2443.6,135.4,326.9
2025-04-01 00:00:00,8765.0,126.5,0.36,154.4,122.22,126.17,117.32,125.1,191.2,117.6,109.7,,1.0032,112.93,2385.6,135.1,326.4
2025-03-01 00:00:00,8492.0,125.8,0.52,153.7,120.99,125.04,116.24,124.3,189.91,115.9,109.2,,1.0069,112.52,2308.5,133.5,325.7
2025-02-01 00:00:00,8229.0,125.1,0.65,153.4,119.83,123.99,115.79,123.5,189.61,113.3,108.7,,1.0075,112.29,2275.2,132.9,325.5
2025-01-01 00:00:00,7996.0,124.5,0.66,152.0,119.18,123.33,115.02,123.1,188.33,113.5,108.5,,1.0096,112.14,2234.9,132.3,324.7
2024-12-01 00:00:00,7809.0,124.3,0.65,152.1,120.32,124.21,115.7,123.5,187.76,115.8,108.4,,1.0102,111.59,2116.7,132.7,323.3
2024-11-01 00:00:00,7567.0,124.3,0.58,152.2,119.78,123.71,115.44,122.5,187.84,115.6,108.4,,1.011,111.44,2094.6,132.2,322.6
2024-10-01 00:00:00,7367.0,123.5,0.32,152.4,120.47,124.3,115.69,123.6,187.48,116.0,108.1,,1.0081,111.39,2062.9,132.0,321.7
2024-09-01 00:00:00,7158.0,123.7,0.16,151.7,120.17,123.95,115.38,123.3,186.42,115.8,107.5,,1.0075,111.18,2006.9,131.4,320.8
2024-08-01 00:00:00,6932.0,123.6,0.21,151.8,120.09,123.89,117.13,123.3,185.95,113.7,107.4,,1.006,111.4,1937.7,131.2,319.8
2024-07-01 00:00:00,6657.0,123.7,0.58,152.0,119.7,123.55,116.06,123.2,185.47,113.9,106.9,134.75,1.004,111.27,1881.4,130.6,318.9
2024-06-01 00:00:00,6415.0,123.5,0.09,151.4,119.89,123.58,115.88,122.4,184.26,115.9,106.6,134.33,1.0058,110.95,1836.3,130.3,318.3
2024-05-01 00:00:00,6189.0,123.4,0.36,151.4,119.47,123.18,115.47,122.0,184.04,115.5,106.6,134.04,1.0087,110.91,1805.2,129.9,318.1
2024-04-01 00:00:00,5966.0,123.1,0.11,150.5,118.95,122.68,115.15,121.3,183.44,115.1,106.5,133.8,1.0071,110.66,1739.7,129.3,317.6
2024-03-01 00:00:00,5612.0,122.6,0.01,150.1,118.12,121.85,114.13,120.9,182.5,113.8,106.2,133.52,1.006,110.42,1679.9,128.1,316.8
2024-02-01 00:00:00,5130.0,121.8,0.73,149.1,116.83,120.66,113.63,119.8,182.17,111.6,105.9,132.95,1.0054,110.34,1622.7,127.3,315.6
2024-01-01 00:00:00,4568.0,121.0,0.16,148.8,116.05,119.9,112.71,118.8,181.71,111.5,105.8,132.29,1.006,110.01,1566.8,126.5,314.4
2023-12-01 00:00:00,3800.0,121.0,0.47,148.9,117.14,120.75,113.38,119.5,181.16,113.8,105.9,131.76,1.0041,109.6,1456.4,127.3,313.2
2023-11-01 00:00:00,2963.0,120.9,0.21,149.3,116.61,120.22,112.98,118.8,181.12,113.3,105.9,131.18,1.0101,109.4,1423.6,126.6,312.4
2023-10-01 00:00:00,2613.0,120.6,0.35,149.0,117.31,120.81,113.33,119.7,180.67,113.8,105.8,130.84,1.0089,109.4,1396.2,126.8,311.4
2023-09-01 00:00:00,2401.0,120.4,0.22,148.2,117.05,120.48,112.97,119.7,180.04,113.7,105.4,130.33,1.0092,109.02,1346.1,126.3,310.6
2023-08-01 00:00:00,2116.8,120.0,0.18,148.3,116.78,120.24,114.15,119.7,180.05,111.1,105.2,129.86,1.0075,109.16,1278.5,125.7,309.6
2023-07-01 00:00:00,1860.3,119.3,0.2,148.0,116.38,119.82,113.46,119.3,179.33,111.2,104.9,129.51,1.0053,108.91,1174.2,125.5,309.0
2023-06-01 00:00:00,1746.8,118.7,0.13,147.2,116.55,119.85,113.09,118.5,178.69,113.5,104.4,129.01,1.0049,108.61,1071.3,125.1,308.3
2023-05-01 00:00:00,1640.3,118.6,0.08,147.2,116.14,119.39,112.84,117.9,178.56,113.0,104.3,128.62,1.0052,108.51,1031.6,124.7,307.6
2023-04-01 00:00:00,1521.0,118.2,0.47,146.6,115.87,119.07,112.61,117.9,177.77,112.6,104.0,128.21,1.0031,108.12,989.6,123.9,306.5
2023-03-01 00:00:00,1403.1,117.8,0.26,145.9,114.74,117.91,111.64,117.1,176.71,111.3,103.2,127.71,1.0037,107.81,958.8,122.3,305.1
2023-02-01 00:00:00,1308.8,117.2,1.06,145.0,113.32,116.56,110.85,115.8,176.23,108.8,102.6,127.05,1.0013,107.6,938.6,121.5,304.1
2023-01-01 00:00:00,1215.3,116.2,0.43,144.3,112.38,115.57,109.8,114.9,175.51,108.5,102.2,126.28,1.003,107.29,919.0,120.3,302.7
2022-12-01 00:00:00,1153.6,116.1,0.74,144.0,113.26,116.15,110.17,115.6,174.6,110.5,102.1,125.38,0.9997,106.65,853.5,121.0,301.4
2022-11-01 00:00:00,1096.0,115.4,0.12,144.2,112.6,115.45,109.8,114.8,174.06,109.7,102.0,124.57,1.0018,106.35,838.0,120.4,300.3
2022-10-01 00:00:00,1046.3,114.8,0.71,144.1,112.6,115.32,109.46,114.9,173.34,109.6,101.7,124.01,1.0003,106.1,822.5,120.0,299.4
2022-09-01 00:00:00,991.3,114.1,0.26,143.6,111.98,114.58,109.04,114.2,172.27,109.2,101.1,123.24,1.003,105.7,796.8,119.3,298.3
2022-08-01 00:00:00,939.5,113.7,0.5,143.1,110.92,113.51,109.77,112.6,171.71,106.8,100.9,122.42,1.0,105.84,775.6,118.7,296.6
2022-07-01 00:00:00,879.6,112.8,0.43,143.1,110.33,112.86,108.82,112.3,170.95,106.2,100.6,121.45,0.9982,105.52,752.2,117.9,295.1
2022-06-01 00:00:00,819.6,111.9,0.77,142.2,110.5,112.86,108.34,111.7,169.88,108.2,100.1,120.7,1.0018,105.09,727.1,117.6,294.0
2022-05-01 00:00:00,779.9,111.5,0.94,141.6,110.25,112.49,108.13,112.2,169.73,107.5,100.1,119.77,1.004,104.57,703.6,117.1,292.0
2022-04-01 00:00:00,741.4,111.0,0.89,140.4,109.73,111.85,107.56,111.6,169.12,106.9,99.9,119.07,1.0201,104.05,680.2,116.6,290.5
2022-03-01 00:00:00,694.8,110.2,0.76,139.6,108.59,110.64,106.78,110.6,167.09,105.7,99.5,118.16,1.0905,103.68,650.6,115.8,289.0
2022-02-01 00:00:00,653.0,109.7,1.26,138.3,107.3,109.39,106.02,109.9,166.06,103.1,99.2,117.32,1.0104,103.59,623.3,114.9,288.3
2022-01-01 00:00:00,625.2,108.7,0.72,137.5,106.73,108.73,105.35,109.3,165.24,103.1,99.0,116.43,1.0082,103.17,600.8,114.2,286.8
2021-12-01 00:00:00,605.2,108.3,1.04,136.7,107.68,109.38,105.7,109.7,164.56,105.4,99.1,115.72,1.0063,102.51,561.8,114.4,285.2
2021-11-01 00:00:00,579.5,107.8,0.55,136.8,107.26,108.95,105.42,109.2,164.2,104.8,99.2,114.8,1.0114,102.06,496.1,113.9,283.4
2021-10-01 00:00:00,561.3,107.3,1.19,136.8,107.22,108.84,105.18,109.3,163.55,104.8,99.2,114.38,1.0085,101.83,482.5,113.4,281.6
2021-09-01 00:00:00,543.9,107.0,0.8,136.2,106.9,108.43,105.15,109.1,162.51,104.6,99.3,113.82,1.0081,101.58,474.1,112.8,279.7
2021-08-01 00:00:00,526.7,106.7,0.64,135.9,106.35,107.88,105.42,108.9,162.15,102.6,99.3,113.3,1.0059,101.7,467.0,112.4,279.0
2021-07-01 00:00:00,510.7,106.2,0.68,135.6,106.06,107.6,104.65,108.8,161.31,102.7,99.4,112.82,1.0047,101.45,465.2,111.8,278.6
2021-06-01 00:00:00,495.2,106.1,0.45,135.0,106.53,107.91,104.88,108.2,160.26,104.6,99.2,112.28,1.0075,101.14,462.4,111.8,277.6
2021-05-01 00:00:00,477.9,106.0,0.41,134.6,106.26,107.64,104.56,107.9,160.25,104.4,99.3,111.64,1.0082,101.12,450.9,111.3,275.5
2021-04-01 00:00:00,461.9,105.8,0.24,134.2,106.04,107.4,104.27,107.4,157.92,104.6,99.1,111.06,1.0058,101.01,446.4,110.6,273.6
2021-03-01 00:00:00,441.7,105.6,0.39,133.4,105.47,106.83,104.07,107.0,157.08,103.8,100.2,110.65,1.0083,100.82,438.5,110.2,271.5
2021-02-01 00:00:00,422.6,105.4,0.65,133.1,104.46,105.94,103.33,106.7,156.92,101.4,100.1,110.06,1.0058,100.7,432.7,109.9,270.8
2021-01-01 00:00:00,406.1,105.4,0.27,132.8,104.36,105.79,103.55,106.3,155.92,101.8,100.2,109.63,1.005,100.56,430.8,109.8,270.4
2020-12-01 00:00:00,390.8,105.2,0.86,132.2,104.93,106.24,103.5,105.6,155.07,103.8,99.9,109.24,1.0046,100.26,426.0,110.2,270.3
2020-11-01 00:00:00,372.6,105.5,0.49,132.7,104.53,105.87,103.25,104.9,154.67,103.5,99.9,108.64,1.005,100.16,421.8,109.9,270.0
2020-10-01 00:00:00,358.5,105.2,0.72,132.5,105.07,106.32,103.32,106.3,154.43,103.6,99.9,108.73,1.0046,99.5,413.0,110.0,269.3
2020-09-01 00:00:00,346.5,104.4,0.33,131.9,104.93,106.16,103.43,106.4,153.48,103.2,99.8,108.47,1.003,100.16,405.2,109.8,268.9
2020-08-01 00:00:00,338.7,104.0,-0.21,131.9,104.71,105.98,104.05,106.7,153.21,101.8,99.8,108.13,1.0032,100.36,400.0,109.2,268.4
2020-07-01 00:00:00,328.7,104.0,0.04,131.9,105.31,106.49,104.31,106.9,152.47,103.6,100.0,107.79,1.0026,100.17,396.9,109.7,267.4
2020-06-01 00:00:00,320.6,102.6,-0.05,132.1,105.59,106.64,103.58,106.9,151.1,104.3,100.0,107.37,1.0027,100.02,393.6,109.3,265.8
2020-05-01 00:00:00,313.3,102.9,-0.27,131.5,105.26,106.28,103.44,106.2,150.37,104.2,100.2,106.97,1.0028,99.93,385.4,109.1,265.4
2020-04-01 00:00:00,308.4,103.6,-0.13,131.8,105.26,106.16,103.11,106.2,149.93,104.3,100.1,106.65,1.005,99.79,379.1,109.0,265.7
2020-03-01 00:00:00,303.2,104.5,-0.1,132.2,104.49,105.44,103.09,105.3,148.27,103.1,100.2,106.27,1.0051,99.75,375.1,108.8,267.1
2020-02-01 00:00:00,294.0,103.8,0.52,132.1,103.31,104.42,102.68,104.9,148.02,99.9,100.1,105.96,1.0011,100.07,372.3,108.6,267.4
2020-01-01 00:00:00,287.2,103.4,0.08,131.0,102.91,104.01,102.38,104.2,147.81,100.5,100.2,105.58,1.0017,99.84,373.0,108.2,266.7
2019-12-01 00:00:00,280.3,103.3,0.55,130.8,104.69,105.36,103.31,105.7,146.91,103.4,100.3,105.23,1.0014,99.62,372.6,108.6,266.0
2019-11-01 00:00:00,270.4,103.3,0.17,131.0,104.27,105.01,102.84,105.0,146.31,103.2,100.3,104.8,1.0022,99.53,372.4,108.6,265.5
2019-10-01 00:00:00,260.0,103.2,0.23,131.4,104.83,105.38,103.03,106.2,145.83,103.7,100.2,104.57,1.0016,99.76,370.5,108.4,265.0
2019-09-01 00:00:00,250.5,103.0,0.07,130.8,104.71,105.24,103.02,106.1,145.59,103.7,99.9,104.32,1.0015,99.53,364.0,108.3,264.4
2019-08-01 00:00:00,235.33,102.7,0.15,131.3,104.32,104.92,103.48,106.1,145.07,101.5,99.9,104.0,1.0017,99.97,360.2,108.1,263.9
2019-07-01 00:00:00,224.9,102.6,0.16,131.3,104.08,104.69,102.82,106.2,144.42,101.5,99.6,103.79,1.002,99.84,360.0,107.8,263.3
2019-06-01 00:00:00,220.17,102.2,0.21,130.8,104.72,105.09,103.15,105.7,143.34,103.8,99.6,103.53,1.0023,99.64,352.6,107.7,262.7
2019-05-01 00:00:00,214.32,102.3,-0.05,130.7,104.32,104.77,102.75,105.0,143.31,103.6,99.8,103.21,1.0029,99.71,349.4,107.7,262.2
2019-04-01 00:00:00,207.72,102.4,0.35,130.1,104.37,104.76,102.83,105.1,143.12,103.7,99.8,103.04,1.0026,99.69,344.8,107.5,262.0
2019-03-01 00:00:00,200.18,102.1,0.39,130.0,103.42,103.94,102.41,104.0,142.73,102.5,99.5,102.58,1.0031,99.54,339.5,107.0,261.6
2019-02-01 00:00:00,191.41,101.7,0.27,129.6,102.07,102.92,101.46,103.5,142.44,99.4,99.4,102.22,1.0036,99.69,338.6,106.9,261.2
2019-01-01 00:00:00,184.31,101.4,0.26,128.6,101.8,102.6,101.51,102.9,141.75,100.0,99.3,101.79,1.0063,99.22,339.5,106.4,260.8
2018-12-01 00:00:00,178.93,101.5,0.52,128.5,103.35,103.85,102.31,103.9,141.57,102.8,99.4,101.58,1.0047,99.0,339.3,107.1,260.1
2018-11-01 00:00:00,174.15,101.6,0.0,128.4,102.92,103.47,102.0,103.1,141.24,102.5,99.5,101.11,1.0042,99.01,340.9,106.8,259.4
2018-10-01 00:00:00,168.59,101.3,0.28,128.8,103.72,104.0,102.19,105.0,141.07,103.0,99.5,100.86,1.0043,99.14,347.4,106.6,258.9
2018-09-01 00:00:00,161.27,101.1,0.39,128.1,103.66,103.92,102.22,105.0,139.7,103.2,99.3,100.54,1.0046,99.06,338.5,106.5,258.4
2018-08-01 00:00:00,149.82,101.1,-0.02,128.5,103.34,103.7,102.83,105.3,139.07,100.9,99.4,100.22,1.0034,99.14,317.1,106.5,257.9
2018-07-01 00:00:00,144.96,101.0,0.33,128.5,103.18,103.46,102.14,105.3,138.26,101.1,99.1,99.97,1.0028,98.97,309.8,105.8,257.7
2018-06-01 00:00:00,140.48,100.8,0.23,127.8,103.56,103.7,102.44,104.1,137.69,103.4,99.1,99.69,1.0034,98.96,307.0,105.8,257.4
2018-05-01 00:00:00,134.98,101.0,-0.01,127.6,103.51,103.66,102.49,104.1,137.64,103.1,99.3,99.46,1.0022,99.14,301.5,105.9,257.1
2018-04-01 00:00:00,131.49,101.0,0.04,127.5,103.04,103.27,102.27,103.0,136.8,103.0,99.2,99.2,1.0025,99.0,296.5,105.6,256.6
2018-03-01 00:00:00,128.75,100.6,0.1,127.6,102.63,102.85,102.12,103.0,135.82,102.2,99.0,99.06,1.0011,98.81,288.9,105.2,256.3
2018-02-01 00:00:00,125.51,100.2,0.47,127.1,101.07,101.69,100.88,101.9,135.19,99.0,99.0,98.73,1.0011,98.61,286.6,105.0,255.7
2018-01-01 00:00:00,122.94,100.0,0.11,126.2,100.67,101.31,100.86,101.1,134.71,99.4,98.9,98.25,1.002,98.19,285.2,104.5,255.2
2017-12-01 00:00:00,121.13,100.1,0.55,125.6,102.4,102.71,101.67,102.7,134.09,102.3,99.2,97.97,1.0017,97.96,283.9,105.2,254.3
2017-11-01 00:00:00,119.14,100.1,0.11,126.2,101.97,102.33,101.26,102.0,133.57,101.8,99.2,97.57,1.0015,97.81,282.4,104.9,253.8
2017-10-01 00:00:00,117.62,99.9,0.34,126.2,102.51,102.69,101.4,103.1,132.79,102.3,99.2,97.23,1.0014,98.14,279.4,104.7,253.5
2017-09-01 00:00:00,116.1,100.0,0.37,125.8,102.68,102.77,101.46,103.6,132.12,102.7,99.0,96.99,1.0031,97.96,272.9,104.7,252.8
2017-08-01 00:00:00,114.23,,0.11,125.6,102.28,102.47,101.8,103.9,131.17,100.3,99.0,96.71,1.0014,98.13,270.5,104.5,252.5
2017-07-01 00:00:00,112.62,,0.11,125.6,102.02,102.2,101.15,103.8,130.24,100.2,98.8,96.47,1.0013,97.98,269.2,103.9,252.0
2017-06-01 00:00:00,110.67,,0.22,125.6,102.57,102.58,101.58,103.0,129.36,102.7,98.9,96.21,1.0011,97.73,267.9,104.0,251.7
2017-05-01 00:00:00,109.21,,0.05,125.5,102.25,102.32,101.38,102.2,129.46,102.5,99.0,95.92,1.0012,97.79,267.7,103.9,251.4
2017-04-01 00:00:00,107.43,,0.29,125.2,102.29,102.3,101.33,102.1,128.96,102.8,98.9,95.65,1.0015,97.6,264.1,103.6,251.2
2017-03-01 00:00:00,105.21,,0.14,125.2,101.5,101.58,101.15,101.4,129.03,101.5,98.6,95.23,1.0015,97.5,259.2,103.0,250.9
2017-02-01 00:00:00,103.21,,0.54,124.8,100.07,100.48,100.04,100.6,128.66,98.5,98.5,94.68,1.0017,97.48,256.0,102.7,251.0
2017-01-01 00:00:00,101.5,,0.27,124.3,99.7,100.05,99.91,99.9,128.09,98.7,98.5,93.97,1.0036,97.23,254.3,102.1,250.5
2016-12-01 00:00:00,100.0,,0.53,123.5,101.47,101.52,101.02,101.5,127.46,101.8,98.8,93.43,1.0033,96.63,252.8,102.8,249.92
2016-11-01 00:00:00,,,0.35,124.0,101.04,101.14,100.67,100.7,127.35,101.4,98.9,93.01,1.0038,96.51,251.9,102.4,249.48
2016-10-01 00:00:00,,,0.35,124.5,101.62,101.52,100.81,102.0,127.0,101.8,99.0,92.8,1.0039,96.6,249.84,102.2,249.14
2016-09-01 00:00:00,,,0.16,124.3,101.51,101.4,100.9,102.0,126.36,101.6,98.8,92.54,1.0051,96.64,245.89,102.1,248.84
2016-08-01 00:00:00,,,0.54,123.8,101.04,101.02,101.22,102.2,125.59,99.1,98.8,92.11,1.004,96.71,245.55,101.8,248.42
2016-07-01 00:00:00,,,0.41,123.8,100.8,100.82,100.56,102.2,125.14,99.3,98.7,91.93,1.0034,96.53,245.61,101.5,247.83
2016-06-01 00:00:00,,,0.29,123.9,101.37,101.23,101.01,101.2,124.59,101.7,98.9,91.77,1.0041,96.32,245.3,101.5,247.54
2016-05-01 00:00:00,,,0.5,123.8,101.32,101.16,100.9,101.2,124.22,101.6,98.9,91.54,1.0045,96.3,244.71,101.4,247.14
2016-04-01 00:00:00,,,0.43,123.3,101.02,100.91,100.76,100.5,123.66,101.5,98.9,91.35,1.005,96.07,241.42,101.2,246.55
2016-03-01 00:00:00,,,0.42,123.1,100.8,100.73,100.65,100.6,122.84,100.9,98.6,91.14,1.0062,95.9,236.83,101.1,245.91
2016-02-01 00:00:00,,,1.0,122.3,99.24,99.52,99.78,99.6,122.64,97.8,98.4,90.82,1.0066,95.78,235.86,100.6,245.51
2016-01-01 00:00:00,,,0.62,121.6,98.84,99.16,99.23,99.0,121.97,98.2,98.3,90.5,1.0082,95.56,235.99,100.3,244.96
2015-12-01 00:00:00,,,0.86,121.3,100.61,100.62,100.58,100.2,121.55,101.1,98.7,90.32,1.0056,95.11,235.21,101.0,244.55
2015-11-01 00:00:00,,,0.59,121.9,100.25,100.31,100.02,99.6,121.41,101.0,98.7,90.04,1.0057,94.9,235.48,100.7,244.24
2015-10-01 00:00:00,,,0.63,122.2,100.87,100.77,100.2,101.0,121.05,101.6,98.7,90.01,1.0069,94.85,233.4,100.6,243.77
2015-09-01 00:00:00,,,0.55,121.9,100.71,100.6,100.21,101.0,120.5,101.2,98.6,89.79,1.008,94.75,228.34,100.4,243.32
2015-08-01 00:00:00,,,0.33,121.5,100.24,100.24,100.74,101.2,120.07,98.7,98.4,89.46,1.0078,94.97,226.5,100.3,242.82
2015-07-01 00:00:00,,,0.41,121.3,99.93,99.97,99.96,100.9,119.65,98.8,98.2,89.28,1.0038,94.78,225.96,100.0,242.57
2015-06-01 00:00:00,,,0.68,121.3,100.57,100.41,100.36,100.2,119.29,101.2,98.2,89.12,1.0044,94.35,225.72,99.9,242.06
2015-05-01 00:00:00,,,0.31,121.3,100.52,100.36,100.33,100.2,,101.0,98.2,88.94,1.0055,94.38,224.97,99.9,241.69
2015-04-01 00:00:00,,,0.61,121.0,100.3,100.16,100.13,99.9,117.79,100.9,98.1,88.83,1.008,94.19,220.65,99.7,241.35
2015-03-01 00:00:00,,,0.57,121.0,99.77,99.7,99.98,99.3,117.37,100.1,97.7,88.7,1.0147,94.14,216.27,99.4,240.76
2015-02-01 00:00:00,,,0.91,120.3,98.38,98.66,99.1,98.7,116.69,97.3,97.4,88.46,1.0235,94.0,214.96,99.3,240.17
2015-01-01 00:00:00,,,0.64,119.5,97.87,98.2,98.38,97.9,116.44,97.3,97.4,88.16,1.0352,93.88,215.26,98.9,239.81
2014-12-01 00:00:00,,,0.87,119.3,99.7,99.68,99.75,99.2,115.86,100.6,97.6,88.19,1.0255,92.66,214.79,99.5,239.58
2014-11-01 00:00:00,,,0.31,119.8,99.35,99.38,99.29,98.5,115.92,100.3,97.6,87.99,1.0102,92.54,215.61,99.3,239.46
2014-10-01 00:00:00,,,0.42,120.2,99.42,99.46,99.44,98.3,115.74,100.6,97.7,87.85,1.008,92.56,214.29,99.4,239.19
2014-09-01 00:00:00,,,0.58,119.7,99.42,99.41,99.53,98.5,,100.3,97.5,87.7,1.0086,92.51,210.97,99.2,238.79
2014-08-01 00:00:00,,,0.38,119.4,98.87,99.0,100.14,98.7,,97.7,97.5,87.44,1.0064,92.59,210.38,99.1,238.4
2014-07-01 00:00:00,,,0.01,118.9,98.55,98.69,99.2,98.4,,97.8,97.4,87.26,1.0062,92.46,210.56,98.6,238.2
2014-06-01 00:00:00,,,0.73,119.1,99.38,99.35,99.63,98.0,,100.5,97.4,87.1,1.0077,92.29,209.95,98.9,237.84
2014-05-01 00:00:00,,,0.42,119.1,99.25,99.21,99.64,97.6,,100.4,97.4,86.91,1.0085,92.32,209.31,98.7,237.53
2014-04-01 00:00:00,,,0.41,118.8,99.38,99.3,99.59,97.8,,100.6,97.3,86.83,1.0087,92.1,206.21,98.7,237.07
2014-03-01 00:00:00,,,0.88,118.6,99.13,99.01,99.58,98.2,,99.6,95.3,86.58,1.0082,91.97,201.93,98.2,236.62
2014-02-01 00:00:00,,,0.92,118.2,97.71,97.9,98.81,97.7,,96.4,95.0,86.39,1.0049,91.79,199.54,97.9,236.18
2014-01-01 00:00:00,,,0.52,117.3,97.25,97.45,97.97,97.0,,96.8,94.9,86.15,1.0039,91.64,198.15,97.4,235.96
2013-12-01 00:00:00,,,0.96,117.1,98.96,98.89,99.05,98.0,,99.9,95.2,85.42,1.0039,91.38,197.54,98.1,235.76
2013-11-01 00:00:00,,,0.6,117.5,98.69,98.67,98.63,97.6,,99.7,95.2,85.14,1.0058,91.32,197.76,98.0,235.36
2013-10-01 00:00:00,,,0.6,117.8,98.72,98.68,98.63,97.2,,100.1,95.2,85.03,1.0061,91.09,196.53,97.8,234.92
2013-09-01 00:00:00,,,0.52,117.5,98.67,98.58,98.65,97.4,,99.8,94.9,84.86,1.0067,90.99,193.1,97.7,234.7
2013-08-01 00:00:00,,,0.45,117.1,97.95,97.99,98.91,97.5,,97.3,94.9,84.59,1.0051,90.71,191.82,97.3,234.34
2013-07-01 00:00:00,,,0.35,117.1,97.78,97.8,98.32,97.3,,97.3,94.8,84.51,1.0033,90.75,191.86,97.0,233.88
2013-06-01 00:00:00,,,0.38,117.2,98.63,98.43,98.74,96.9,,99.8,94.8,84.49,1.0029,90.74,191.47,97.1,233.35
2013-05-01 00:00:00,,,0.48,117.3,98.58,98.43,98.6,96.8,,99.6,94.8,84.38,1.0033,90.68,190.68,97.2,233.0
2013-04-01 00:00:00,,,0.45,117.2,98.39,98.24,98.39,96.5,,99.5,94.8,84.21,1.0043,90.34,187.91,96.9,232.83
2013-03-01 00:00:00,,,0.31,117.2,98.42,98.2,98.49,97.4,,98.8,94.5,84.14,1.0039,90.4,184.72,96.8,232.79
2013-02-01 00:00:00,,,1.0,116.9,96.76,96.9,97.44,96.6,,95.6,94.2,83.89,1.004,90.53,184.02,96.4,232.57
2013-01-01 00:00:00,,,0.87,115.9,96.46,96.58,97.22,95.8,,95.9,94.2,83.47,1.005,90.3,184.17,95.9,232.23
2012-12-01 00:00:00,,,0.88,116.0,98.26,98.04,98.24,97.3,,99.0,94.5,83.11,1.0042,89.94,184.48,96.6,231.73
2012-11-01 00:00:00,,,0.64,116.7,97.76,97.66,97.68,96.1,,98.6,94.7,83.01,1.0048,89.8,184.44,96.4,231.33
2012-10-01 00:00:00,,,0.48,116.7,97.9,97.75,97.78,96.3,,98.9,94.9,82.97,1.0058,89.66,182.84,96.3,231.02
2012-09-01 00:00:00,,,0.39,116.4,97.67,97.45,97.91,96.1,,98.6,94.9,82.78,1.006,89.62,180.54,95.8,230.66
2012-08-01 00:00:00,,,0.4,116.0,96.89,96.82,98.28,96.3,,96.1,94.9,82.64,1.006,89.54,180.33,95.6,230.23
2012-07-01 00:00:00,,,0.43,115.8,96.73,96.64,97.63,96.2,,96.4,94.9,82.45,1.0052,89.39,180.84,95.2,229.97
2012-06-01 00:00:00,,,-0.09,116.2,97.49,97.17,98.24,95.8,,98.5,95.0,82.19,1.0036,89.38,181.36,95.1,229.62
2012-05-01 00:00:00,,,0.26,116.7,97.43,97.17,97.99,95.8,,98.3,95.2,82.02,1.0021,89.29,180.63,95.3,229.22
2012-04-01 00:00:00,,,0.71,116.6,97.44,97.15,97.92,95.8,,98.3,95.3,81.8,1.0036,89.02,178.22,95.2,228.9
2012-03-01 00:00:00,,,0.22,116.1,96.98,96.69,97.69,95.7,,97.4,95.2,81.68,1.0049,89.05,174.59,94.8,228.48
2012-02-01 00:00:00,,,0.65,115.6,95.53,95.56,96.74,95.5,,94.3,94.9,81.48,1.004,89.31,173.9,94.5,228.03
2012-01-01 00:00:00,,,0.57,115.2,95.19,95.2,96.37,94.8,,94.3,94.8,81.13,1.0049,88.97,174.21,94.1,227.88
2011-12-01 00:00:00,,,0.49,115.0,96.82,96.5,97.27,95.9,,97.4,95.0,80.77,1.0043,88.76,174.35,94.6,227.4
2011-11-01 00:00:00,,,0.45,115.7,96.39,96.11,96.72,94.9,,97.2,95.1,80.36,1.005,88.59,174.45,94.2,226.9
2011-10-01 00:00:00,,,0.43,115.6,96.49,96.14,96.59,95.1,,97.5,95.4,80.11,1.0054,88.42,172.31,94.1,226.51
2011-09-01 00:00:00,,,0.44,115.5,96.23,95.91,96.47,95.0,,96.8,95.4,79.9,1.0049,88.42,169.24,94.0,226.12
2011-08-01 00:00:00,,,0.45,114.7,95.43,95.26,96.66,95.2,,94.3,95.3,79.69,1.0041,88.5,168.27,93.8,225.86
2011-07-01 00:00:00,,,0.4,114.3,95.11,94.92,95.89,95.0,,93.9,95.3,79.59,1.0036,88.33,168.23,93.3,225.22
2011-06-01 00:00:00,,,0.5,114.3,96.0,95.57,96.54,94.5,,96.4,95.4,79.41,1.0032,88.16,168.82,93.3,224.7
2011-05-01 00:00:00,,,0.43,115.0,95.92,95.54,96.42,94.4,,96.1,95.6,79.26,1.0038,87.99,167.77,93.4,224.18
2011-04-01 00:00:00,,,0.58,114.4,95.94,95.52,96.36,94.6,,96.1,95.6,79.12,1.0053,87.65,164.65,93.4,223.73
2011-03-01 00:00:00,,,0.69,114.4,95.45,95.02,96.07,94.4,,95.0,95.4,79.06,1.0069,87.47,161.79,92.7,223.45
2011-02-01 00:00:00,,,1.23,113.7,94.1,93.96,95.4,94.1,,92.4,95.3,78.82,1.0072,87.22,160.84,92.4,223.21
2011-01-01 00:00:00,,,0.66,113.4,93.77,93.59,94.94,93.6,,92.4,95.3,78.51,1.0106,86.87,160.68,91.9,222.8
2010-12-01 00:00:00,,,0.71,113.5,95.27,94.74,95.73,94.8,,95.0,95.7,78.15,1.0074,86.44,161.26,92.1,222.34
2010-11-01 00:00:00,,,0.57,113.9,94.88,94.37,95.37,93.7,,94.7,95.8,77.82,1.0071,86.19,161.26,91.6,222.15
2010-10-01 00:00:00,,,0.55,113.9,94.97,94.41,95.52,93.9,,94.9,96.0,77.63,1.0075,86.19,160.04,91.4,221.83
2010-09-01 00:00:00,,,0.34,113.4,94.69,94.17,95.53,93.7,,94.0,95.7,77.48,1.0113,86.19,158.22,91.3,221.71
2010-08-01 00:00:00,,,0.24,113.0,94.3,93.85,95.64,94.0,,93.2,95.7,77.2,1.0074,86.1,158.46,91.3,221.51
2010-07-01 00:00:00,,,0.2,113.0,93.98,93.52,95.1,93.8,,92.9,95.7,77.13,1.0035,85.93,159.56,90.8,221.36
2010-06-01 00:00:00,,,0.4,112.7,94.54,93.97,95.41,93.3,,94.2,96.1,76.97,1.0017,85.76,160.37,91.0,221.19
2010-05-01 00:00:00,,,0.62,112.8,94.52,93.89,95.31,93.3,,94.1,96.2,76.86,1.0013,85.67,160.21,90.8,220.96
2010-04-01 00:00:00,,,0.43,112.5,94.42,93.76,95.2,93.1,,94.1,96.4,76.68,1.0023,85.5,157.68,90.6,220.82
2010-03-01 00:00:00,,,0.46,112.1,94.22,93.53,95.19,93.5,,93.0,96.6,76.6,1.0047,85.41,155.91,90.2,220.78
2010-02-01 00:00:00,,,0.86,112.4,93.18,92.7,94.8,93.4,,91.3,96.4,76.33,1.0047,85.41,154.98,89.9,220.73
2010-01-01 00:00:00,,,0.58,111.6,92.77,92.33,94.02,92.8,,91.3,96.6,76.02,1.0054,85.24,155.73,89.6,220.63
2009-12-01 00:00:00,,,0.44,111.7,94.28,93.49,94.83,94.2,,93.4,97.0,75.45,1.0036,85.03,156.58,90.0,220.88
2009-11-01 00:00:00,,,0.42,112.2,93.82,93.1,94.41,92.9,,93.2,97.2,75.1,1.0031,84.88,157.27,89.7,220.67
2009-10-01 00:00:00,,,0.33,112.0,93.9,93.14,94.51,93.3,,93.2,97.3,75.0,1.0027,84.65,156.13,89.6,220.5
2009-09-01 00:00:00,,,0.35,111.8,93.58,92.87,94.53,93.2,,92.5,97.4,74.75,1.005,84.65,152.58,89.6,219.92
2009-08-01 00:00:00,,,0.29,111.5,93.39,92.69,94.85,93.5,,91.5,97.3,74.46,1.0047,84.5,152.04,89.6,219.5
2009-07-01 00:00:00,,,0.23,111.5,93.07,92.37,94.14,93.3,,91.3,97.3,74.35,1.003,84.43,152.69,89.2,219.26
2009-06-01 00:00:00,,,0.32,111.7,93.6,92.72,94.54,92.8,,92.7,97.5,74.12,1.003,84.35,152.81,89.2,219.11
2009-05-01 00:00:00,,,0.56,111.7,93.64,92.7,94.54,92.8,,92.7,97.6,73.93,1.0045,84.2,151.92,89.1,218.9
2009-04-01 00:00:00,,,0.58,111.2,93.61,92.57,94.37,92.9,,92.5,97.6,73.79,1.0084,83.9,149.25,88.8,218.71
2009-03-01 00:00:00,,,0.25,111.1,93.15,92.17,94.18,92.8,,91.6,97.6,73.47,1.0136,83.97,147.91,88.5,218.25
2009-02-01 00:00:00,,,0.88,110.8,92.48,91.59,93.69,92.8,,90.1,97.4,73.1,1.0163,83.6,148.95,88.2,217.79
2009-01-01 00:00:00,,,0.27,110.3,92.03,91.12,93.21,92.0,,89.9,97.6,72.76,1.0126,83.22,149.98,87.8,217.35
2008-12-01 00:00:00,,,0.33,111.0,93.25,92.07,93.7,93.1,,91.9,98.1,72.44,1.008,83.22,150.79,88.3,216.93
2008-11-01 00:00:00,,,0.36,111.3,92.85,91.84,93.46,92.0,,91.7,98.2,72.03,1.0106,82.92,151.35,88.5,216.95
2008-10-01 00:00:00,,,0.51,110.6,92.82,91.8,93.46,92.0,,91.8,98.3,71.7,1.0132,82.61,149.97,88.3,216.79
2008-09-01 00:00:00,,,0.62,110.8,92.45,91.52,93.32,92.0,,91.0,98.2,71.5,1.0135,82.54,147.6,88.3,216.71
2008-08-01 00:00:00,,,0.5,110.5,92.18,91.25,93.35,92.2,,90.3,98.0,71.08,1.0099,82.24,146.53,88.2,216.39
2008-07-01 00:00:00,,,0.39,110.4,91.87,90.93,92.75,92.0,,90.1,97.8,70.79,1.0083,82.24,147.13,87.8,215.96
2008-06-01 00:00:00,,,0.55,110.3,92.31,91.28,93.15,91.5,,91.2,97.8,70.51,1.0094,81.86,148.39,87.9,215.42
2008-05-01 00:00:00,,,0.68,110.3,92.22,91.15,93.06,91.4,,91.0,97.7,70.18,1.0112,81.71,147.25,87.6,214.94
2008-04-01 00:00:00,,,0.53,109.9,91.98,90.91,92.95,91.2,,90.7,97.5,69.85,1.0126,81.4,143.32,87.3,214.56
2008-03-01 00:00:00,,,0.36,109.6,91.82,90.7,92.74,91.7,,90.3,97.2,69.57,1.0111,81.25,140.13,86.9,214.42
2008-02-01 00:00:00,,,0.69,109.4,90.95,89.98,92.1,91.5,,88.6,96.8,69.23,1.0099,80.35,138.93,86.6,213.94
2008-01-01 00:00:00,,,0.4,109.0,90.58,89.62,91.8,90.9,,88.5,96.9,68.94,1.0107,80.04,139.7,86.4,213.77
2007-12-01 00:00:00,,,0.59,109.4,91.56,90.4,92.23,91.9,,89.9,97.3,68.64,1.0085,79.66,140.97,87.0,213.17
2007-11-01 00:00:00,,,0.37,109.6,91.13,90.01,91.91,90.9,,89.7,97.2,68.38,1.0109,79.51,140.94,86.6,212.66
2007-10-01 00:00:00,,,0.4,109.6,91.06,89.94,91.76,90.9,,89.6,97.2,68.22,1.0208,79.44,139.65,86.5,212.08
2007-09-01 00:00:00,,,0.25,109.7,90.75,89.64,91.67,90.9,,89.0,97.1,68.0,1.0161,79.29,137.5,86.3,211.55
2007-08-01 00:00:00,,,0.35,109.2,90.47,89.4,91.7,90.9,,88.2,97.0,67.68,1.0107,79.29,136.8,86.3,211.12
2007-07-01 00:00:00,,,0.08,109.1,90.33,89.23,91.2,91.0,,88.4,96.9,67.5,1.009,79.21,138.1,85.9,210.77
2007-06-01 00:00:00,,,0.22,109.0,90.68,89.55,91.49,90.5,,89.2,97.0,67.29,1.0043,79.06,139.5,86.2,210.39
2007-05-01 00:00:00,,,0.33,109.0,90.65,89.47,91.45,90.4,,89.1,97.1,67.1,1.003,79.06,138.52,86.0,210.06
2007-04-01 00:00:00,,,0.29,108.7,90.49,89.3,91.3,90.2,,88.8,97.0,66.97,1.0053,78.99,136.0,85.8,209.75
2007-03-01 00:00:00,,,0.23,108.5,90.02,88.9,90.98,90.1,,88.1,96.8,66.84,1.0052,78.83,133.71,85.5,209.42
2007-02-01 00:00:00,,,0.52,108.0,89.38,88.36,90.54,90.0,,86.8,96.5,66.64,1.0051,78.23,133.15,85.2,209.13
2007-01-01 00:00:00,,,0.42,107.6,89.03,88.02,90.21,89.6,,86.7,96.7,66.39,1.0063,77.85,133.75,84.9,208.6
2006-12-01 00:00:00,,,0.35,107.6,89.85,88.74,90.7,90.1,,88.1,97.2,66.08,1.0069,77.62,134.52,85.5,208.1
2006-11-01 00:00:00,,,0.23,107.7,89.43,88.35,90.35,89.0,,88.0,97.2,65.82,1.0061,77.55,134.55,85.1,207.8
2006-10-01 00:00:00,,,0.29,107.5,89.4,88.3,90.28,89.2,,87.9,97.3,65.65,1.0052,77.4,133.63,84.9,207.6
2006-09-01 00:00:00,,,0.23,107.4,89.11,88.04,90.22,89.1,,87.5,97.3,65.5,1.0076,77.4,130.99,84.8,207.2
2006-08-01 00:00:00,,,0.13,106.8,88.77,87.71,90.26,89.2,,86.6,97.1,65.14,1.0062,77.25,129.06,84.6,206.8
2006-07-01 00:00:00,,,0.14,106.5,88.67,87.56,89.8,89.2,,86.9,97.1,65.03,1.0054,77.25,129.07,84.3,206.3
2006-06-01 00:00:00,,,-0.16,106.7,89.0,87.84,90.08,88.8,,87.6,97.2,64.86,1.003,77.09,128.9,84.4,205.9
2006-05-01 00:00:00,,,-0.03,107.0,88.93,87.76,90.0,88.7,,87.5,97.2,64.66,1.0036,77.17,127.19,84.2,205.4
2006-04-01 00:00:00,,,0.22,106.6,88.81,87.65,89.82,88.6,,87.3,97.1,64.58,1.0043,76.94,123.94,84.1,204.8
2006-03-01 00:00:00,,,0.53,106.6,88.37,87.26,89.61,88.6,,86.5,96.9,64.36,1.0072,76.87,121.68,83.8,204.3
2006-02-01 00:00:00,,,0.71,106.1,87.75,86.76,89.14,88.6,,85.1,96.6,64.11,1.012,76.34,122.13,83.6,203.6
2006-01-01 00:00:00,,,0.87,105.8,87.53,86.54,88.8,88.2,,85.5,96.8,63.9,1.0083,76.11,123.49,83.4,203.2
2005-12-01 00:00:00,,,0.3,106.0,88.49,87.37,89.2,89.4,,86.7,97.4,63.76,1.0058,75.96,123.86,83.8,202.8
2005-11-01 00:00:00,,,0.27,106.1,88.09,87.04,88.97,88.3,,86.6,97.3,63.58,1.006,75.81,123.56,83.5,202.5
2005-10-01 00:00:00,,,0.38,105.6,88.06,87.02,88.99,88.5,,86.4,97.6,63.45,1.0069,75.74,122.47,83.4,202.0
2005-09-01 00:00:00,,,0.3,105.7,87.81,86.79,89.06,88.4,,86.0,97.6,63.3,1.0081,75.74,120.28,83.3,201.3
2005-08-01 00:00:00,,,0.26,105.3,87.58,86.59,88.92,88.6,,85.4,97.4,62.99,1.0049,75.74,119.64,83.3,201.1
2005-07-01 00:00:00,,,0.37,105.1,87.4,86.43,88.38,88.5,,85.7,97.4,62.91,1.0052,75.58,119.83,83.1,200.9
2005-06-01 00:00:00,,,0.36,105.2,87.73,86.67,88.74,88.2,,86.2,97.6,62.78,1.0045,75.58,120.81,83.0,200.6
2005-05-01 00:00:00,,,0.57,105.1,87.75,86.68,88.72,88.3,,86.1,97.7,62.62,1.0061,75.58,119.63,82.9,200.5
2005-04-01 00:00:00,,,0.71,104.8,87.5,86.45,88.59,88.0,,85.8,97.6,62.5,1.0089,75.58,117.11,82.7,200.2
2005-03-01 00:00:00,,,0.41,105.1,87.23,86.17,88.47,88.2,,85.1,97.5,62.38,1.0081,75.51,115.25,82.4,200.1
2005-02-01 00:00:00,,,0.93,104.7,86.67,85.7,88.08,88.1,,83.8,97.2,62.21,1.0072,75.13,115.26,82.1,199.4
2005-01-01 00:00:00,,,0.56,104.3,86.47,85.53,87.54,87.9,,84.1,97.4,61.97,1.0087,74.98,115.94,82.0,199.0
2004-12-01 00:00:00,,,0.67,104.6,87.31,86.25,88.05,88.8,,85.2,97.9,61.74,1.0103,74.39,115.28,82.4,198.6
2004-11-01 00:00:00,,,0.57,104.6,86.91,85.88,87.83,87.7,,85.1,97.8,61.56,1.011,74.13,115.05,82.0,198.3
2004-10-01 00:00:00,,,0.55,104.1,86.87,85.84,87.84,87.8,,84.9,98.1,61.42,1.0126,74.19,113.49,81.9,197.9
2004-09-01 00:00:00,,,0.41,104.1,86.68,85.65,87.81,87.9,,84.5,98.1,61.24,1.0089,74.19,111.33,81.7,197.5
2004-08-01 00:00:00,,,0.56,103.8,86.48,85.46,87.76,88.2,,83.8,98.0,60.89,1.0068,74.19,109.99,81.7,196.9
2004-07-01 00:00:00,,,0.46,104.0,86.28,85.29,87.33,88.1,,84.1,97.9,60.72,1.0081,74.13,109.37,81.5,196.8
2004-06-01 00:00:00,,,0.53,103.8,86.53,85.51,87.36,87.8,,84.4,98.1,60.62,1.0045,73.86,109.2,81.7,196.6
2004-05-01 00:00:00,,,0.7,103.9,86.39,85.4,87.32,87.6,,84.2,98.1,60.46,1.0061,73.8,108.27,81.6,196.2
2004-04-01 00:00:00,,,0.72,103.6,86.31,85.25,87.17,87.6,,84.0,98.1,60.32,1.0082,73.73,106.87,81.5,195.9
2004-03-01 00:00:00,,,0.85,103.5,85.88,84.86,86.98,87.5,,83.3,97.9,60.12,1.0067,73.67,106.09,81.1,195.5
2004-02-01 00:00:00,,,1.0,103.2,85.44,84.48,86.75,87.5,,82.3,97.7,59.9,1.0077,73.08,106.2,81.0,194.9
2004-01-01 00:00:00,,,0.64,103.1,85.13,84.21,86.11,87.2,,82.5,97.7,59.63,1.0089,73.01,105.89,80.8,194.6
2003-12-01 00:00:00,,,0.63,103.2,85.7,84.77,86.53,87.4,,83.3,98.4,59.4,1.0098,72.82,105.03,81.2,194.2
2003-11-01 00:00:00,,,0.38,103.3,85.32,84.43,86.31,86.4,,83.3,98.3,59.23,1.0111,72.42,104.88,81.0,194.0
2003-10-01 00:00:00,,,0.37,103.0,85.29,84.41,86.43,86.5,,83.0,98.5,59.08,1.0143,72.49,104.01,81.0,194.0
2003-09-01 00:00:00,,,0.37,102.9,85.11,84.24,86.28,86.7,,82.7,98.4,58.95,1.0111,72.49,102.97,80.9,193.7
2003-08-01 00:00:00,,,0.37,102.6,84.84,83.95,85.96,86.8,,82.1,98.4,58.67,1.0074,72.29,101.0,80.8,193.6
2003-07-01 00:00:00,,,0.37,102.4,84.72,83.81,85.69,86.7,,82.4,98.3,58.46,1.0066,72.23,100.23,80.6,193.4
2003-06-01 00:00:00,,,0.52,102.3,84.93,84.01,85.85,86.4,,82.6,98.3,58.38,1.0063,72.29,99.87,80.7,193.0
2003-05-01 00:00:00,,,0.56,102.5,84.85,83.97,85.75,86.2,,82.5,98.4,58.32,1.0057,72.23,98.8,80.8,192.9
2003-04-01 00:00:00,,,0.81,102.3,84.75,83.88,85.56,86.3,,82.3,98.2,58.16,1.0063,72.16,97.49,80.7,192.5
2003-03-01 00:00:00,,,1.13,102.3,84.39,83.54,85.44,86.3,,81.7,98.0,57.97,1.0068,71.96,96.01,80.2,192.5
2003-02-01 00:00:00,,,0.99,102.1,83.91,83.1,85.18,86.3,,80.5,97.7,57.73,1.0088,71.25,95.24,80.0,192.5
2003-01-01 00:00:00,,,1.38,101.5,83.7,82.89,84.59,86.0,,81.0,97.8,57.45,1.012,71.05,94.47,79.8,192.4
2002-12-01 00:00:00,,,1.66,101.5,84.36,83.57,84.99,86.9,,81.5,98.5,57.19,,70.79,38.48,80.4,192.1
2002-11-01 00:00:00,,,1.17,101.4,83.92,83.14,84.82,85.8,,81.4,98.5,57.08,,70.59,38.18,80.1,191.9
2002-10-01 00:00:00,,,0.74,101.2,83.83,83.07,84.81,85.9,,81.1,98.5,56.97,,70.46,37.34,80.1,191.5
2002-09-01 00:00:00,,,0.61,101.0,83.63,82.86,84.74,86.0,,80.7,98.6,56.83,,70.26,36.2,79.9,191.3
2002-08-01 00:00:00,,,0.4,100.9,83.45,82.66,84.66,86.2,,80.1,98.5,56.46,,70.07,35.21,79.8,191.1
2002-07-01 00:00:00,,,0.49,100.6,83.37,82.54,84.41,86.4,,80.4,98.5,56.27,,69.94,34.23,79.5,190.5
2002-06-01 00:00:00,,,0.16,100.0,83.44,82.66,84.34,85.9,,80.4,98.7,56.19,,69.87,33.5,79.8,190.2
2002-05-01 00:00:00,,,0.52,99.6,83.35,82.57,84.29,85.8,,80.3,98.8,56.12,,69.87,32.91,79.7,190.0
2002-04-01 00:00:00,,,0.51,99.2,83.12,82.34,84.14,85.5,,80.0,98.7,56.02,,69.74,32.15,79.5,189.7
2002-03-01 00:00:00,,,0.43,98.7,82.87,82.08,83.9,85.8,,79.5,98.6,55.82,,69.41,31.15,79.0,189.2
2002-02-01 00:00:00,,,0.83,98.2,82.38,81.61,83.47,85.8,,78.6,98.3,55.6,,68.82,30.59,78.8,189.1
2002-01-01 00:00:00,,,0.49,97.6,82.17,81.42,83.3,85.4,,78.9,98.5,55.21,,68.63,30.33,78.6,188.7
2001-12-01 00:00:00,,,0.77,97.7,82.55,81.85,83.32,86.1,,79.0,99.0,54.93,,68.36,28.91,79.0,188.4
2001-11-01 00:00:00,,,0.6,97.8,82.04,81.39,83.07,84.8,,78.9,99.1,54.8,,68.17,28.33,78.8,188.1
2001-10-01 00:00:00,,,0.5,98.0,81.95,81.31,83.18,84.8,,78.7,99.2,54.67,,68.1,27.57,78.7,187.4
2001-09-01 00:00:00,,,0.23,98.1,81.69,81.13,83.06,84.9,,78.2,99.3,54.53,,68.1,26.34,78.8,187.1
2001-08-01 00:00:00,,,0.52,97.9,81.49,80.89,82.93,85.1,,77.8,99.3,54.12,,67.97,24.86,78.5,186.7
2001-07-01 00:00:00,,,0.6,97.8,81.41,80.74,82.6,85.2,,78.1,99.2,53.94,,67.84,23.97,78.1,186.4
2001-06-01 00:00:00,,,0.27,97.4,81.44,80.86,82.7,84.6,,78.2,99.4,53.86,,67.91,23.3,78.5,186.0
2001-05-01 00:00:00,,,0.38,97.3,81.29,80.72,82.62,84.4,,78.1,99.5,53.69,,67.84,22.36,78.4,185.3
2001-04-01 00:00:00,,,0.4,97.0,81.2,80.58,82.54,84.4,,77.8,99.5,53.49,,67.71,21.13,78.1,185.1
2001-03-01 00:00:00,,,0.28,96.6,80.81,80.17,82.26,84.3,,77.2,99.2,53.24,,67.51,19.31,77.6,184.7
2001-02-01 00:00:00,,,0.58,96.5,80.38,79.76,81.92,84.4,,76.3,99.1,52.92,,67.05,18.42,77.4,184.4
2001-01-01 00:00:00,,,0.37,96.0,80.27,79.63,81.78,84.1,,77.0,99.3,52.52,,66.79,18.18,77.2,183.9
2000-12-01 00:00:00,,,0.2,96.2,80.74,80.17,82.05,84.9,,77.1,99.9,52.14,,66.2,17.7,77.7,183.3
2000-11-01 00:00:00,,,0.13,96.2,,,81.93,83.6,,77.1,99.9,51.85,,66.01,17.38,77.6,183.1
2000-10-01 00:00:00,,,0.23,96.1,,,81.95,83.7,,76.8,100.0,51.52,,66.01,16.87,77.4,182.6
2000-09-01 00:00:00,,,0.23,96.0,,,81.9,83.8,,76.6,100.1,51.25,,65.94,16.39,77.4,182.3
2000-08-01 00:00:00,,,0.34,95.8,,,81.78,84.0,,76.6,100.2,50.86,,65.61,15.82,76.9,181.9
2000-07-01 00:00:00,,,0.26,95.7,,,81.5,84.2,,76.5,100.1,50.65,,65.48,15.42,76.7,181.5
2000-06-01 00:00:00,,,0.3,95.5,,,81.72,83.7,,76.4,100.4,50.48,,65.22,15.11,77.2,181.1
2000-05-01 00:00:00,,,0.2,95.3,,,81.59,83.5,,76.2,100.6,50.31,,65.16,14.76,77.2,180.7
2000-04-01 00:00:00,,,0.87,95.0,,,81.54,83.8,,76.0,100.4,50.09,,65.35,14.31,77.1,180.3
2000-03-01 00:00:00,,,0.05,95.0,,,81.59,83.7,,76.0,100.3,49.83,,65.29,13.82,76.8,180.0
2000-02-01 00:00:00,,,0.45,94.6,,,81.18,83.9,,75.9,100.1,49.51,,64.83,13.52,76.6,179.4
2000-01-01 00:00:00,,,0.56,94.2,,,81.19,83.9,,75.6,100.3,48.97,,64.7,13.26,76.4,179.3
1999-12-01 00:00:00,,,0.28,94.4,,,81.48,84.0,,75.5,100.8,48.34,,,12.5,77.0,178.7
1999-11-01 00:00:00,,,0.35,94.5,,,81.34,83.8,,,100.8,47.96,,,12.05,76.9,178.4
1999-10-01 00:00:00,,,1.05,94.7,,,81.46,83.7,,,100.9,47.65,,,11.57,76.7,178.1
1999-09-01 00:00:00,,,0.18,94.8,,,81.55,83.8,,,100.9,47.31,,,10.92,76.8,177.8
1999-08-01 00:00:00,,,0.26,94.4,,,81.5,84.2,,,100.6,46.74,,,10.32,76.5,177.3
1999-07-01 00:00:00,,,0.21,94.2,,,81.23,84.2,,,100.6,46.39,,,9.88,76.3,177.1
1999-06-01 00:00:00,,,0.25,94.1,,,81.57,83.7,,,100.9,46.09,,,9.5,76.7,176.6
1999-05-01 00:00:00,,,0.61,94.0,,,81.51,83.5,,,101.0,45.73,,,9.13,76.8,176.5
1999-04-01 00:00:00,,,0.61,93.8,,,81.52,83.4,,,100.9,45.29,,,8.75,76.6,176.3
1999-03-01 00:00:00,,,0.6,93.5,,,81.38,83.7,,,100.6,44.76,,,8.4,76.3,175.7
1999-02-01 00:00:00,,,0.25,93.1,,,81.08,83.7,,,100.3,44.06,,,8.13,76.0,175.6
1999-01-01 00:00:00,,,0.49,92.8,,,80.64,83.3,,,100.6,43.27,,,7.91,75.8,175.6
1998-12-01 00:00:00,,,0.0,92.8,,,81.19,83.6,,,100.9,42.26,,,7.56,76.3,175.4
1998-11-01 00:00:00,,,0.02,93.0,,,81.09,83.5,,,101.1,41.6,,,7.31,76.1,174.8
1998-10-01 00:00:00,,,0.06,93.2,,,81.19,83.5,,,101.0,41.13,,,7.0,75.9,174.4
1998-09-01 00:00:00,,,-0.15,93.0,,,81.22,83.6,,,100.8,40.57,,,6.63,75.9,174.2
1998-08-01 00:00:00,,,-0.16,93.0,,,81.07,83.9,,,100.5,39.8,,,6.24,75.4,174.0
1998-07-01 00:00:00,,,0.1,92.8,,,80.77,83.8,,,100.6,39.39,,,5.93,75.2,173.5
1998-06-01 00:00:00,,,0.0,92.6,,,81.07,83.4,,,100.8,39.09,,,5.64,75.6,173.2
1998-05-01 00:00:00,,,0.17,92.7,,,80.98,83.2,,,100.9,38.64,,,5.44,75.6,172.9
1998-04-01 00:00:00,,,0.01,92.5,,,80.97,82.9,,,100.9,38.22,,,5.21,75.4,172.5
1998-03-01 00:00:00,,,0.2,92.5,,,80.86,83.0,,,100.6,37.79,,,4.89,75.0,172.2
1998-02-01 00:00:00,,,0.34,92.3,,,80.57,83.1,,,100.2,37.38,,,4.69,74.7,171.9
1998-01-01 00:00:00,,,0.39,91.9,,,80.01,82.7,,,100.4,36.67,,,4.54,74.5,171.6
1997-12-01 00:00:00,,,0.13,91.5,,,80.5,82.8,,,100.9,35.98,,,4.3,75.0,171.2
1997-11-01 00:00:00,,,-0.08,91.7,,,80.37,82.6,,,101.0,35.54,,,4.1,74.8,170.8
1997-10-01 00:00:00,,,0.25,91.9,,,80.39,82.5,,,101.1,35.19,,,3.9,74.7,170.6
1997-09-01 00:00:00,,,0.09,91.8,,,80.55,82.7,,,100.9,34.87,,,3.6,74.6,170.2
1997-08-01 00:00:00,,,0.02,91.7,,,80.4,83.0,,,100.2,34.38,,,3.31,74.2,169.8
1997-07-01 00:00:00,,,0.26,91.6,,,80.14,82.9,,,100.3,34.1,,,3.13,73.9,169.7
1997-06-01 00:00:00,,,0.19,91.7,,,80.34,82.5,,,100.5,33.82,,,2.94,74.2,169.4
1997-05-01 00:00:00,,,0.6,91.4,,,80.35,82.3,,,100.6,33.47,,,2.85,74.2,169.2
1997-04-01 00:00:00,,,0.36,91.4,,,80.33,82.0,,,100.4,33.04,,,2.69,73.9,168.9
1997-03-01 00:00:00,,,0.2,91.3,,,80.28,82.4,,,98.5,32.63,,,2.57,73.5,168.4
1997-02-01 00:00:00,,,0.44,90.9,,,79.97,82.4,,,98.2,32.22,,,2.48,73.2,168.1
1997-01-01 00:00:00,,,0.85,90.8,,,79.49,81.9,,,98.3,31.67,,,2.39,73.0,167.8
1996-12-01 00:00:00,,,0.59,90.8,,,79.82,81.7,,,98.8,30.9,,,2.27,73.4,167.4
1996-11-01 00:00:00,,,0.5,90.8,,,79.77,81.4,,,98.9,30.25,,,2.17,73.3,167.2
1996-10-01 00:00:00,,,0.3,90.4,,,80.02,81.5,,,98.8,29.89,,,2.07,73.1,166.8
1996-09-01 00:00:00,,,0.43,90.4,,,79.9,81.7,,,98.7,29.55,,,1.94,72.9,166.5
1996-08-01 00:00:00,,,0.63,90.3,,,79.71,81.8,,,98.2,29.05,,,1.8,72.5,166.0
1996-07-01 00:00:00,,,0.93,90.2,,,79.66,81.8,,,98.4,28.66,,,1.74,72.2,165.7
1996-06-01 00:00:00,,,0.92,89.8,,,79.84,81.5,,,98.6,28.24,,,1.69,72.5,165.4
1996-05-01 00:00:00,,,1.47,90.0,,,79.8,81.3,,,98.6,27.76,,,1.63,72.4,165.0
1996-04-01 00:00:00,,,0.9,89.8,,,79.72,81.0,,,98.5,27.26,,,1.54,72.1,164.6
1996-03-01 00:00:00,,,0.51,89.7,,,79.66,81.3,,,98.1,26.53,,,1.44,71.7,164.4
1996-02-01 00:00:00,,,0.75,89.5,,,79.16,81.3,,,97.9,25.93,,,1.39,71.4,164.0
1996-01-01 00:00:00,,,1.4,89.3,,,78.84,80.8,,,97.9,25.33,,,1.34,71.1,163.7
1995-12-01 00:00:00,,,,89.2,,,,,,,98.4,24.53,,,,71.4,163.1
1995-11-01 00:00:00,,,,89.5,,,,,,,98.4,23.86,,,,71.2,163.0
1995-10-01 00:00:00,,,,89.2,,,,,,,98.5,23.384,,,,71.1,162.7
1995-09-01 00:00:00,,,,89.3,,,,,,,98.3,22.982,,,,71.0,162.2
1995-08-01 00:00:00,,,,89.1,,,,,,,97.8,22.457,,,,70.6,161.8
1995-07-01 00:00:00,,,,88.9,,,,,,,97.9,22.046,,,,70.4,161.4
1995-06-01 00:00:00,,,,88.6,,,,,,,98.2,21.595,,,,70.6,161.1
1995-05-01 00:00:00,,,,88.6,,,,,,,98.3,20.883,,,,70.5,160.7
1995-04-01 00:00:00,,,,88.4,,,,,,,98.2,19.9,,,,70.3,160.4
1995-03-01 00:00:00,,,,88.4,,,,,,,97.8,18.498,,,,69.7,159.9
1995-02-01 00:00:00,,,,88.1,,,,,,,97.6,17.662,,,,69.5,159.4
1995-01-01 00:00:00,,,,87.8,,,,,,,97.8,16.89,,,,69.2,159.0
1994-12-01 00:00:00,,,,87.6,,,,,,,98.1,16.288,,,,69.5,158.3
1994-11-01 00:00:00,,,,87.4,,,,,,,98.2,16.163,,,,69.4,158.2
1994-10-01 00:00:00,,,,86.9,,,,,,,98.2,16.079,,,,69.2,157.8
1994-09-01 00:00:00,,,,87.0,,,,,,,98.1,15.998,,,,69.2,157.5
1994-08-01 00:00:00,,,,86.7,,,,,,,97.9,15.869,,,,69.0,157.1
1994-07-01 00:00:00,,,,86.6,,,,,,,98.0,15.79,,,,68.6,156.7
1994-06-01 00:00:00,,,,86.4,,,,,,,98.4,15.735,,,,69.0,156.4
1994-05-01 00:00:00,,,,86.3,,,,,,,98.5,15.653,,,,69.0,155.9
1994-04-01 00:00:00,,,,86.6,,,,,,,98.1,15.564,,,,68.9,155.5
1994-03-01 00:00:00,,,,86.6,,,,,,,97.5,15.467,,,,68.5,155.3
1994-02-01 00:00:00,,,,86.6,,,,,,,97.1,15.354,,,,68.3,154.8
1994-01-01 00:00:00,,,,87.5,,,,,,,97.2,15.226,,,,68.0,154.5
1993-12-01 00:00:00,,,,87.6,,,,,,,97.6,15.126,,,,68.2,154.3
1993-11-01 00:00:00,,,,87.8,,,,,,,97.6,15.07,,,,68.1,153.9
1993-10-01 00:00:00,,,,87.2,,,,,,,97.6,15.015,,,,68.1,153.4
1993-09-01 00:00:00,,,,87.2,,,,,,,97.4,14.927,,,,68.0,152.9
1993-08-01 00:00:00,,,,86.9,,,,,,,97.0,14.809,,,,67.7,152.8
1993-07-01 00:00:00,,,,86.7,,,,,,,97.1,14.714,,,,67.3,152.3
1993-06-01 00:00:00,,,,86.4,,,,,,,97.4,14.653,,,,67.5,152.1
1993-05-01 00:00:00,,,,86.4,,,,,,,97.3,14.591,,,,67.4,151.8
1993-04-01 00:00:00,,,,86.5,,,,,,,97.0,14.526,,,,67.3,151.4
1993-03-01 00:00:00,,,,86.5,,,,,,,96.4,14.43,,,,66.9,150.8
1993-02-01 00:00:00,,,,86.4,,,,,,,96.1,14.285,,,,66.7,150.6
1993-01-01 00:00:00,,,,86.1,,,,,,,96.1,14.127,,,,66.3,150.1
1992-12-01 00:00:00,,,,85.8,,,,,,,96.6,13.952,,,,66.6,149.6
1992-11-01 00:00:00,,,,85.9,,,,,,,96.6,13.816,,,,66.7,149.2
1992-10-01 00:00:00,,,,85.5,,,,,,,96.4,13.718,,,,66.6,148.8
1992-09-01 00:00:00,,,,85.3,,,,,,,96.2,13.627,,,,66.5,148.1
1992-08-01 00:00:00,,,,85.3,,,,,,,95.7,13.476,,,,66.2,147.9
1992-07-01 00:00:00,,,,85.2,,,,,,,95.8,13.36,,,,66.0,147.6
1992-06-01 00:00:00,,,,84.9,,,,,,,96.1,13.252,,,,66.1,147.1
1992-05-01 00:00:00,,,,84.9,,,,,,,96.0,13.121,,,,66.0,146.8
1992-04-01 00:00:00,,,,84.9,,,,,,,95.6,12.964,,,,65.6,146.3
1992-03-01 00:00:00,,,,84.9,,,,,,,94.7,12.844,,,,64.8,145.9
1992-02-01 00:00:00,,,,84.6,,,,,,,94.4,12.729,,,,64.6,145.4
1992-01-01 00:00:00,,,,84.3,,,,,,,94.3,12.59,,,,64.2,145.1
1991-12-01 00:00:00,,,,84.1,,,,,,,94.6,12.362,,,,64.5,144.7
1991-11-01 00:00:00,,,,84.4,,,,,,,94.4,12.147,,,,64.3,144.2
1991-10-01 00:00:00,,,,84.1,,,,,,,94.2,12.032,,,,64.2,143.7
1991-09-01 00:00:00,,,,83.9,,,,,,,93.9,11.868,,,,63.8,143.4
1991-08-01 00:00:00,,,,83.8,,,,,,,93.5,11.706,,,,63.4,142.9
1991-07-01 00:00:00,,,,83.6,,,,,,,93.6,11.6,,,,62.7,142.3
1991-06-01 00:00:00,,,,83.4,,,,,,,93.6,11.497,,,,62.8,141.8
1991-05-01 00:00:00,,,,83.3,,,,,,,93.5,11.39,,,,62.6,141.3
1991-04-01 00:00:00,,,,83.0,,,,,,,93.0,11.282,,,,62.1,140.9
1991-03-01 00:00:00,,,,83.0,,,,,,,92.4,11.16,,,,61.1,140.5
1991-02-01 00:00:00,,,,82.3,,,,,,,91.9,10.997,,,,60.7,140.2
1991-01-01 00:00:00,,,,81.9,,,,,,,92.1,10.788,,,,60.5,139.5
1990-12-01 00:00:00,,,,80.2,,,,,,,92.1,10.507,,,,60.6,138.6
1990-11-01 00:00:00,,,,80.2,,,,,,,91.9,10.217,,,,60.4,138.0
1990-10-01 00:00:00,,,,79.9,,,,,,,91.7,10.001,,,,60.0,137.6
1990-09-01 00:00:00,,,,79.4,,,,,,,91.4,9.843,,,,59.5,137.1
1990-08-01 00:00:00,,,,79.2,,,,,,,90.7,9.685,,,,59.0,136.6
1990-07-01 00:00:00,,,,78.9,,,,,,,90.7,9.513,,,,58.6,135.8
1990-06-01 00:00:00,,,,78.6,,,,,,,90.7,9.326,,,,58.5,135.1
1990-05-01 00:00:00,,,,78.4,,,,,,,90.7,9.098,,,,58.3,134.4
1990-04-01 00:00:00,,,,78.1,,,,,,,90.4,8.892,,,,57.7,134.0
1990-03-01 00:00:00,,,,78.0,,,,,,,89.7,8.721,,,,56.3,133.5
1990-02-01 00:00:00,,,,77.7,,,,,,,89.3,8.59,,,,56.0,132.7
1990-01-01 00:00:00,,,,77.3,,,,,,,89.5,8.435,,,,55.5,132.1
1989-12-01 00:00:00,,,,77.1,,,,,,,89.6,8.122,,,,55.4,131.6
1989-11-01 00:00:00,,,,77.0,,,,,,,89.5,7.892,,,,55.3,131.1
1989-10-01 00:00:00,,,,76.6,,,,,,,89.4,7.771,,,,55.1,130.6
1989-09-01 00:00:00,,,,76.3,,,,,,,89.2,7.635,,,,54.7,129.9
1989-08-01 00:00:00,,,,76.1,,,,,,,88.7,7.52,,,,54.3,129.5
1989-07-01 00:00:00,,,,75.9,,,,,,,88.8,7.434,,,,54.1,129.2
1989-06-01 00:00:00,,,,75.5,,,,,,,89.0,7.366,,,,54.1,128.8
1989-05-01 00:00:00,,,,75.1,,,,,,,88.9,7.298,,,,53.9,128.3
1989-04-01 00:00:00,,,,74.5,,,,,,,88.5,7.223,,,,53.5,127.8
1989-03-01 00:00:00,,,,74.3,,,,,,,86.8,7.136,,,,53.1,127.4
1989-02-01 00:00:00,,,,73.8,,,,,,,86.6,7.04,,,,52.8,126.9
1989-01-01 00:00:00,,,,73.3,,,,,,,86.6,6.901,,,,52.6,126.5
1988-12-01 00:00:00,,,,73.1,,,,,,,86.9,6.688,,,,52.5,126.0
1988-11-01 00:00:00,,,,73.0,,,,,,,86.8,6.566,,,,52.5,125.6
1988-10-01 00:00:00,,,,72.6,,,,,,,86.7,6.511,,,,52.2,125.2
1988-09-01 00:00:00,,,,72.1,,,,,,,86.4,6.47,,,,51.7,124.7
1988-08-01 00:00:00,,,,72.0,,,,,,,86.1,6.456,,,,51.4,124.0
1988-07-01 00:00:00,,,,71.7,,,,,,,86.2,6.392,,,,51.1,123.6
1988-06-01 00:00:00,,,,71.2,,,,,,,86.4,6.33,,,,51.0,123.2
1988-05-01 00:00:00,,,,71.2,,,,,,,86.3,6.244,,,,50.9,122.7
1988-04-01 00:00:00,,,,70.8,,,,,,,86.2,6.126,,,,50.6,122.3
1988-03-01 00:00:00,,,,70.6,,,,,,,85.7,5.954,,,,49.9,121.7
1988-02-01 00:00:00,,,,70.1,,,,,,,85.6,5.618,,,,49.7,121.2
1988-01-01 00:00:00,,,,69.5,,,,,,,85.7,5.089,,,,49.5,120.9
1987-12-01 00:00:00,,,,69.5,,,,,,,86.1,4.496,,,,,120.4
1987-11-01 00:00:00,,,,69.5,,,,,,,86.0,3.998,,,,,120.1
1987-10-01 00:00:00,,,,69.2,,,,,,,86.0,3.658,,,,,119.8
1987-09-01 00:00:00,,,,68.9,,,,,,,85.8,3.363,,,,,119.2
1987-08-01 00:00:00,,,,68.8,,,,,,,85.6,3.129,,,,,118.7
1987-07-01 00:00:00,,,,68.6,,,,,,,85.7,2.916,,,,,118.3
1987-06-01 00:00:00,,,,68.0,,,,,,,85.8,2.685,,,,,117.9
1987-05-01 00:00:00,,,,67.9,,,,,,,85.6,2.498,,,,,117.7
1987-04-01 00:00:00,,,,67.6,,,,,,,85.6,2.33,,,,,117.3
1987-03-01 00:00:00,,,,67.3,,,,,,,85.2,2.172,,,,,116.6
1987-02-01 00:00:00,,,,67.0,,,,,,,85.1,2.029,,,,,116.2
1987-01-01 00:00:00,,,,66.7,,,,,,,85.1,1.887,,,,,115.9
1986-12-01 00:00:00,,,,66.8,,,,,,,85.5,1.742,,,,,115.6
1986-11-01 00:00:00,,,,66.6,,,,,,,85.4,1.618,,,,,115.3
1986-10-01 00:00:00,,,,66.3,,,,,,,85.4,1.515,,,,,115.0
1986-09-01 00:00:00,,,,66.0,,,,,,,85.1,1.421,,,,,114.6
1986-08-01 00:00:00,,,,66.0,,,,,,,84.7,1.337,,,,,114.2
1986-07-01 00:00:00,,,,65.6,,,,,,,85.0,1.265,,,,,113.8
1986-06-01 00:00:00,,,,65.2,,,,,,,85.1,1.205,,,,,113.4
1986-05-01 00:00:00,,,,65.1,,,,,,,85.1,1.125,,,,,113.1
1986-04-01 00:00:00,,,,64.6,,,,,,,84.6,1.063,,,,,112.9
1986-03-01 00:00:00,,,,64.2,,,,,,,84.2,1.008,,,,,112.5
1986-02-01 00:00:00,,,,63.7,,,,,,,84.1,0.958,,,,,112.2
1986-01-01 00:00:00,,,,63.2,,,,,,,84.1,0.91,,,,,111.9
1985-12-01 00:00:00,,,,63.2,,,,,,,84.3,0.838,,,,,111.4
1985-11-01 00:00:00,,,,63.2,,,,,,,84.2,0.802,,,,,111.1
1985-10-01 00:00:00,,,,62.8,,,,,,,84.1,0.766,,,,,110.5
1985-09-01 00:00:00,,,,62.6,,,,,,,83.9,0.735,,,,,110.0
1985-08-01 00:00:00,,,,62.5,,,,,,,83.5,0.704,,,,,109.8
1985-07-01 00:00:00,,,,62.2,,,,,,,83.6,0.673,,,,,109.4
1985-06-01 00:00:00,,,,62.0,,,,,,,83.7,0.65,,,,,109.1
1985-05-01 00:00:00,,,,61.6,,,,,,,83.6,0.632,,,,,108.8
1985-04-01 00:00:00,,,,61.3,,,,,,,83.3,0.615,,,,,108.4
1985-03-01 00:00:00,,,,61.1,,,,,,,82.8,0.598,,,,,108.1
1985-02-01 00:00:00,,,,60.9,,,,,,,82.6,0.572,,,,,107.7
1985-01-01 00:00:00,,,,60.5,,,,,,,82.7,0.547,,,,,107.1
1984-12-01 00:00:00,,,,60.5,,,,,,,82.8,0.52,,,,,106.8
1984-11-01 00:00:00,,,,60.5,,,,,,,82.8,0.499,,,,,106.4
1984-10-01 00:00:00,,,,60.3,,,,,,,82.7,0.483,,,,,106.2
1984-09-01 00:00:00,,,,60.1,,,,,,,82.1,0.463,,,,,105.8
1984-08-01 00:00:00,,,,59.9,,,,,,,81.2,0.447,,,,,105.4
1984-07-01 00:00:00,,,,59.8,,,,,,,81.8,0.435,,,,,105.0
1984-06-01 00:00:00,,,,59.5,,,,,,,81.8,0.42,,,,,104.5
1984-05-01 00:00:00,,,,59.4,,,,,,,82.0,0.403,,,,,104.1
1984-04-01 00:00:00,,,,59.2,,,,,,,81.0,0.392,,,,,103.7
1984-03-01 00:00:00,,,,59.1,,,,,,,80.5,0.379,,,,,103.2
1984-02-01 00:00:00,,,,58.8,,,,,,,80.5,0.363,,,,,102.8
1984-01-01 00:00:00,,,,58.6,,,,,,,80.5,0.343,,,,,102.5
1983-12-01 00:00:00,,,,58.6,,,,,,,80.8,0.326,,,,,101.8
1983-11-01 00:00:00,,,,58.6,,,,,,,80.8,0.312,,,,,101.5
1983-10-01 00:00:00,,,,58.4,,,,,,,80.5,0.295,,,,,101.0
1983-09-01 00:00:00,,,,58.0,,,,,,,80.2,0.286,,,,,100.5
1983-08-01 00:00:00,,,,57.8,,,,,,,79.2,0.277,,,,,100.1
1983-07-01 00:00:00,,,,57.5,,,,,,,79.8,0.264,,,,,99.8
1983-06-01 00:00:00,,,,57.3,,,,,,,79.9,0.249,,,,,99.2
1983-05-01 00:00:00,,,,57.0,,,,,,,79.8,0.24,,,,,98.9
1983-04-01 00:00:00,,,,56.9,,,,,,,79.2,0.23,,,,,98.6
1983-03-01 00:00:00,,,,56.7,,,,,,,78.6,0.218,,,,,98.2
1983-02-01 00:00:00,,,,56.4,,,,,,,78.4,0.207,,,,,98.0
1983-01-01 00:00:00,,,,56.0,,,,,,,78.6,0.195,,,,,97.6
1982-12-01 00:00:00,,,,56.2,,,,,,,79.0,0.175,,,,,97.2
1982-11-01 00:00:00,,,,56.1,,,,,,,78.9,0.162,,,,,97.3
1982-10-01 00:00:00,,,,55.6,,,,,,,78.9,0.153,,,,,97.5
1982-09-01 00:00:00,,,,55.0,,,,,,,78.6,0.145,,,,,97.2
1982-08-01 00:00:00,,,,54.7,,,,,,,77.6,0.137,,,,,97.1
1982-07-01 00:00:00,,,,54.3,,,,,,,78.0,0.125,,,,,96.7
1982-06-01 00:00:00,,,,54.0,,,,,,,78.1,0.119,,,,,96.1
1982-05-01 00:00:00,,,,53.6,,,,,,,78.0,0.113,,,,,95.4
1982-04-01 00:00:00,,,,53.0,,,,,,,77.3,0.107,,,,,94.7
1982-03-01 00:00:00,,,,52.7,,,,,,,76.8,0.101,,,,,93.9
1982-02-01 00:00:00,,,,52.2,,,,,,,76.6,0.097,,,,,93.8
1982-01-01 00:00:00,,,,51.7,,,,,,,76.8,0.093,,,,,93.3
1981-12-01 00:00:00,,,,51.4,,,,,,,77.1,,,,,,93.0
1981-11-01 00:00:00,,,,51.2,,,,,,,76.9,,,,,,92.5
1981-10-01 00:00:00,,,,50.5,,,,,,,76.8,,,,,,92.1
1981-09-01 00:00:00,,,,49.8,,,,,,,76.4,,,,,,91.8
1981-08-01 00:00:00,,,,49.5,,,,,,,75.5,,,,,,90.7
1981-07-01 00:00:00,,,,49.0,,,,,,,75.9,,,,,,89.8
1981-06-01 00:00:00,,,,48.6,,,,,,,75.9,,,,,,88.6
1981-05-01 00:00:00,,,,48.1,,,,,,,75.7,,,,,,87.8
1981-04-01 00:00:00,,,,47.5,,,,,,,74.9,,,,,,87.0
1981-03-01 00:00:00,,,,47.2,,,,,,,74.3,,,,,,86.4
1981-02-01 00:00:00,,,,46.7,,,,,,,74.0,,,,,,85.9
1981-01-01 00:00:00,,,,46.3,,,,,,,74.2,,,,,,85.4
1980-12-01 00:00:00,,,,45.9,,,,,,,74.2,,,,,,84.9
1980-11-01 00:00:00,,,,45.7,,,,,,,74.0,,,,,,83.9
1980-10-01 00:00:00,,,,45.2,,,,,,,73.8,,,,,,83.0
1980-09-01 00:00:00,,,,44.9,,,,,,,73.3,,,,,,82.1
1980-08-01 00:00:00,,,,44.7,,,,,,,72.5,,,,,,81.3
1980-07-01 00:00:00,,,,44.3,,,,,,,72.9,,,,,,80.8
1980-06-01 00:00:00,,,,44.0,,,,,,,72.7,,,,,,81.0
1980-05-01 00:00:00,,,,43.6,,,,,,,72.3,,,,,,80.1
1980-04-01 00:00:00,,,,43.1,,,,,,,71.2,,,,,,79.5
1980-03-01 00:00:00,,,,42.8,,,,,,,70.3,,,,,,78.6
1980-02-01 00:00:00,,,,42.4,,,,,,,69.8,,,,,,77.5
1980-01-01 00:00:00,,,,42.0,,,,,,,69.8,,,,,,76.7
1979-12-01 00:00:00,,,,41.9,,,,,,,69.5,,,,,,75.7
1979-11-01 00:00:00,,,,41.7,,,,,,,69.3,,,,,,74.8
1979-10-01 00:00:00,,,,41.2,,,,,,,69.1,,,,,,74.0
1979-09-01 00:00:00,,,,40.9,,,,,,,68.8,,,,,,73.3
1979-08-01 00:00:00,,,,40.6,,,,,,,68.1,,,,,,72.7
1979-07-01 00:00:00,,,,40.3,,,,,,,68.4,,,,,,71.9
1979-06-01 00:00:00,,,,40.2,,,,,,,68.3,,,,,,71.3
1979-05-01 00:00:00,,,,39.9,,,,,,,68.2,,,,,,70.8
1979-04-01 00:00:00,,,,39.5,,,,,,,67.6,,,,,,70.3
1979-03-01 00:00:00,,,,39.2,,,,,,,67.1,,,,,,69.8
1979-02-01 00:00:00,,,,38.9,,,,,,,66.8,,,,,,69.2
1979-01-01 00:00:00,,,,38.7,,,,,,,66.9,,,,,,68.5
1978-12-01 00:00:00,,,,38.6,,,,,,,67.1,,,,,,68.0
1978-11-01 00:00:00,,,,38.5,,,,,,,66.9,,,,,,67.6
1978-10-01 00:00:00,,,,38.2,,,,,,,66.8,,,,,,67.2
1978-09-01 00:00:00,,,,37.7,,,,,,,66.6,,,,,,66.7
1978-08-01 00:00:00,,,,37.5,,,,,,,65.9,,,,,,66.1
1978-07-01 00:00:00,,,,37.4,,,,,,,66.3,,,,,,65.6
1978-06-01 00:00:00,,,,37.1,,,,,,,66.1,,,,,,65.2
1978-05-01 00:00:00,,,,37.0,,,,,,,66.0,,,,,,64.7
1978-04-01 00:00:00,,,,36.8,,,,,,,65.5,,,,,,64.3
1978-03-01 00:00:00,,,,36.9,,,,,,,64.8,,,,,,63.8
1978-02-01 00:00:00,,,,36.6,,,,,,,64.4,,,,,,63.4
1978-01-01 00:00:00,,,,36.4,,,,,,,64.3,,,,,,63.1
1977-12-01 00:00:00,,,,36.3,,,,,,,64.4,,,,,,62.7
1977-11-01 00:00:00,,,,36.3,,,,,,,64.2,,,,,,62.3
1977-10-01 00:00:00,,,,36.0,,,,,,,64.1,,,,,,62.0
1977-09-01 00:00:00,,,,35.7,,,,,,,63.8,,,,,,61.8
1977-08-01 00:00:00,,,,35.6,,,,,,,63.0,,,,,,61.5
1977-07-01 00:00:00,,,,35.4,,,,,,,63.2,,,,,,61.2
1977-06-01 00:00:00,,,,35.2,,,,,,,63.0,,,,,,61.0
1977-05-01 00:00:00,,,,35.0,,,,,,,62.8,,,,,,60.6
1977-04-01 00:00:00,,,,34.8,,,,,,,62.2,,,,,,60.3
1977-03-01 00:00:00,,,,34.6,,,,,,,61.1,,,,,,60.0
1977-02-01 00:00:00,,,,34.4,,,,,,,60.8,,,,,,59.7
1977-01-01 00:00:00,,,,34.2,,,,,,,60.8,,,,,,59.3
1976-12-01 00:00:00,,,,34.0,,,,,,,60.7,,,,,,58.9
1976-11-01 00:00:00,,,,33.9,,,,,,,59.9,,,,,,58.7
1976-10-01 00:00:00,,,,33.7,,,,,,,59.4,,,,,,58.5
1976-09-01 00:00:00,,,,33.4,,,,,,,59.1,,,,,,58.2
1976-08-01 00:00:00,,,,33.2,,,,,,,58.2,,,,,,57.9
1976-07-01 00:00:00,,,,32.9,,,,,,,58.4,,,,,,57.6
1976-06-01 00:00:00,,,,32.7,,,,,,,58.2,,,,,,57.2
1976-05-01 00:00:00,,,,32.5,,,,,,,57.8,,,,,,57.0
1976-04-01 00:00:00,,,,32.3,,,,,,,57.4,,,,,,56.7
1976-03-01 00:00:00,,,,32.1,,,,,,,56.3,,,,,,56.5
1976-02-01 00:00:00,,,,31.8,,,,,,,56.0,,,,,,56.2
1976-01-01 00:00:00,,,,31.7,,,,,,,55.7,,,,,,55.9
1975-12-01 00:00:00,,,,31.4,,,,,,,55.1,,,,,,55.5
1975-11-01 00:00:00,,,,31.2,,,,,,,54.9,,,,,,55.2
1975-10-01 00:00:00,,,,31.1,,,,,,,54.6,,,,,,54.8
1975-09-01 00:00:00,,,,30.6,,,,,,,54.3,,,,,,54.5
1975-08-01 00:00:00,,,,30.5,,,,,,,53.3,,,,,,54.2
1975-07-01 00:00:00,,,,30.2,,,,,,,53.5,,,,,,54.0
1975-06-01 00:00:00,,,,30.1,,,,,,,53.2,,,,,,53.8
1975-05-01 00:00:00,,,,29.9,,,,,,,53.0,,,,,,53.5
1975-04-01 00:00:00,,,,29.6,,,,,,,52.7,,,,,,53.3
1975-03-01 00:00:00,,,,29.5,,,,,,,51.8,,,,,,53.0
1975-02-01 00:00:00,,,,29.3,,,,,,,51.5,,,,,,52.8
1975-01-01 00:00:00,,,,28.9,,,,,,,51.3,,,,,,52.3
1974-12-01 00:00:00,,,,28.9,,,,,,,51.1,,,,,,52.0
1974-11-01 00:00:00,,,,28.7,,,,,,,50.7,,,,,,51.6
1974-10-01 00:00:00,,,,28.4,,,,,,,50.3,,,,,,51.2
1974-09-01 00:00:00,,,,28.1,,,,,,,48.6,,,,,,50.7
1974-08-01 00:00:00,,,,27.9,,,,,,,48.0,,,,,,50.2
1974-07-01 00:00:00,,,,27.7,,,,,,,47.9,,,,,,49.5
1974-06-01 00:00:00,,,,27.4,,,,,,,47.2,,,,,,49.0
1974-05-01 00:00:00,,,,27.2,,,,,,,46.9,,,,,,48.5
1974-04-01 00:00:00,,,,27.0,,,,,,,46.2,,,,,,47.9
1974-03-01 00:00:00,,,,26.7,,,,,,,45.4,,,,,,47.6
1974-02-01 00:00:00,,,,26.5,,,,,,,45.0,,,,,,47.2
1974-01-01 00:00:00,,,,26.2,,,,,,,43.7,,,,,,46.9
1973-12-01 00:00:00,,,,26.0,,,,,,,42.4,,,,,,46.7
1973-11-01 00:00:00,,,,26.0,,,,,,,41.2,,,,,,46.5
1973-10-01 00:00:00,,,,25.9,,,,,,,40.6,,,,,,46.3
1973-09-01 00:00:00,,,,25.7,,,,,,,40.1,,,,,,46.0
1973-08-01 00:00:00,,,,25.6,,,,,,,39.4,,,,,,45.7
1973-07-01 00:00:00,,,,25.5,,,,,,,39.2,,,,,,45.5
1973-06-01 00:00:00,,,,25.4,,,,,,,38.8,,,,,,45.4
1973-05-01 00:00:00,,,,25.3,,,,,,,38.4,,,,,,45.3
1973-04-01 00:00:00,,,,25.0,,,,,,,37.9,,,,,,45.1
1973-03-01 00:00:00,,,,25.0,,,,,,,37.3,,,,,,45.0
1973-02-01 00:00:00,,,,24.9,,,,,,,36.6,,,,,,44.8
1973-01-01 00:00:00,,,,24.9,,,,,,,36.3,,,,,,44.6
1972-12-01 00:00:00,,,,24.8,,,,,,,36.1,,,,,,44.6
1972-11-01 00:00:00,,,,24.7,,,,,,,35.8,,,,,,44.4
1972-10-01 00:00:00,,,,24.6,,,,,,,35.7,,,,,,44.4
1972-09-01 00:00:00,,,,24.5,,,,,,,35.3,,,,,,44.3
1972-08-01 00:00:00,,,,24.4,,,,,,,35.1,,,,,,44.3
1972-07-01 00:00:00,,,,24.3,,,,,,,35.0,,,,,,44.1
1972-06-01 00:00:00,,,,24.3,,,,,,,34.9,,,,,,44.0
1972-05-01 00:00:00,,,,24.3,,,,,,,34.8,,,,,,43.9
1972-04-01 00:00:00,,,,24.1,,,,,,,34.6,,,,,,43.8
1972-03-01 00:00:00,,,,23.9,,,,,,,34.3,,,,,,43.6
1972-02-01 00:00:00,,,,23.9,,,,,,,34.1,,,,,,43.6
1972-01-01 00:00:00,,,,23.9,,,,,,,33.9,,,,,,43.5
1971-12-01 00:00:00,,,,23.9,,,,,,,34.0,,,,,,43.3
1971-11-01 00:00:00,,,,23.7,,,,,,,33.8,,,,,,43.2
1971-10-01 00:00:00,,,,23.7,,,,,,,33.7,,,,,,43.1
1971-09-01 00:00:00,,,,23.6,,,,,,,33.6,,,,,,43.0
1971-08-01 00:00:00,,,,23.5,,,,,,,33.2,,,,,,43.0
1971-07-01 00:00:00,,,,23.4,,,,,,,33.3,,,,,,42.9
1971-06-01 00:00:00,,,,23.4,,,,,,,33.2,,,,,,42.8
1971-05-01 00:00:00,,,,23.4,,,,,,,33.0,,,,,,42.6
1971-04-01 00:00:00,,,,23.2,,,,,,,32.8,,,,,,42.4
1971-03-01 00:00:00,,,,23.2,,,,,,,32.3,,,,,,42.2
1971-02-01 00:00:00,,,,23.1,,,,,,,32.2,,,,,,42.2
1971-01-01 00:00:00,,,,23.0,,,,,,,32.2,,,,,,42.1
1970-12-01 00:00:00,,,,23.0,,,,,,,32.1,,,,,,42.0
1970-11-01 00:00:00,,,,23.0,,,,,,,31.9,,,,,,41.8
1970-10-01 00:00:00,,,,22.9,,,,,,,31.7,,,,,,41.5
1970-09-01 00:00:00,,,,22.8,,,,,,,31.3,,,,,,41.3
1970-08-01 00:00:00,,,,22.7,,,,,,,31.0,,,,,,41.1
1970-07-01 00:00:00,,,,22.8,,,,,,,31.0,,,,,,40.9
1970-06-01 00:00:00,,,,22.6,,,,,,,30.9,,,,,,40.8
1970-05-01 00:00:00,,,,22.6,,,,,,,30.8,,,,,,40.5
1970-04-01 00:00:00,,,,22.6,,,,,,,30.7,,,,,,40.4
1970-03-01 00:00:00,,,,22.5,,,,,,,30.4,,,,,,40.1
1970-02-01 00:00:00,,,,22.4,,,,,,,30.4,,,,,,39.8
1970-01-01 00:00:00,,,,22.3,,,,,,,30.3,,,,,,39.6
1969-12-01 00:00:00,,,,22.3,,,,,,,,,,,,,39.4
1969-11-01 00:00:00,,,,22.2,,,,,,,,,,,,,39.2
1969-10-01 00:00:00,,,,22.2,,,,,,,,,,,,,39.1
1969-09-01 00:00:00,,,,22.0,,,,,,,,,,,,,38.9
1969-08-01 00:00:00,,,,22.0,,,,,,,,,,,,,38.7
1969-07-01 00:00:00,,,,22.0,,,,,,,,,,,,,38.5
1969-06-01 00:00:00,,,,22.0,,,,,,,,,,,,,38.3
1969-05-01 00:00:00,,,,21.8,,,,,,,,,,,,,38.1
1969-04-01 00:00:00,,,,21.7,,,,,,,,,,,,,38.1
1969-03-01 00:00:00,,,,21.4,,,,,,,,,,,,,37.8
1969-02-01 00:00:00,,,,21.3,,,,,,,,,,,,,37.6
1969-01-01 00:00:00,,,,21.3,,,,,,,,,,,,,37.3
1968-12-01 00:00:00,,,,21.2,,,,,,,,,,,,,37.2
1968-11-01 00:00:00,,,,21.1,,,,,,,,,,,,,37.1
1968-10-01 00:00:00,,,,21.1,,,,,,,,,,,,,36.9
1968-09-01 00:00:00,,,,21.0,,,,,,,,,,,,,36.7
1968-08-01 00:00:00,,,,20.9,,,,,,,,,,,,,36.5
1968-07-01 00:00:00,,,,20.9,,,,,,,,,,,,,36.4
1968-06-01 00:00:00,,,,20.9,,,,,,,,,,,,,36.2
1968-05-01 00:00:00,,,,20.8,,,,,,,,,,,,,36.0
1968-04-01 00:00:00,,,,20.8,,,,,,,,,,,,,35.9
1968-03-01 00:00:00,,,,20.6,,,,,,,,,,,,,35.8
1968-02-01 00:00:00,,,,20.6,,,,,,,,,,,,,35.7
1968-01-01 00:00:00,,,,20.4,,,,,,,,,,,,,35.5
1967-12-01 00:00:00,,,,20.3,,,,,,,,,,,,,35.4
1967-11-01 00:00:00,,,,20.3,,,,,,,,,,,,,35.2
1967-10-01 00:00:00,,,,20.2,,,,,,,,,,,,,35.1
1967-09-01 00:00:00,,,,20.1,,,,,,,,,,,,,35.0
1967-08-01 00:00:00,,,,20.1,,,,,,,,,,,,,34.9
1967-07-01 00:00:00,,,,20.1,,,,,,,,,,,,,34.7
1967-06-01 00:00:00,,,,20.0,,,,,,,,,,,,,34.6
1967-05-01 00:00:00,,,,19.9,,,,,,,,,,,,,34.5
1967-04-01 00:00:00,,,,19.9,,,,,,,,,,,,,34.4
1967-03-01 00:00:00,,,,19.7,,,,,,,,,,,,,34.3
1967-02-01 00:00:00,,,,19.5,,,,,,,,,,,,,34.2
1967-01-01 00:00:00,,,,19.5,,,,,,,,,,,,,34.2
1966-12-01 00:00:00,,,,19.5,,,,,,,,,,,,,34.1
1966-11-01 00:00:00,,,,19.5,,,,,,,,,,,,,34.0
1966-10-01 00:00:00,,,,19.2,,,,,,,,,,,,,34.0
1966-09-01 00:00:00,,,,19.2,,,,,,,,,,,,,33.8
1966-08-01 00:00:00,,,,19.1,,,,,,,,,,,,,33.7
1966-07-01 00:00:00,,,,19.1,,,,,,,,,,,,,33.6
1966-06-01 00:00:00,,,,19.1,,,,,,,,,,,,,33.5
1966-05-01 00:00:00,,,,19.1,,,,,,,,,,,,,33.4
1966-04-01 00:00:00,,,,19.0,,,,,,,,,,,,,33.3
1966-03-01 00:00:00,,,,18.9,,,,,,,,,,,,,33.1
1966-02-01 00:00:00,,,,18.9,,,,,,,,,,,,,33.1
1966-01-01 00:00:00,,,,18.9,,,,,,,,,,,,,33.0
1965-12-01 00:00:00,,,,18.8,,,,,,,,,,,,,33.0
1965-11-01 00:00:00,,,,18.7,,,,,,,,,,,,,32.9
1965-10-01 00:00:00,,,,18.6,,,,,,,,,,,,,32.8
1965-09-01 00:00:00,,,,18.6,,,,,,,,,,,,,32.8
1965-08-01 00:00:00,,,,18.6,,,,,,,,,,,,,32.7
1965-07-01 00:00:00,,,,18.6,,,,,,,,,,,,,32.7
1965-06-01 00:00:00,,,,18.6,,,,,,,,,,,,,32.7
1965-05-01 00:00:00,,,,18.5,,,,,,,,,,,,,32.7
1965-04-01 00:00:00,,,,18.4,,,,,,,,,,,,,32.7
1965-03-01 00:00:00,,,,18.4,,,,,,,,,,,,,32.6
1965-02-01 00:00:00,,,,18.4,,,,,,,,,,,,,32.6
1965-01-01 00:00:00,,,,18.4,,,,,,,,,,,,,32.6
1964-12-01 00:00:00,,,,18.3,,,,,,,,,,,,,32.5
1964-11-01 00:00:00,,,,18.2,,,,,,,,,,,,,32.5
1964-10-01 00:00:00,,,,18.2,,,,,,,,,,,,,32.4
1964-09-01 00:00:00,,,,18.1,,,,,,,,,,,,,32.3
1964-08-01 00:00:00,,,,18.1,,,,,,,,,,,,,32.3
1964-07-01 00:00:00,,,,18.1,,,,,,,,,,,,,32.3
1964-06-01 00:00:00,,,,18.1,,,,,,,,,,,,,32.3
1964-05-01 00:00:00,,,,18.1,,,,,,,,,,,,,32.2
1964-04-01 00:00:00,,,,18.0,,,,,,,,,,,,,32.2
1964-03-01 00:00:00,,,,18.0,,,,,,,,,,,,,32.2
1964-02-01 00:00:00,,,,18.0,,,,,,,,,,,,,32.2
1964-01-01 00:00:00,,,,17.9,,,,,,,,,,,,,32.2
1963-12-01 00:00:00,,,,17.9,,,,,,,,,,,,,32.1
1963-11-01 00:00:00,,,,17.9,,,,,,,,,,,,,32.0
1963-10-01 00:00:00,,,,17.8,,,,,,,,,,,,,32.0
1963-09-01 00:00:00,,,,17.8,,,,,,,,,,,,,31.9
1963-08-01 00:00:00,,,,17.8,,,,,,,,,,,,,31.9
1963-07-01 00:00:00,,,,17.8,,,,,,,,,,,,,31.8
1963-06-01 00:00:00,,,,17.8,,,,,,,,,,,,,31.8
1963-05-01 00:00:00,,,,17.8,,,,,,,,,,,,,31.7
1963-04-01 00:00:00,,,,17.7,,,,,,,,,,,,,31.7
1963-03-01 00:00:00,,,,17.6,,,,,,,,,,,,,31.7
1963-02-01 00:00:00,,,,17.6,,,,,,,,,,,,,31.6
1963-01-01 00:00:00,,,,17.6,,,,,,,,,,,,,31.5
1962-12-01 00:00:00,,,,17.6,,,,,,,,,,,,,31.6
1962-11-01 00:00:00,,,,17.6,,,,,,,,,,,,,31.5
1962-10-01 00:00:00,,,,17.5,,,,,,,,,,,,,31.5
1962-09-01 00:00:00,,,,17.5,,,,,,,,,,,,,31.5
1962-08-01 00:00:00,,,,17.5,,,,,,,,,,,,,31.5
1962-07-01 00:00:00,,,,17.5,,,,,,,,,,,,,31.4
1962-06-01 00:00:00,,,,17.5,,,,,,,,,,,,,31.4
1962-05-01 00:00:00,,,,17.5,,,,,,,,,,,,,31.4
1962-04-01 00:00:00,,,,17.4,,,,,,,,,,,,,31.3
1962-03-01 00:00:00,,,,17.4,,,,,,,,,,,,,31.3
1962-02-01 00:00:00,,,,17.4,,,,,,,,,,,,,31.2
1962-01-01 00:00:00,,,,17.4,,,,,,,,,,,,,31.2
1961-12-01 00:00:00,,,,17.4,,,,,,,,,,,,,31.2
1961-11-01 00:00:00,,,,17.4,,,,,,,,,,,,,31.2
1961-10-01 00:00:00,,,,17.4,,,,,,,,,,,,,31.1
1961-09-01 00:00:00,,,,17.4,,,,,,,,,,,,,31.1
1961-08-01 00:00:00,,,,17.2,,,,,,,,,,,,,31.1
1961-07-01 00:00:00,,,,17.2,,,,,,,,,,,,,31.0
1961-06-01 00:00:00,,,,17.3,,,,,,,,,,,,,31.0
1961-05-01 00:00:00,,,,17.4,,,,,,,,,,,,,30.9
1961-04-01 00:00:00,,,,17.3,,,,,,,,,,,,,30.9
1961-03-01 00:00:00,,,,17.3,,,,,,,,,,,,,30.9
1961-02-01 00:00:00,,,,17.3,,,,,,,,,,,,,30.8
1961-01-01 00:00:00,,,,17.3,,,,,,,,,,,,,30.8
1960-12-01 00:00:00,,,,,,,,,,,,,,,,,30.7
1960-11-01 00:00:00,,,,,,,,,,,,,,,,,30.8
1960-10-01 00:00:00,,,,,,,,,,,,,,,,,30.8
1960-09-01 00:00:00,,,,,,,,,,,,,,,,,30.6
1960-08-01 00:00:00,,,,,,,,,,,,,,,,,30.6
1960-07-01 00:00:00,,,,,,,,,,,,,,,,,30.6
1960-06-01 00:00:00,,,,,,,,,,,,,,,,,30.7
1960-05-01 00:00:00,,,,,,,,,,,,,,,,,30.6
1960-04-01 00:00:00,,,,,,,,,,,,,,,,,30.6
1960-03-01 00:00:00,,,,,,,,,,,,,,,,,30.6
1960-02-01 00:00:00,,,,,,,,,,,,,,,,,30.6
1960-01-01 00:00:00,,,,,,,,,,,,,,,,,30.5
1959-12-01 00:00:00,,,,,,,,,,,,,,,,,30.5
1959-11-01 00:00:00,,,,,,,,,,,,,,,,,30.4
1959-10-01 00:00:00,,,,,,,,,,,,,,,,,30.4
1959-09-01 00:00:00,,,,,,,,,,,,,,,,,30.3
1959-08-01 00:00:00,,,,,,,,,,,,,,,,,30.2
1959-07-01 00:00:00,,,,,,,,,,,,,,,,,30.2
1959-06-01 00:00:00,,,,,,,,,,,,,,,,,30.2
1959-05-01 00:00:00,,,,,,,,,,,,,,,,,30.1
1959-04-01 00:00:00,,,,,,,,,,,,,,,,,30.0
1959-03-01 00:00:00,,,,,,,,,,,,,,,,,30.0
1959-02-01 00:00:00,,,,,,,,,,,,,,,,,29.9
1959-01-01 00:00:00,,,,,,,,,,,,,,,,,29.9
1958-12-01 00:00:00,,,,,,,,,,,,,,,,,29.9
1958-11-01 00:00:00,,,,,,,,,,,,,,,,,29.8
1958-10-01 00:00:00,,,,,,,,,,,,,,,,,29.7
1958-09-01 00:00:00,,,,,,,,,,,,,,,,,29.7
1958-08-01 00:00:00,,,,,,,,,,,,,,,,,29.6
1958-07-01 00:00:00,,,,,,,,,,,,,,,,,29.6
1958-06-01 00:00:00,,,,,,,,,,,,,,,,,29.6
1958-05-01 00:00:00,,,,,,,,,,,,,,,,,29.5
1958-04-01 00:00:00,,,,,,,,,,,,,,,,,29.5
1958-03-01 00:00:00,,,,,,,,,,,,,,,,,29.5
1958-02-01 00:00:00,,,,,,,,,,,,,,,,,29.4
1958-01-01 00:00:00,,,,,,,,,,,,,,,,,29.3
1957-12-01 00:00:00,,,,,,,,,,,,,,,,,29.3
1957-11-01 00:00:00,,,,,,,,,,,,,,,,,29.3
1957-10-01 00:00:00,,,,,,,,,,,,,,,,,29.2
1957-09-01 00:00:00,,,,,,,,,,,,,,,,,29.1
1957-08-01 00:00:00,,,,,,,,,,,,,,,,,29.0
1957-07-01 00:00:00,,,,,,,,,,,,,,,,,29.0
1957-06-01 00:00:00,,,,,,,,,,,,,,,,,28.9
1957-05-01 00:00:00,,,,,,,,,,,,,,,,,28.8
1957-04-01 00:00:00,,,,,,,,,,,,,,,,,28.8
1957-03-01 00:00:00,,,,,,,,,,,,,,,,,28.7
1957-02-01 00:00:00,,,,,,,,,,,,,,,,,28.6
1957-01-01 00:00:00,,,,,,,,,,,,,,,,,28.5
