date,AR,AU,BR,CA,CN,EA,EU,FR,DE,IN,ID,IT,JP,MX,RU,SA,ZA,KR,TR,UK,US
2025-11-01 00:00:00,9841.0,,7379.0,,103.6,129.33,134.19,,122.7,,,122.4,,142.65,287.2,,103.4,117.2,3483.0,139.5,
2025-10-01 00:00:00,9604.0,,7366.0,165.3,103.7,129.7,134.49,,123.0,197.3,109.04,122.7,112.8,141.71,286.0,,89.11,117.42,3453.0,139.8,
2025-09-01 00:00:00,9384.0,128.3,7359.0,164.9,103.5,129.43,134.17,121.28,122.6,197.2,108.74,123.1,112.0,141.2,284.5,,103.4,117.06,3367.0,139.3,324.4
2025-08-01 00:00:00,9193.0,127.6,7324.0,164.8,103.4,129.31,134.05,121.28,122.3,197.0,108.51,123.3,112.1,140.87,283.6,103.89,88.86,116.45,3262.0,139.3,323.4
2025-07-01 00:00:00,9024.0,127.7,7332.0,164.9,103.4,129.12,133.81,121.27,122.2,196.0,108.6,123.2,111.9,140.78,284.7,103.75,88.94,116.52,3197.0,139.0,322.1
2025-06-01 00:00:00,8856.0,126.5,7313.0,164.4,103.0,129.1,133.62,120.98,121.8,194.2,108.27,122.7,111.7,140.4,283.1,103.63,102.4,116.31,3132.0,138.9,321.5
2025-05-01 00:00:00,8714.0,126.2,7295.0,164.3,103.0,128.7,133.23,120.51,121.8,193.0,108.07,122.5,111.8,140.01,282.5,103.46,102.1,116.27,3090.0,138.4,320.6
2025-04-01 00:00:00,8586.0,126.7,7277.0,163.4,103.2,128.77,133.24,120.57,121.7,192.6,108.47,122.6,111.5,139.62,281.3,103.35,101.9,116.38,3043.0,138.2,320.3
2025-03-01 00:00:00,8353.0,125.7,7245.0,163.5,103.1,128.04,132.59,120.18,121.2,192.0,107.22,122.5,111.1,139.16,280.2,102.96,101.6,116.29,2955.0,136.5,319.6
2025-02-01 00:00:00,8053.0,124.9,7205.0,163.0,103.5,127.26,131.92,120.36,120.8,192.5,105.48,122.1,110.8,138.73,278.4,102.72,101.2,116.08,2884.0,136.0,319.8
2025-01-01 00:00:00,7864.0,124.9,7112.0,161.3,103.7,126.72,131.33,121.02,120.3,193.4,105.99,121.9,111.2,138.34,276.2,102.6,100.3,115.71,2820.0,135.4,319.1
2024-12-01 00:00:00,7694.0,125.2,7100.0,161.2,102.9,127.07,131.39,120.48,120.5,195.4,106.8,121.2,110.7,137.95,272.8,102.2,100.0,114.91,2685.0,135.6,317.6
2024-11-01 00:00:00,7491.0,124.2,7064.0,161.8,102.9,126.62,130.99,120.2,119.9,196.5,106.33,121.1,110.0,137.42,269.2,102.25,99.9,114.4,2657.0,135.1,316.4
2024-10-01 00:00:00,7314.0,123.6,7036.0,161.8,103.5,127.03,131.25,120.09,120.2,196.8,106.01,121.2,109.5,136.83,265.5,101.9,99.9,114.69,2599.0,135.0,315.6
2024-09-01 00:00:00,7122.0,124.0,6997.0,161.1,103.8,126.6,130.77,119.88,119.7,194.2,105.93,121.2,108.9,136.08,263.5,101.62,100.0,114.65,2526.0,134.2,314.9
2024-08-01 00:00:00,6883.0,123.9,6966.0,161.8,103.8,126.72,130.88,120.26,119.7,193.0,106.06,121.4,109.1,136.01,262.2,101.55,99.9,114.54,2453.3,134.3,314.1
2024-07-01 00:00:00,6608.0,124.2,6968.0,162.1,103.4,126.54,130.73,120.09,119.8,193.0,106.09,121.2,108.6,136.0,261.7,101.5,99.8,114.13,2394.1,133.8,313.6
2024-06-01 00:00:00,6352.0,124.2,6942.0,161.4,102.9,126.58,130.57,119.81,119.4,190.2,106.28,120.7,108.2,134.59,258.7,101.62,99.4,113.84,2319.3,134.1,313.1
2024-05-01 00:00:00,6074.0,123.6,6927.0,161.5,103.2,126.31,130.33,119.73,119.3,187.7,106.37,120.6,108.1,134.09,257.1,101.34,99.3,114.1,2281.9,133.9,313.1
2024-04-01 00:00:00,5830.0,123.7,6895.0,160.6,103.3,126.04,130.09,119.62,119.2,186.7,106.4,120.3,107.7,134.34,255.2,101.27,99.1,114.01,2207.5,133.5,313.0
2024-03-01 00:00:00,5357.0,122.8,6869.0,159.8,103.2,125.31,129.33,119.27,118.6,185.8,106.13,120.2,107.2,134.07,253.9,100.82,98.9,113.95,2139.5,133.0,312.1
2024-02-01 00:00:00,4826.0,122.0,6858.0,158.8,104.2,124.37,128.48,119.43,118.1,185.8,105.58,120.2,106.9,133.68,253.0,101.01,98.1,113.78,2073.9,132.3,311.0
2024-01-01 00:00:00,4262.0,121.8,6802.0,158.3,103.2,123.6,127.74,119.03,117.6,185.5,105.19,120.1,106.9,133.55,251.2,100.95,97.2,113.17,1984.0,131.5,309.8
2023-12-01 00:00:00,3533.0,122.2,6773.0,158.3,102.9,124.05,127.95,118.88,117.4,185.7,104.98,119.7,106.8,132.37,249.1,100.75,97.1,112.73,1859.4,132.2,308.7
2023-11-01 00:00:00,2816.0,121.4,6736.0,158.8,102.8,123.85,127.76,118.65,117.3,186.3,104.55,119.5,106.9,131.45,247.3,100.74,97.1,112.68,1806.5,131.7,308.1
2023-10-01 00:00:00,2496.3,121.0,6717.0,158.6,103.3,124.54,128.27,118.62,117.8,185.3,104.15,120.1,107.1,130.61,244.58,100.41,97.2,113.27,1749.1,132.0,307.7
2023-09-01 00:00:00,2304.9,121.4,6701.0,158.5,103.4,124.43,128.11,118.55,117.8,184.1,103.97,120.3,106.2,130.12,242.57,100.15,96.3,112.85,1691.0,132.0,307.4
2023-08-01 00:00:00,2044.3,120.7,6683.0,158.7,103.2,124.03,127.78,118.16,117.5,186.2,103.77,120.1,105.9,129.54,240.48,100.16,95.7,112.28,1614.3,131.3,306.1
2023-07-01 00:00:00,1818.1,120.0,6668.0,158.1,102.9,123.36,127.17,117.4,117.1,186.3,103.79,119.7,105.7,128.83,239.81,100.15,95.4,111.29,1479.8,130.9,304.6
2023-06-01 00:00:00,1709.6,119.7,6660.0,157.2,102.7,123.47,127.22,117.26,116.8,181.0,103.57,119.7,105.2,128.21,238.31,99.8,94.6,111.16,1351.6,131.5,304.1
2023-05-01 00:00:00,1613.6,118.9,6665.0,157.0,102.8,123.15,126.88,117.07,116.5,179.1,103.43,119.7,105.1,128.08,237.43,99.7,94.4,111.13,1300.6,131.3,303.3
2023-04-01 00:00:00,1497.2,119.4,6650.0,156.4,103.0,123.12,126.83,117.12,116.6,178.1,103.34,119.3,105.1,128.36,236.69,99.85,94.2,110.77,1300.0,130.4,302.9
2023-03-01 00:00:00,1381.2,118.6,6610.0,155.3,103.2,122.34,126.05,116.62,116.1,177.2,103.0,118.8,104.4,128.39,235.8,99.58,93.9,110.52,1269.8,128.9,301.6
2023-02-01 00:00:00,1282.7,118.0,6563.0,154.5,103.5,121.24,124.95,116.03,115.2,176.8,102.82,119.3,104.0,128.05,234.93,99.44,92.9,110.33,1241.3,127.9,301.5
2023-01-01 00:00:00,1203.0,117.8,6508.0,153.9,104.0,120.27,123.9,115.36,114.3,176.5,102.66,119.1,104.7,127.34,233.85,99.29,92.2,110.07,1203.5,126.4,300.5
2022-12-01 00:00:00,1134.6,118.2,6474.0,153.1,103.2,120.52,123.7,114.58,113.2,175.7,102.3,119.0,104.1,126.48,231.9,99.14,92.3,109.26,1128.4,127.2,298.8
2022-11-01 00:00:00,1079.3,116.4,6434.0,154.0,103.3,120.95,123.92,114.61,113.7,176.5,101.64,118.7,103.9,126.0,230.11,98.95,92.0,109.07,1115.3,126.7,298.7
2022-10-01 00:00:00,1028.7,115.4,6408.0,153.8,103.5,121.03,123.78,114.08,113.5,176.7,101.55,118.1,103.7,125.28,229.26,98.8,91.7,109.16,1084.0,126.2,298.0
2022-09-01 00:00:00,967.3,115.0,6370.0,152.7,103.4,119.26,122.07,112.96,112.7,175.3,101.66,114.2,103.1,124.57,228.85,98.34,91.4,108.82,1046.9,123.8,296.4
2022-08-01 00:00:00,911.1,114.7,6389.0,152.6,103.1,117.85,120.61,112.75,110.7,174.3,100.49,113.9,102.7,123.8,228.73,98.14,91.3,108.63,1015.7,123.1,295.2
2022-07-01 00:00:00,851.8,114.4,6412.0,153.1,103.2,117.14,119.81,112.62,110.3,173.4,100.69,113.0,102.3,122.95,229.93,97.74,91.1,108.73,1001.0,122.5,294.9
2022-06-01 00:00:00,793.0,113.6,6456.0,152.9,102.7,117.01,119.53,112.18,109.8,172.6,100.05,112.5,101.8,122.04,230.83,97.24,89.8,108.21,977.9,121.8,295.1
2022-05-01 00:00:00,753.1,112.7,6413.0,151.9,102.7,116.07,118.45,111.38,109.8,171.7,99.45,111.2,101.8,121.02,231.64,97.02,88.8,107.5,931.8,120.8,291.3
2022-04-01 00:00:00,716.9,111.9,6383.0,149.8,102.9,115.11,117.32,110.67,108.8,170.1,99.05,110.3,101.5,120.81,231.36,96.82,88.2,106.83,904.8,120.0,288.6
2022-03-01 00:00:00,676.1,111.6,6316.0,148.9,102.5,114.46,116.36,110.34,108.1,167.7,98.13,110.4,101.1,120.16,227.81,96.47,87.7,106.1,843.6,117.1,287.5
2022-02-01 00:00:00,633.4,110.5,6215.0,146.8,102.5,111.74,113.65,109.23,106.0,166.1,97.49,109.3,100.7,118.98,211.7,96.31,86.8,105.42,799.9,115.8,284.5
2022-01-01 00:00:00,605.0,109.6,6153.0,145.3,101.9,110.7,112.67,108.77,105.2,165.7,97.5,108.3,100.3,118.0,209.25,96.08,86.3,104.85,763.2,114.9,282.5
2021-12-01 00:00:00,582.5,109.0,6120.0,144.0,101.4,110.37,112.06,108.18,104.7,166.2,96.96,106.6,100.1,117.31,207.2,96.0,86.1,104.04,687.0,115.1,280.8
2021-11-01 00:00:00,560.9,108.4,6076.0,144.2,101.7,109.9,111.54,107.91,104.5,166.7,96.41,106.2,100.1,116.88,205.51,95.99,85.6,103.87,604.8,114.5,278.8
2021-10-01 00:00:00,547.1,107.9,6019.0,143.9,101.3,109.41,111.0,107.41,104.3,165.5,96.06,105.6,99.9,115.56,203.56,95.87,85.3,103.35,584.3,113.6,276.5
2021-09-01 00:00:00,528.5,107.3,5944.0,142.9,100.6,108.49,110.03,106.96,103.8,163.2,95.95,104.9,100.1,114.6,201.33,95.47,85.0,103.17,570.7,112.4,273.9
2021-08-01 00:00:00,510.4,107.0,5876.0,142.6,100.6,107.98,109.5,106.53,103.5,162.9,95.98,105.1,99.7,113.9,200.13,95.32,84.8,102.75,563.6,112.1,272.8
2021-07-01 00:00:00,498.1,106.7,5825.0,142.3,100.5,107.6,109.14,106.21,103.4,162.5,95.96,104.7,99.7,113.68,199.79,95.22,84.5,102.26,557.4,111.3,272.0
2021-06-01 00:00:00,483.6,106.4,5770.0,141.4,100.2,107.7,109.1,105.99,102.9,161.3,95.88,104.2,99.5,113.02,199.17,94.98,83.5,102.05,547.5,111.3,270.7
2021-05-01 00:00:00,468.7,106.2,5740.0,141.0,100.6,107.42,108.83,105.89,102.6,160.4,96.04,104.1,99.4,112.42,197.8,94.83,83.4,102.05,537.0,110.8,268.4
2021-04-01 00:00:00,453.7,106.1,5692.0,140.3,100.7,107.14,108.53,105.63,102.4,157.8,95.73,104.1,99.1,112.19,196.35,94.67,83.3,101.98,532.3,110.1,266.6
2021-03-01 00:00:00,435.9,105.6,5675.0,139.6,101.0,106.53,107.91,105.62,102.1,156.8,95.6,103.7,99.9,111.82,195.22,94.5,82.8,101.84,523.5,109.4,264.8
2021-02-01 00:00:00,415.9,105.3,5622.0,138.9,101.5,105.54,107.0,105.44,101.6,156.6,95.52,103.4,99.8,110.91,193.94,94.51,82.2,101.58,518.0,109.1,263.6
2021-01-01 00:00:00,401.5,105.4,5574.0,138.2,100.9,105.32,106.72,105.67,101.0,156.3,95.42,103.3,99.8,110.21,192.44,94.61,81.7,101.04,513.3,109.0,262.6
2020-12-01 00:00:00,385.9,105.3,5561.0,137.4,100.09,105.15,106.41,105.2,99.8,157.3,95.18,102.6,99.3,109.27,191.16,94.5,81.3,100.33,504.8,109.2,262.0
2020-11-01 00:00:00,371.0,105.0,5487.0,137.7,99.39,104.8,106.07,104.94,99.7,158.9,94.76,102.4,99.5,108.86,189.58,94.63,81.2,100.09,498.6,108.9,260.9
2020-10-01 00:00:00,359.7,104.8,5438.0,137.5,99.99,105.15,106.37,104.65,99.9,158.4,94.5,102.5,99.8,108.77,188.25,94.88,81.2,100.18,487.4,109.1,260.3
2020-09-01 00:00:00,346.6,104.1,5392.0,136.9,100.29,104.96,106.17,104.65,99.7,156.4,94.43,102.3,99.9,108.11,187.44,94.69,81.0,100.74,477.2,109.1,260.0
2020-08-01 00:00:00,337.1,104.4,5357.0,137.0,100.06,104.88,106.13,104.65,99.7,154.7,94.48,103.0,100.1,107.87,187.57,95.01,80.9,100.19,472.6,108.6,259.3
2020-07-01 00:00:00,328.2,104.5,5345.0,137.2,99.66,105.32,106.51,105.06,99.7,153.9,94.52,102.7,100.0,107.44,187.65,94.89,80.7,99.63,468.6,109.1,258.4
2020-06-01 00:00:00,322.0,102.8,5325.0,137.2,99.05,105.69,106.76,104.46,100.5,151.8,94.62,102.9,99.9,106.74,186.99,89.29,79.7,99.71,465.8,108.6,257.0
2020-05-01 00:00:00,314.9,102.8,5312.0,136.1,99.11,105.33,106.38,104.41,100.4,150.9,94.45,102.8,100.1,106.16,186.58,89.64,79.2,99.44,460.6,108.5,255.8
2020-04-01 00:00:00,310.1,103.5,5332.0,135.7,99.9,105.43,106.37,104.37,100.4,151.4,94.39,103.0,100.2,105.75,186.08,89.92,79.8,99.5,454.4,108.5,256.0
2020-03-01 00:00:00,305.6,104.8,5348.0,136.6,100.78,105.13,106.14,104.47,100.3,148.6,94.32,102.9,100.3,106.84,184.55,90.1,80.2,99.94,450.6,108.6,258.1
2020-02-01 00:00:00,295.7,104.2,5345.0,137.4,102.03,104.56,105.66,104.91,100.1,149.1,94.23,102.8,100.3,106.89,183.54,89.98,79.9,100.16,448.0,108.6,259.2
2020-01-01 00:00:00,289.8,105.0,5331.0,136.8,101.22,104.37,105.44,105.04,99.8,150.2,93.97,102.9,100.5,106.45,182.93,89.8,79.2,100.09,446.5,108.2,259.1
2019-12-01 00:00:00,283.4,105.0,5320.0,136.4,99.83,105.43,106.14,105.12,100.0,150.4,93.78,102.8,100.5,105.93,182.21,89.9,78.9,99.72,440.5,108.5,258.6
2019-11-01 00:00:00,273.2,103.9,5260.0,136.4,99.83,105.1,105.85,104.67,99.5,148.6,93.47,102.6,100.5,105.35,181.55,89.49,78.7,99.48,437.2,108.5,257.9
2019-10-01 00:00:00,262.1,104.3,5233.0,136.6,99.48,105.44,106.03,104.57,100.2,147.2,93.33,102.8,100.4,104.5,181.04,89.67,78.6,100.04,435.6,108.3,257.2
2019-09-01 00:00:00,253.7,103.7,5228.0,136.2,98.6,105.29,105.9,104.56,100.2,145.8,93.31,102.9,100.1,103.94,180.81,89.75,78.6,99.79,427.0,108.5,256.4
2019-08-01 00:00:00,239.61,103.3,5230.0,136.8,97.74,105.06,105.73,104.47,100.2,145.0,93.57,103.5,100.0,103.67,181.1,89.55,78.5,99.43,422.8,108.4,256.0
2019-07-01 00:00:00,230.49,103.7,5224.0,137.0,97.04,104.91,105.59,104.32,100.3,144.2,93.46,103.1,99.8,103.69,181.54,89.46,78.2,99.19,419.2,107.9,255.8
2019-06-01 00:00:00,225.54,102.9,5214.0,136.3,96.65,105.41,105.9,104.27,99.9,142.9,93.17,103.1,99.8,103.3,181.17,89.3,78.0,99.49,413.6,107.9,255.2
2019-05-01 00:00:00,219.57,103.0,5214.0,136.6,96.76,105.24,105.79,104.03,99.6,142.0,92.66,103.0,100.0,103.23,181.1,89.16,77.7,99.65,413.5,107.9,255.3
2019-04-01 00:00:00,212.96,103.4,5207.0,136.0,96.72,105.1,105.58,104.07,99.4,141.2,92.03,103.0,100.0,103.53,180.49,89.1,77.4,99.48,409.6,107.6,255.2
2019-03-01 00:00:00,205.96,102.6,5177.0,135.4,96.65,104.35,104.85,103.77,98.5,140.4,91.63,102.8,99.7,103.48,179.96,89.12,77.0,99.12,402.8,107.0,254.3
2019-02-01 00:00:00,196.75,102.2,5139.0,134.5,97.01,103.3,104.02,103.5,98.1,139.9,91.53,102.5,99.7,103.08,179.39,89.2,76.3,99.31,398.7,106.8,253.3
2019-01-01 00:00:00,189.61,102.2,5117.0,133.6,96.05,102.97,103.64,103.44,97.7,139.6,91.6,102.4,99.7,103.11,178.61,89.41,75.7,98.88,398.1,106.3,252.6
2018-12-01 00:00:00,184.26,102.7,5101.0,133.4,95.57,104.05,104.5,103.57,98.5,140.1,91.3,102.3,99.7,103.02,176.82,90.28,75.9,98.99,393.9,107.1,252.8
2018-11-01 00:00:00,179.64,102.1,5093.0,133.5,95.55,104.1,104.51,103.62,98.5,140.8,90.74,102.4,100.0,102.3,175.35,90.61,76.0,99.33,395.5,107.0,252.6
2018-10-01 00:00:00,174.15,102.5,5104.0,134.1,95.88,104.68,104.91,103.77,99.1,140.7,90.5,102.6,100.2,101.44,174.47,90.81,75.9,100.04,401.3,106.7,252.8
2018-09-01 00:00:00,165.24,102.0,5081.0,133.7,95.7,104.42,104.66,103.6,99.0,140.2,90.25,102.6,99.9,100.92,173.87,91.07,75.5,100.22,390.8,106.6,252.2
2018-08-01 00:00:00,155.1,101.7,5057.0,134.2,95.03,104.01,104.32,103.42,98.8,140.4,90.41,103.1,99.8,100.49,173.59,91.17,75.2,99.46,367.7,106.5,251.7
2018-07-01 00:00:00,149.3,102.1,5061.0,134.3,94.42,103.85,104.12,103.27,98.7,139.8,90.46,102.7,99.2,99.91,173.57,91.31,75.3,98.59,359.4,105.8,251.2
2018-06-01 00:00:00,144.81,101.5,5044.0,133.6,94.12,104.09,104.28,103.07,98.3,138.5,90.21,102.4,99.2,99.38,173.1,91.39,74.6,98.78,357.4,105.8,251.0
2018-05-01 00:00:00,139.59,101.5,4982.0,133.4,94.17,103.97,104.16,103.04,98.2,137.8,89.68,102.2,99.3,98.99,172.26,91.33,74.3,98.98,348.3,105.8,250.8
2018-04-01 00:00:00,136.75,101.6,4962.0,133.3,94.36,103.32,103.6,102.74,97.5,137.1,89.5,101.9,99.1,99.15,171.61,91.65,74.2,98.93,342.8,105.4,250.2
2018-03-01 00:00:00,133.11,101.0,4951.0,132.9,94.55,102.91,103.17,102.61,97.2,136.5,89.41,101.8,99.2,99.49,170.96,91.84,73.6,98.75,336.5,105.0,249.58
2018-02-01 00:00:00,130.06,100.7,4946.0,132.5,95.64,101.78,102.35,102.17,96.7,136.4,89.23,101.5,99.5,99.17,170.46,92.0,73.4,98.86,333.2,104.9,249.53
2018-01-01 00:00:00,126.99,101.0,4931.0,131.7,94.46,101.56,102.12,102.21,96.4,136.9,89.08,101.5,99.5,98.79,170.11,91.96,72.8,98.11,330.8,104.4,248.86
2017-12-01 00:00:00,124.8,101.2,4916.0,130.8,93.88,102.49,102.82,101.92,96.9,137.2,88.53,101.2,99.4,98.27,169.58,88.36,72.6,97.7,327.4,104.9,247.8
2017-11-01 00:00:00,120.99,100.5,4895.0,131.3,93.56,102.14,102.5,101.71,96.5,137.6,87.9,100.8,99.1,97.7,168.87,88.55,72.3,97.35,325.2,104.6,247.28
2017-10-01 00:00:00,119.35,100.2,4881.0,130.9,93.55,102.34,102.55,101.51,96.9,136.1,87.73,101.0,98.8,96.7,168.5,89.01,72.2,98.08,320.4,104.2,246.63
2017-09-01 00:00:00,117.57,100.0,4861.0,130.8,93.45,102.29,102.44,101.36,97.0,135.2,87.72,101.2,98.8,96.09,168.16,89.18,72.0,98.17,313.9,104.1,246.43
2017-08-01 00:00:00,115.38,,4853.0,130.5,92.95,101.89,102.08,101.17,97.0,135.4,87.61,101.5,98.5,95.79,168.42,89.03,71.7,98.06,311.9,103.8,245.18
2017-07-01 00:00:00,113.79,,4844.0,130.4,92.56,101.62,101.83,100.99,96.9,134.2,87.67,101.2,98.3,95.32,169.33,89.18,71.6,97.5,310.2,103.2,244.24
2017-06-01 00:00:00,111.85,,4832.0,130.4,92.46,102.08,102.15,101.01,96.5,132.0,87.48,101.1,98.5,94.96,169.21,89.2,71.4,97.34,309.8,103.3,244.16
2017-05-01 00:00:00,110.53,,4843.0,130.5,92.6,101.98,102.09,100.97,96.2,131.4,86.88,101.2,98.6,94.73,168.19,89.29,71.2,97.55,310.6,103.3,244.0
2017-04-01 00:00:00,108.97,,4828.0,130.4,92.71,102.07,102.1,101.08,96.2,131.1,86.54,101.4,98.5,94.84,167.57,89.32,71.0,97.44,309.2,102.9,244.19
2017-03-01 00:00:00,106.15,,4822.0,129.9,92.64,101.49,101.58,101.02,95.8,130.9,86.47,101.0,98.1,94.72,167.02,89.27,71.0,97.57,305.2,102.5,243.89
2017-02-01 00:00:00,103.69,,4810.0,129.7,92.94,100.66,100.93,100.97,95.6,130.6,86.48,101.0,98.1,94.14,166.8,89.39,70.5,97.63,302.2,102.1,244.01
2017-01-01 00:00:00,101.59,,4794.0,129.5,93.1,100.26,100.49,100.9,95.1,130.3,86.28,100.6,98.2,93.6,166.43,89.23,69.8,97.37,299.7,101.4,243.62
2016-12-01 00:00:00,100.0,,4776.0,128.4,92.18,101.13,101.16,100.71,95.6,130.4,85.45,100.3,98.4,92.04,165.41,89.3,69.3,96.34,292.5,101.9,242.64
2016-11-01 00:00:00,,,4761.0,128.6,91.97,100.6,100.65,100.54,95.0,131.2,85.09,99.9,98.6,91.62,164.75,89.52,69.1,96.24,287.8,101.4,242.03
2016-10-01 00:00:00,,,4753.0,129.1,91.84,100.96,100.87,100.43,95.6,131.4,84.69,100.0,98.6,90.91,164.03,89.84,68.9,96.38,286.3,101.2,241.74
2016-09-01 00:00:00,,,4741.0,128.8,91.95,100.72,100.64,100.38,95.5,130.9,84.57,100.1,98.0,90.36,163.32,89.93,68.5,96.25,282.3,101.1,241.18
2016-08-01 00:00:00,,,4737.0,128.7,91.33,100.34,100.34,100.28,95.4,131.1,84.38,100.3,97.9,89.81,163.05,89.88,68.4,95.68,281.8,100.9,240.54
2016-07-01 00:00:00,,,4716.0,128.9,91.28,100.28,100.28,100.31,95.5,131.1,84.4,100.1,97.9,89.56,163.03,90.06,68.5,95.43,282.6,100.6,240.1
2016-06-01 00:00:00,,,4692.0,129.1,91.1,100.77,100.65,100.33,95.2,130.1,83.82,99.9,98.1,89.32,162.15,89.94,67.9,95.61,279.3,100.6,240.22
2016-05-01 00:00:00,,,4675.0,128.8,91.22,100.59,100.48,100.15,95.1,128.6,83.27,99.8,98.2,89.23,161.57,89.96,67.5,95.63,278.0,100.4,239.56
2016-04-01 00:00:00,,,4639.0,128.3,91.64,100.17,100.13,99.89,94.6,127.3,83.08,99.5,98.1,89.63,160.91,90.05,67.4,95.57,276.4,100.2,238.99
2016-03-01 00:00:00,,,4611.0,127.9,91.8,99.96,99.93,99.84,94.5,126.0,83.45,99.6,97.9,89.91,160.21,89.97,66.8,95.39,274.3,100.2,238.08
2016-02-01 00:00:00,,,4591.0,127.1,92.2,98.73,98.98,99.74,93.9,126.0,83.29,99.4,97.8,89.78,159.47,89.96,66.4,95.64,274.4,99.8,237.34
2016-01-01 00:00:00,,,4550.0,126.8,90.78,98.56,98.83,99.61,93.6,126.3,83.37,99.6,97.7,89.39,158.48,89.86,65.5,95.23,274.4,99.5,237.65
2015-12-01 00:00:00,,,4493.0,126.5,,100.03,100.02,100.08,94.3,126.1,82.94,,98.1,89.05,156.97,87.71,64.9,95.07,269.5,100.3,237.76
2015-11-01 00:00:00,,,4450.0,127.1,,100.01,100.01,100.01,94.3,126.6,82.15,,98.1,88.69,155.77,87.68,64.8,94.79,269.0,100.3,238.02
2015-10-01 00:00:00,,,4406.0,127.2,,100.45,100.34,100.07,94.9,126.1,81.98,,98.5,88.2,154.61,87.56,64.7,94.97,267.2,100.3,237.73
2015-09-01 00:00:00,,,4370.0,127.1,,100.32,100.23,100.0,94.9,125.4,82.05,,98.5,87.75,153.47,87.39,64.6,94.97,263.1,100.2,237.5
2015-08-01 00:00:00,,,4347.0,127.3,,100.12,100.11,100.06,95.0,124.8,82.09,,98.4,87.42,152.6,87.35,64.6,95.21,260.8,100.3,238.03
2015-07-01 00:00:00,,,4337.0,127.3,,100.11,100.12,100.1,95.1,123.6,81.77,,98.3,87.24,152.07,87.4,64.6,95.08,259.7,100.0,238.03
2015-06-01 00:00:00,,,4310.0,127.2,,100.72,100.59,100.15,94.9,123.0,81.02,,98.4,87.11,150.87,87.31,63.9,94.91,259.5,100.2,237.66
2015-05-01 00:00:00,,,4277.0,126.9,,100.71,100.62,100.18,94.9,120.65,80.59,,98.7,86.97,150.58,87.24,63.6,94.89,260.9,100.1,237.0
2015-04-01 00:00:00,,,4245.0,126.2,,100.43,100.36,100.07,94.7,120.7,80.19,,98.4,87.4,150.05,87.07,63.5,94.62,259.4,99.9,236.22
2015-03-01 00:00:00,,,4215.0,126.3,,100.0,99.97,99.96,94.3,120.2,79.9,,97.9,87.63,149.37,87.05,62.9,94.6,255.2,99.7,235.98
2015-02-01 00:00:00,,,4160.0,125.4,,98.85,99.07,99.88,93.8,119.7,79.76,,97.6,87.28,147.58,86.92,62.0,94.59,252.2,99.5,235.34
2015-01-01 00:00:00,,,4110.0,124.3,,98.24,98.57,99.4,93.1,119.5,80.05,,97.8,87.11,144.38,87.02,61.7,94.64,250.4,99.3,234.75
2014-12-01 00:00:00,,,4060.0,124.5,,99.78,99.84,99.85,94.0,119.4,80.25,,97.9,87.19,139.02,86.85,61.8,94.01,247.72,100.1,236.25
2014-11-01 00:00:00,,,4028.0,125.4,,99.88,99.93,99.95,94.1,120.1,78.32,,97.9,86.76,135.47,86.82,61.8,94.01,248.82,100.1,236.98
2014-10-01 00:00:00,,,4008.0,125.9,,100.06,100.14,99.98,94.1,120.1,77.16,,98.2,86.07,133.76,86.67,61.8,94.21,248.37,100.4,237.43
2014-09-01 00:00:00,,,3991.0,125.8,,100.12,100.15,99.99,94.3,119.27,76.8,,98.5,85.6,132.67,86.6,61.8,94.49,243.74,100.3,237.48
2014-08-01 00:00:00,,,3969.0,125.7,,99.68,99.84,100.01,94.3,119.6,76.59,,98.3,85.22,131.82,86.55,61.8,94.55,243.4,100.2,237.46
2014-07-01 00:00:00,,,3959.0,125.7,,99.57,99.74,99.95,94.3,118.43,76.24,,98.1,84.91,131.5,86.46,61.5,94.39,243.17,99.9,237.5
2014-06-01 00:00:00,,,3958.0,125.9,,100.22,100.26,99.89,94.0,115.93,75.54,,98.0,84.68,130.86,86.2,61.1,94.25,242.07,100.2,237.23
2014-05-01 00:00:00,,,3943.0,125.8,,100.11,100.16,99.91,93.8,114.1,75.21,,98.1,84.54,130.05,86.14,60.8,94.37,241.32,100.0,236.92
2014-04-01 00:00:00,,,3924.0,125.2,,100.22,100.25,99.91,93.9,114.1,75.09,,97.7,84.81,128.89,86.12,60.7,94.21,240.37,100.1,236.47
2014-03-01 00:00:00,,,3898.0,124.8,,100.07,100.07,99.93,94.0,113.1,75.1,,95.7,84.97,127.74,85.74,60.5,94.15,237.18,99.7,236.03
2014-02-01 00:00:00,,,3863.0,124.1,,99.14,99.36,100.02,93.8,112.6,75.04,,95.5,84.73,126.45,85.72,59.6,93.98,234.54,99.5,235.55
2014-01-01 00:00:00,,,3836.0,123.1,,98.83,99.04,99.82,93.3,111.5,74.85,,95.5,84.52,125.58,85.58,59.0,93.73,233.54,99.0,235.29
2013-12-01 00:00:00,,,3815.0,122.7,,99.95,99.92,99.85,93.9,112.79,74.51,,95.6,83.77,124.84,85.25,58.6,93.23,229.01,99.6,234.72
2013-11-01 00:00:00,,,3781.0,123.0,,99.6,99.58,99.71,93.5,115.35,74.1,,95.5,83.29,124.21,85.16,58.5,93.12,227.96,99.2,234.1
2013-10-01 00:00:00,,,3760.0,123.0,,99.68,99.66,99.62,93.3,114.4,74.02,,95.5,82.52,123.51,85.0,58.4,93.13,227.94,99.1,233.67
2013-09-01 00:00:00,,,3739.0,123.3,,99.8,99.74,99.76,93.5,112.2,73.95,,95.4,82.13,122.81,84.9,58.2,93.42,223.91,99.1,233.54
2013-08-01 00:00:00,,,3726.0,123.1,,99.32,99.33,99.63,93.5,112.04,74.21,,95.1,81.82,122.56,84.79,58.0,93.24,222.21,98.7,233.46
2013-07-01 00:00:00,,,3717.0,123.1,,99.2,99.2,99.51,93.5,110.44,73.39,,94.8,81.59,122.39,84.84,57.8,92.91,222.44,98.3,232.9
2013-06-01 00:00:00,,,3716.0,123.0,,99.73,99.6,99.42,93.1,108.86,71.05,,94.6,81.62,121.39,84.46,57.2,92.71,221.75,98.3,232.45
2013-05-01 00:00:00,,,3706.0,123.0,,99.62,99.55,99.23,93.0,106.62,70.33,,94.6,81.67,120.88,84.44,57.1,92.82,220.07,98.5,231.89
2013-04-01 00:00:00,,,3693.0,122.7,,99.51,99.45,99.21,92.6,106.56,70.35,,94.5,81.94,120.09,84.45,57.2,92.82,219.75,98.3,231.8
2013-03-01 00:00:00,,,3672.0,122.9,,99.6,99.46,99.35,93.0,106.0,70.42,,94.2,81.89,119.48,84.43,57.0,92.95,218.83,98.1,232.28
2013-02-01 00:00:00,,,3655.0,122.7,,98.44,98.56,99.11,92.6,105.51,69.98,,94.0,81.29,119.08,84.44,56.3,93.04,217.39,97.8,232.94
2013-01-01 00:00:00,,,3633.0,121.3,,98.08,98.16,99.17,92.1,103.97,69.45,,94.2,80.89,118.41,84.63,55.7,92.73,216.74,97.1,231.68
2012-12-01 00:00:00,,,3602.0,121.2,,99.11,98.95,99.1,92.5,103.35,68.75,,94.1,80.57,117.27,,55.6,92.18,213.23,97.6,231.22
2012-11-01 00:00:00,,,3574.0,121.9,,98.76,98.62,99.0,92.2,103.49,68.38,,94.1,80.38,116.64,,55.5,92.01,212.42,97.2,231.25
2012-10-01 00:00:00,,,3553.0,122.2,,98.95,98.75,99.06,92.2,103.01,68.33,,94.4,79.84,116.25,,55.4,92.34,211.62,97.0,231.64
2012-09-01 00:00:00,,,3532.0,122.0,,98.72,98.48,98.89,92.2,101.36,68.22,,94.4,79.44,115.72,,55.0,92.51,207.55,96.5,231.01
2012-08-01 00:00:00,,,3512.0,121.8,,98.01,97.87,98.8,92.1,101.16,68.21,,94.3,79.09,115.08,,54.5,91.86,205.43,96.1,229.92
2012-07-01 00:00:00,,,3498.0,121.5,,97.63,97.52,98.47,91.7,99.63,67.57,,94.1,78.85,114.97,,54.3,91.43,204.29,95.6,228.59
2012-06-01 00:00:00,,,3483.0,121.6,,98.15,97.89,98.5,91.4,98.02,67.1,,94.4,78.41,113.57,,54.3,91.64,204.76,95.5,228.52
2012-05-01 00:00:00,,,3480.0,122.1,,98.22,98.0,98.43,91.5,96.33,66.68,,94.9,78.05,112.57,,54.0,91.77,206.61,95.9,228.71
2012-04-01 00:00:00,,,3467.0,122.2,,98.36,98.09,98.51,91.6,96.65,66.63,,95.2,78.3,111.99,,54.0,91.61,207.05,96.0,229.19
2012-03-01 00:00:00,,,3445.0,121.7,,97.9,97.63,98.39,91.7,95.12,66.5,,95.1,78.55,111.64,,53.8,91.61,203.96,95.4,228.81
2012-02-01 00:00:00,,,3438.0,121.2,,96.65,96.64,98.06,,94.15,66.45,,94.7,78.5,111.0,,53.2,91.59,203.12,95.1,228.33
2012-01-01 00:00:00,,,3423.0,120.7,,96.17,96.14,97.98,,93.15,66.42,,94.5,78.34,110.59,,52.9,91.24,201.98,94.6,227.84
2011-12-01 00:00:00,,,3404.0,120.2,,96.96,96.68,97.81,,92.97,65.92,,94.3,77.79,110.04,,52.6,90.88,200.85,95.1,227.22
2011-11-01 00:00:00,,,3387.0,120.9,,96.63,96.35,97.62,,94.47,65.55,,94.2,77.16,109.56,,52.5,90.53,199.7,94.6,227.17
2011-10-01 00:00:00,,,3369.0,120.8,,96.55,96.2,97.28,,93.99,65.32,,94.8,76.33,109.1,,52.4,90.45,196.31,94.5,226.75
2011-09-01 00:00:00,,,3355.0,120.6,,96.21,95.9,97.04,,92.87,65.4,,94.7,75.82,108.58,,52.1,90.62,190.09,94.4,226.6
2011-08-01 00:00:00,,,3337.0,120.3,,95.51,95.3,96.82,,91.71,65.22,,94.7,75.64,108.62,,51.9,90.71,188.67,93.8,226.11
2011-07-01 00:00:00,,,3325.0,120.0,,95.33,95.1,96.6,,90.7,64.62,,94.6,75.52,108.88,,51.8,90.1,187.31,93.3,225.4
2011-06-01 00:00:00,,,3320.0,119.8,,95.88,95.51,96.61,,89.07,64.19,,94.6,75.16,108.89,,51.4,89.67,188.08,93.3,224.81
2011-05-01 00:00:00,,,3315.0,120.6,,95.89,95.56,96.51,,87.45,63.84,,94.7,75.16,108.64,,51.2,89.5,190.81,93.4,224.81
2011-04-01 00:00:00,,,3299.0,119.8,,95.88,95.48,96.5,,87.7,63.76,,94.7,75.72,108.12,,51.0,89.32,186.3,93.2,224.09
2011-03-01 00:00:00,,,3274.0,119.4,,95.35,94.9,96.21,,87.55,63.96,,94.6,75.72,107.66,,50.7,89.24,184.7,92.2,223.05
2011-02-01 00:00:00,,,3248.0,118.1,,94.08,93.88,95.86,,87.53,64.17,,94.4,75.58,107.0,,50.1,88.89,183.93,92.0,221.9
2011-01-01 00:00:00,,,3222.0,117.8,,93.68,93.44,95.71,,88.45,64.08,,94.4,75.3,106.17,,49.9,88.29,182.6,91.3,221.19
2010-12-01 00:00:00,,,3196.0,117.5,,94.36,93.83,95.47,,87.31,63.51,,94.5,74.93,103.71,,49.6,87.25,181.85,91.2,220.47
2010-11-01 00:00:00,,,3176.0,117.5,,93.79,93.23,95.22,,86.4,62.93,,94.7,74.56,102.6,,49.5,86.91,182.4,90.3,219.59
2010-10-01 00:00:00,,,3150.0,117.4,,93.71,93.09,95.06,,85.92,62.56,,95.0,73.97,101.78,,49.4,87.34,182.35,90.0,219.04
2010-09-01 00:00:00,,,3126.0,116.9,,93.43,92.81,94.9,,84.39,62.52,,94.7,73.52,101.27,,49.3,87.34,179.07,89.8,218.27
2010-08-01 00:00:00,,,3112.0,116.7,,93.14,92.56,94.72,,84.15,62.24,,94.5,73.13,100.43,,49.3,86.65,176.9,89.8,217.92
2010-07-01 00:00:00,,,3111.0,116.8,,92.95,92.38,94.74,,83.65,61.77,,94.4,72.93,99.88,,49.3,86.21,176.19,89.3,217.6
2010-06-01 00:00:00,,,3111.0,116.2,,93.35,92.64,94.57,,82.0,60.82,,94.9,72.77,99.52,,48.9,86.04,177.04,89.5,217.2
2010-05-01 00:00:00,,,3111.0,116.3,,93.35,92.6,94.57,,80.43,60.24,,95.1,72.79,99.14,,48.9,86.13,178.04,89.4,217.29
2010-04-01 00:00:00,,,3097.0,116.0,,93.25,92.47,94.54,,80.15,60.06,,95.1,73.26,98.64,,48.8,86.04,178.68,89.2,217.4
2010-03-01 00:00:00,,,3080.0,115.6,,92.87,92.07,94.38,,80.45,59.97,,95.1,73.49,98.36,,48.8,85.7,177.62,88.7,217.35
2010-02-01 00:00:00,,,3064.0,115.6,,91.85,91.24,94.3,,80.43,60.06,,94.9,72.97,97.74,,48.4,85.52,176.59,88.2,217.28
2010-01-01 00:00:00,,,3040.0,115.1,,91.57,90.94,94.06,,80.92,59.88,,94.9,72.55,96.91,,48.1,85.35,174.07,87.8,217.49
2009-12-01 00:00:00,,,3018.0,114.8,,92.32,91.39,93.83,,79.76,65.93,,94.8,71.77,95.34,,47.9,84.68,170.91,88.0,217.35
2009-11-01 00:00:00,,,3006.0,115.2,,92.03,91.1,93.73,,79.75,65.72,,95.0,71.48,94.95,,47.9,84.38,170.01,87.5,217.23
2009-10-01 00:00:00,,,2994.0,114.6,,91.92,90.95,93.58,,78.33,65.74,,95.2,71.11,94.68,,47.9,84.24,167.88,87.2,216.51
2009-09-01 00:00:00,,,2986.0,114.7,,91.71,90.77,93.41,,76.84,65.61,,95.6,70.89,94.68,,47.9,84.46,163.93,87.1,215.86
2009-08-01 00:00:00,,,2979.0,114.7,,91.69,90.74,93.43,,76.58,64.93,,95.6,70.54,94.71,,47.5,84.38,163.29,87.0,215.45
2009-07-01 00:00:00,,,2974.0,114.7,,91.38,90.48,93.15,,75.19,64.57,,95.3,70.37,94.71,,47.5,84.09,163.78,86.7,214.73
2009-06-01 00:00:00,,,2967.0,115.1,,91.98,90.9,93.14,,72.1,64.28,,95.6,70.18,94.12,,47.0,83.79,163.37,86.7,214.79
2009-05-01 00:00:00,,,2956.0,114.7,,91.8,90.72,93.01,,70.61,64.21,,95.8,70.05,93.55,,46.8,83.86,163.19,86.4,213.02
2009-04-01 00:00:00,,,2943.0,113.9,,91.75,90.55,92.99,,70.72,64.18,,96.0,70.25,93.02,,46.6,83.86,162.15,86.0,212.71
2009-03-01 00:00:00,,,2929.0,114.0,,91.42,90.25,92.98,,70.04,64.38,,95.9,70.01,92.39,,46.4,83.64,162.12,85.8,212.49
2009-02-01 00:00:00,,,2923.0,113.8,,91.08,89.93,93.12,,70.02,64.23,,95.6,69.61,91.19,,45.7,83.04,160.35,85.6,212.71
2009-01-01 00:00:00,,,2907.0,113.0,,90.71,89.46,93.03,,69.63,64.1,,95.9,69.46,89.71,,45.3,82.45,160.9,84.9,211.93
2008-12-01 00:00:00,,,2893.0,113.3,,91.47,90.01,93.01,,69.37,64.15,,96.4,69.3,87.63,,45.0,82.38,160.44,85.5,211.4
2008-11-01 00:00:00,,,2885.0,114.1,,91.59,90.17,93.34,,70.26,64.17,,96.8,68.82,87.03,,45.1,82.38,161.1,85.8,213.15
2008-10-01 00:00:00,,,2874.0,114.5,,92.04,90.51,93.76,,70.26,64.09,,97.7,68.05,86.32,,45.0,82.6,159.77,85.9,216.99
2008-09-01 00:00:00,,,2862.0,115.7,,92.01,90.48,93.71,,68.83,63.8,,97.8,67.58,85.54,,45.0,82.67,155.72,86.1,218.88
2008-08-01 00:00:00,,,2854.0,115.6,,91.84,90.23,93.6,,68.55,63.19,,97.8,67.13,84.86,,44.8,82.6,155.02,85.7,218.69
2008-07-01 00:00:00,,,2846.0,115.8,,91.97,90.26,93.81,,67.2,62.87,,97.5,66.74,84.56,,44.5,82.75,155.4,85.1,219.02
2008-06-01 00:00:00,,,2831.0,115.4,,92.11,90.34,93.6,,65.98,62.02,,97.3,66.37,84.13,,43.9,82.15,154.51,85.2,217.46
2008-05-01 00:00:00,,,2810.0,114.6,,91.76,89.97,93.25,,65.0,61.38,,96.8,66.1,83.32,,43.3,81.63,155.07,84.6,215.21
2008-04-01 00:00:00,,,2788.0,113.5,,91.19,89.41,92.89,,65.06,60.52,,96.0,66.17,82.21,,43.0,80.96,152.79,84.0,213.94
2008-03-01 00:00:00,,,2773.0,112.6,,90.9,89.04,92.76,,64.83,60.18,,96.1,66.02,81.06,,42.8,80.51,150.27,83.4,213.45
2008-02-01 00:00:00,,,2760.0,112.2,,90.02,88.3,92.34,,63.87,59.6,,95.7,65.54,80.1,,42.2,79.77,148.84,83.0,212.69
2008-01-01 00:00:00,,,2746.0,111.8,,89.7,87.92,92.37,,63.04,59.22,,95.9,65.35,79.15,,41.9,79.47,146.94,82.4,212.17
2007-12-01 00:00:00,,,2732.0,112.0,,90.05,88.11,92.09,,63.24,58.19,,96.0,65.05,77.36,,41.2,79.1,145.77,83.0,211.45
2007-11-01 00:00:00,,,2712.0,111.9,,89.69,87.75,91.83,,63.61,57.56,,95.9,64.78,76.5,,40.8,78.8,145.45,82.5,210.83
2007-10-01 00:00:00,,,2701.0,111.6,,89.21,87.3,91.3,,63.61,57.45,,96.0,64.33,75.57,,40.6,78.8,142.67,82.3,209.19
2007-09-01 00:00:00,,,2693.0,111.9,,88.78,86.85,90.97,,62.7,57.0,,95.8,64.08,74.35,,40.3,78.65,140.13,81.9,208.55
2007-08-01 00:00:00,,,2688.0,111.7,,88.45,86.53,90.74,,62.87,56.55,,95.8,63.58,73.76,,40.0,78.21,138.7,81.8,207.67
2007-07-01 00:00:00,,,2676.0,112.0,,88.39,86.42,90.53,,62.03,56.13,,95.3,63.33,73.7,,39.8,78.13,138.67,81.5,207.6
2007-06-01 00:00:00,,,2669.0,111.9,,88.61,86.65,90.39,,61.26,55.73,,95.4,63.06,73.06,,39.4,77.84,139.69,82.0,207.23
2007-05-01 00:00:00,,,2662.0,112.1,,88.52,86.54,90.26,,60.33,55.6,,95.6,62.98,72.37,,39.1,77.84,140.03,81.8,206.76
2007-04-01 00:00:00,,,2654.0,111.6,,88.31,86.31,90.18,,60.35,55.54,,95.3,63.29,71.92,,38.9,77.76,139.33,81.6,205.9
2007-03-01 00:00:00,,,2648.0,111.1,,87.75,85.83,89.93,,60.1,55.63,,95.0,63.33,71.51,,38.4,77.46,137.67,81.4,205.29
2007-02-01 00:00:00,,,2638.0,110.2,,87.17,85.31,89.79,,60.56,55.5,,94.7,63.19,71.09,,38.0,77.02,136.42,81.0,204.23
2007-01-01 00:00:00,,,2627.0,109.4,,86.92,85.03,89.81,,59.75,55.16,,95.2,63.02,70.31,,38.1,76.5,135.84,80.6,203.44
2006-12-01 00:00:00,,,2615.0,109.4,,87.37,85.4,89.78,,59.94,54.6,,95.4,62.69,69.15,,37.8,76.35,134.49,81.3,203.1
2006-11-01 00:00:00,,,2603.0,109.2,,87.03,85.08,89.61,,60.29,53.94,,95.3,62.33,68.61,,37.6,76.12,134.18,80.8,202.0
2006-10-01 00:00:00,,,2595.0,109.0,,87.0,85.02,89.47,,60.29,53.76,,95.8,62.01,68.18,,37.7,76.5,132.47,80.6,201.9
2006-09-01 00:00:00,,,2586.0,109.2,,86.93,84.95,89.59,,58.93,53.3,,96.0,61.74,67.99,,37.6,76.87,130.81,80.5,202.8
2006-08-01 00:00:00,,,2581.0,109.8,,86.93,84.91,89.7,,58.62,53.09,,96.0,61.12,67.93,,37.5,76.64,129.15,80.4,203.8
2006-07-01 00:00:00,,,2579.0,109.6,,86.85,84.76,89.54,,58.28,52.92,,95.3,60.81,67.8,,37.2,76.2,129.72,80.0,202.9
2006-06-01 00:00:00,,,2574.0,109.5,,86.96,84.85,89.36,,57.97,52.69,,95.6,60.64,67.35,,36.8,75.9,128.63,80.1,201.8
2006-05-01 00:00:00,,,2580.0,109.7,,86.89,84.76,89.32,,56.58,52.45,,95.6,60.59,67.16,,36.6,76.05,128.2,79.9,201.3
2006-04-01 00:00:00,,,2577.0,109.2,,86.66,84.47,89.06,,56.58,52.25,,95.3,60.86,66.84,,36.3,75.9,125.84,79.4,200.7
2006-03-01 00:00:00,,,2572.0,108.6,,86.09,83.92,88.87,,56.31,52.23,,95.1,60.77,66.61,,36.2,75.83,124.18,78.9,199.7
2006-02-01 00:00:00,,,2561.0,108.0,,85.59,83.52,88.85,,56.3,52.21,,94.9,60.7,66.07,,36.0,75.38,123.84,78.8,199.4
2006-01-01 00:00:00,,,2550.0,108.2,,85.35,83.28,88.68,,55.99,51.91,,95.2,60.6,64.99,,35.9,75.23,123.57,78.5,199.3
2005-12-01 00:00:00,,,2535.0,107.6,,85.74,83.62,88.48,,56.26,51.22,,95.1,60.25,63.44,,35.7,74.79,122.65,78.9,198.1
2005-11-01 00:00:00,,,2526.0,107.7,,85.45,83.38,88.38,,56.9,51.24,,95.0,59.88,62.93,,35.7,74.56,122.14,78.7,198.1
2005-10-01 00:00:00,,,2512.0,107.9,,85.64,83.53,88.49,,56.39,50.58,,95.4,59.45,62.47,,35.7,74.86,120.45,78.7,199.1
2005-09-01 00:00:00,,,2493.8,108.4,,85.42,83.33,88.46,,55.38,46.52,,95.4,59.31,62.12,,35.7,75.01,118.33,78.6,198.8
2005-08-01 00:00:00,,,2485.1,107.5,,84.98,82.95,88.08,,55.33,46.21,,95.1,59.07,61.97,,35.6,74.64,117.13,78.4,196.1
2005-07-01 00:00:00,,,2480.9,107.1,,84.78,82.77,87.85,,54.8,45.96,,95.0,59.0,62.06,,35.4,74.41,116.14,78.2,194.9
2005-06-01 00:00:00,,,2474.7,106.9,,84.87,82.83,87.69,,54.04,45.6,,95.1,58.77,61.77,,35.1,74.11,116.81,78.1,193.7
2005-05-01 00:00:00,,,2475.2,106.7,,84.78,82.75,87.51,,53.42,45.38,,95.5,58.83,61.38,,35.2,74.34,116.69,78.1,193.6
2005-04-01 00:00:00,,,2463.1,106.6,,84.6,82.55,87.56,,54.06,45.28,,95.4,58.98,60.89,,35.2,74.41,115.63,77.8,193.7
2005-03-01 00:00:00,,,2441.9,106.3,,84.25,82.21,87.56,,53.85,45.13,,95.3,58.77,60.22,,35.0,74.34,114.81,77.5,193.1
2005-02-01 00:00:00,,,2427.1,105.7,,83.62,81.69,87.24,,53.84,44.26,,95.0,58.5,59.42,,34.6,73.89,114.51,77.2,192.4
2005-01-01 00:00:00,,,2412.8,105.3,,83.32,81.42,86.85,,53.64,44.34,,95.3,58.31,58.7,,34.6,73.59,114.49,77.0,191.6
2004-12-01 00:00:00,,,2398.9,105.4,,83.85,81.85,87.12,,53.3,43.75,,95.5,58.31,57.2,,34.5,72.88,113.86,77.4,191.7
2004-11-01 00:00:00,,,2378.5,105.6,,83.53,81.56,87.01,,54.02,43.3,,96.0,58.19,56.56,,34.5,72.75,113.5,77.0,191.7
2004-10-01 00:00:00,,,2362.2,105.2,,83.59,81.58,86.85,,54.12,42.89,,96.2,57.69,55.94,,34.3,73.19,112.03,76.9,190.8
2004-09-01 00:00:00,,,2351.8,105.0,,83.26,81.27,86.6,,53.44,42.66,,95.7,57.3,55.31,,34.2,73.19,109.57,76.7,189.8
2004-08-01 00:00:00,,,2344.1,104.8,,83.17,81.17,86.52,,53.49,42.66,,95.4,56.83,55.07,,34.2,73.19,108.54,76.6,189.2
2004-07-01 00:00:00,,,2328.0,105.0,,83.0,81.03,86.41,,52.67,42.63,,95.3,56.48,54.84,,34.3,72.56,107.72,76.4,189.1
2004-06-01 00:00:00,,,2307.0,105.1,,83.18,81.2,86.3,,52.3,42.43,,95.6,56.33,54.34,,34.2,72.12,107.21,76.6,188.9
2004-05-01 00:00:00,,,2290.8,105.0,,83.14,81.16,86.16,,51.49,42.25,,95.4,56.24,53.92,,34.0,72.12,107.35,76.6,188.2
2004-04-01 00:00:00,,,2279.1,104.1,,82.88,80.85,85.93,,51.51,41.88,,95.3,56.38,53.52,,34.0,72.18,106.89,76.4,187.4
2004-03-01 00:00:00,,,2270.8,103.9,,82.46,80.47,85.87,,51.7,41.47,,95.3,56.3,53.0,,34.0,72.18,106.36,76.1,187.1
2004-02-01 00:00:00,,,2260.1,103.5,,81.94,80.03,85.76,,51.69,41.31,,95.1,56.11,52.6,,33.7,71.49,105.35,76.0,186.7
2004-01-01 00:00:00,,,2246.4,103.3,,81.75,79.84,85.53,,51.4,41.35,,95.1,55.77,52.09,,33.6,71.17,104.81,75.8,186.3
2003-12-01 00:00:00,,,2229.5,103.2,,81.95,80.08,85.39,,51.35,41.09,,95.3,55.43,51.19,,33.3,70.73,104.12,76.2,185.5
2003-11-01 00:00:00,,,2218.0,103.1,,81.7,79.84,85.26,,51.86,40.76,,95.2,55.19,50.63,,33.3,70.41,103.68,75.9,185.0
2003-10-01 00:00:00,,,2210.4,102.8,,81.66,79.82,85.02,,51.76,40.38,,95.7,54.74,50.15,,33.5,70.54,102.38,76.0,184.9
2003-09-01 00:00:00,,,2204.1,103.1,,81.54,79.71,84.83,,50.99,40.15,,95.7,54.54,49.66,,33.8,70.48,101.44,75.9,185.1
2003-08-01 00:00:00,,,2187.0,102.9,,81.25,79.42,84.54,,51.13,40.01,,95.6,54.22,49.49,,33.9,69.85,100.09,75.6,184.5
2003-07-01 00:00:00,,,2179.6,102.6,,81.13,79.28,84.38,,51.04,39.74,,95.4,54.05,49.69,,33.7,69.53,99.93,75.3,183.7
2003-06-01 00:00:00,,,2175.2,102.5,,81.25,79.39,84.23,,50.77,39.74,,95.6,53.98,49.34,,33.7,69.59,100.12,75.4,183.1
2003-05-01 00:00:00,,,2178.5,102.5,,81.15,79.34,83.98,,50.07,39.67,,95.9,53.93,48.95,,33.8,69.78,100.04,75.5,182.9
2003-04-01 00:00:00,,,2165.3,102.4,,81.21,79.38,84.17,,50.38,39.56,,95.7,54.11,48.56,,33.9,69.91,99.09,75.5,183.2
2003-03-01 00:00:00,,,2144.5,103.1,,81.08,79.25,84.43,,49.95,39.44,,95.4,54.01,48.07,,33.8,70.03,98.12,75.3,183.9
2003-02-01 00:00:00,,,2118.4,102.8,,80.62,78.82,84.34,,49.64,39.51,,95.1,53.67,47.57,,33.5,69.21,96.23,75.0,183.6
2003-01-01 00:00:00,,,2085.7,102.0,,80.3,78.5,83.9,,49.26,39.44,,95.4,53.53,46.81,,33.5,68.83,94.77,74.7,182.6
2002-12-01 00:00:00,,,2039.8,101.1,,80.36,78.62,83.56,,49.51,39.07,,95.7,53.31,45.71,,33.2,68.39,92.36,75.2,181.8
2002-11-01 00:00:00,,,1997.8,101.5,,79.97,78.27,83.38,,50.32,38.62,,95.7,53.08,45.02,,33.2,68.08,90.92,74.9,181.5
2002-10-01 00:00:00,,,1939.3,101.2,,80.03,78.32,83.22,,50.11,37.94,,95.7,52.65,44.3,,33.0,68.01,88.13,74.9,181.2
2002-09-01 00:00:00,,,1914.2,100.9,,79.84,78.14,83.07,,49.56,37.76,,95.9,52.42,43.84,,32.6,68.2,85.2,74.8,180.8
2002-08-01 00:00:00,,,1900.5,100.9,,79.64,77.93,82.99,,49.59,37.53,,95.9,52.11,43.66,,32.2,67.82,82.32,74.6,180.5
2002-07-01 00:00:00,,,1888.2,100.5,,79.59,77.85,82.82,,49.0,37.42,,95.6,51.91,43.62,,32.1,67.38,80.53,74.4,180.0
2002-06-01 00:00:00,,,1866.0,99.9,,79.67,77.96,82.58,,48.62,37.16,,96.0,51.76,43.31,,31.6,67.57,79.42,74.6,179.6
2002-05-01 00:00:00,,,1858.2,99.7,,79.71,77.99,82.49,,47.84,37.05,,96.1,51.51,43.08,,31.4,67.63,79.07,74.6,179.5
2002-04-01 00:00:00,,,1854.3,99.5,,79.56,77.85,82.48,,47.93,36.75,,95.8,51.41,42.37,,31.2,67.38,78.74,74.4,179.3
2002-03-01 00:00:00,,,1839.6,98.9,,79.21,77.5,82.28,,48.01,36.82,,95.5,51.13,41.88,,30.7,67.0,77.06,74.1,178.5
2002-02-01 00:00:00,,,1828.6,98.2,,78.76,77.08,82.17,,47.79,36.7,,95.3,50.87,41.43,,30.4,66.62,76.28,73.8,178.0
2002-01-01 00:00:00,,,1822.1,97.6,,78.63,76.96,82.19,,47.62,36.3,,95.8,50.9,40.96,,30.0,66.31,75.25,73.7,177.7
2001-12-01 00:00:00,,,1812.7,97.4,,78.54,76.93,81.81,,47.98,35.54,,96.0,50.43,39.74,,29.5,65.93,70.91,74.0,177.4
2001-11-01 00:00:00,,,1800.9,97.2,,78.19,76.62,81.63,,48.57,34.98,,96.1,50.37,39.11,,29.4,65.8,68.79,73.8,177.5
2001-10-01 00:00:00,,,1788.2,98.1,,78.24,76.69,81.69,,48.16,34.39,,96.6,50.18,38.58,,29.2,66.18,65.84,73.9,177.6
2001-09-01 00:00:00,,,1773.5,98.6,,78.18,76.67,81.57,,47.52,34.16,,96.6,49.95,38.17,,29.3,66.18,61.82,74.1,178.1
2001-08-01 00:00:00,,,1768.6,98.4,,77.97,76.44,81.52,,47.75,33.94,,96.7,49.49,37.94,,29.2,66.25,58.14,73.9,177.4
2001-07-01 00:00:00,,,1756.3,98.4,,78.03,76.44,81.5,,47.16,34.01,,96.4,49.2,37.94,,29.2,65.99,56.48,73.6,177.4
2001-06-01 00:00:00,,,1733.2,98.7,,78.21,76.69,81.42,,46.68,33.31,,96.7,49.33,37.77,,29.3,65.87,55.24,74.1,177.7
2001-05-01 00:00:00,,,1724.3,98.6,,78.1,76.58,81.27,,45.72,32.76,,96.9,49.21,37.17,,29.1,65.68,53.39,74.0,177.3
2001-04-01 00:00:00,,,1717.2,97.8,,77.73,76.18,80.88,,45.78,32.39,,96.8,49.1,36.52,,29.0,65.74,50.63,73.4,176.4
2001-03-01 00:00:00,,,1707.3,97.1,,77.27,75.72,80.6,,45.65,32.24,,96.7,48.85,35.87,,28.9,65.49,45.26,73.0,176.1
2001-02-01 00:00:00,,,1700.9,96.8,,76.86,75.34,80.5,,45.43,31.95,,96.8,48.54,35.22,,28.7,64.92,42.27,72.7,176.0
2001-01-01 00:00:00,,,1693.1,96.3,,76.63,75.12,80.39,,45.38,31.68,,97.1,48.58,34.43,,28.6,64.6,41.68,72.6,175.6
2000-12-01 00:00:00,,,1683.5,96.7,,76.96,75.5,80.74,,45.62,31.58,,97.1,48.31,33.51,,28.3,63.91,40.62,73.2,174.6
2000-11-01 00:00:00,,,1673.6,96.6,,76.68,75.28,80.69,,46.3,30.98,,97.0,47.79,32.97,,28.2,63.66,39.83,73.2,174.2
2000-10-01 00:00:00,,,1668.3,96.3,,76.52,75.12,80.34,,46.2,30.58,,97.3,47.39,32.47,,28.1,64.04,38.42,73.1,173.9
2000-09-01 00:00:00,,,1665.9,96.1,,76.5,75.09,80.36,,45.37,30.23,,97.3,47.06,31.8,,28.0,64.1,37.23,73.1,173.6
2000-08-01 00:00:00,,,1662.1,95.7,,76.2,74.71,80.05,,45.39,30.24,,97.4,46.72,31.39,,27.9,63.28,36.17,72.5,172.7
2000-07-01 00:00:00,,,1640.6,95.8,,76.14,74.66,79.87,,45.33,30.09,,97.1,46.46,31.08,,27.8,62.96,35.52,72.5,172.7
2000-06-01 00:00:00,,,1614.6,95.5,,76.04,74.68,79.76,,45.15,29.71,,97.4,46.28,30.54,,27.5,62.71,34.82,72.9,172.2
2000-05-01 00:00:00,,,1610.9,94.9,,75.76,74.46,79.49,,44.6,29.56,,97.6,46.01,29.78,,27.4,62.39,34.68,72.8,171.2
2000-04-01 00:00:00,,,1610.8,94.5,,75.67,74.34,79.44,,44.76,29.31,,97.5,45.84,29.27,,27.3,62.71,33.95,72.6,170.9
2000-03-01 00:00:00,,,1604.0,94.8,,75.6,74.24,79.56,,44.52,29.15,,97.3,45.58,29.01,,26.9,62.96,33.14,72.3,171.0
2000-02-01 00:00:00,,,1600.5,94.1,,75.37,73.98,79.46,,44.1,29.28,,97.1,45.33,28.82,,26.6,62.65,32.13,72.2,170.0
2000-01-01 00:00:00,,,1598.4,93.5,,75.13,73.75,79.47,,43.95,29.26,,97.4,44.93,28.53,,26.7,62.46,31.05,71.9,169.3
1999-12-01 00:00:00,,,1588.6,93.7,,75.09,73.86,79.24,,44.09,28.88,,97.5,44.34,27.88,,26.4,62.18,29.61,72.6,168.8
1999-11-01 00:00:00,,,1579.1,93.6,,74.84,73.61,79.0,,45.07,28.39,,97.8,43.9,27.53,,26.3,62.28,27.93,72.4,168.4
1999-10-01 00:00:00,,,1564.2,93.7,,74.74,73.52,78.84,,44.97,28.36,,98.4,43.51,27.2,,26.3,62.39,26.76,72.3,168.1
1999-09-01 00:00:00,,,1545.8,93.6,,74.71,73.5,78.77,,43.84,28.34,,98.2,43.24,26.83,,26.2,61.92,25.24,72.4,167.8
1999-08-01 00:00:00,,,1541.1,93.3,,74.67,73.37,78.69,,43.65,28.54,,97.9,42.82,26.44,,26.1,61.77,23.835,72.1,167.1
1999-07-01 00:00:00,,,1532.5,93.1,,74.58,73.26,78.61,,43.19,28.81,,97.6,42.58,26.13,,26.2,61.14,22.94,71.9,166.7
1999-06-01 00:00:00,,,1515.9,92.9,,74.45,73.28,78.53,,42.9,29.12,,98.0,42.3,25.42,,26.2,61.35,22.099,72.3,166.0
1999-05-01 00:00:00,,,1513.1,92.7,,74.45,73.3,78.53,,42.47,29.21,,98.3,42.03,24.941,,26.0,61.71,21.557,72.4,166.0
1999-04-01 00:00:00,,,1508.6,92.5,,74.4,73.22,78.53,,42.41,29.3,,98.3,41.77,24.399,,26.1,61.82,21.042,72.2,165.9
1999-03-01 00:00:00,,,1500.2,92.0,,74.15,72.95,78.37,,42.47,29.49,,97.8,41.39,23.681,,26.0,61.66,20.066,71.9,164.8
1999-02-01 00:00:00,,,1483.8,91.6,,73.94,72.67,78.37,,42.56,29.54,,97.7,41.01,23.039,,26.0,61.56,19.279,71.5,164.7
1999-01-01 00:00:00,,,1468.4,91.5,,73.76,72.52,78.22,,42.83,29.18,,98.1,40.47,22.125,,26.0,61.3,18.737,71.4,164.7
1998-12-01 00:00:00,,,1458.2,91.3,,73.81,72.65,78.3,,43.88,28.34,,98.6,39.47,20.414,,25.8,61.35,17.951,71.8,164.4
1998-11-01 00:00:00,,,1453.4,91.6,,73.77,72.58,78.22,,45.07,27.94,,99.0,38.53,18.291,,25.8,61.45,17.436,71.6,164.1
1998-10-01 00:00:00,,,1455.2,91.6,,73.77,72.57,78.22,,44.55,27.92,,99.1,37.86,17.309,,25.8,61.66,16.73,71.5,163.9
1998-09-01 00:00:00,,,1454.9,91.2,,73.79,72.58,78.22,,42.92,27.99,,98.4,37.33,16.557,,25.7,61.45,15.781,71.5,163.5
1998-08-01 00:00:00,,,1458.1,91.4,,73.85,72.53,78.3,,42.32,26.98,,97.6,36.73,11.961,,25.3,61.19,14.832,71.2,163.4
1998-07-01 00:00:00,,,1465.5,91.4,,73.83,72.47,78.3,,41.87,25.38,,97.7,36.38,11.537,,25.0,60.99,14.263,71.0,163.2
1998-06-01 00:00:00,,,1467.3,91.4,,73.8,72.55,78.3,,40.76,23.381,,98.3,36.03,11.518,,24.4,60.98,13.694,71.3,162.8
1998-05-01 00:00:00,,,1467.0,91.3,,73.76,72.54,78.22,,39.43,22.344,,98.7,35.61,11.509,,24.3,61.25,13.449,71.4,162.6
1998-04-01 00:00:00,,,1459.7,91.0,,73.61,72.35,78.22,,39.14,21.234,,98.4,35.33,11.451,,24.2,61.56,13.016,71.1,162.2
1998-03-01 00:00:00,,,1456.2,91.1,,73.46,72.13,78.14,,38.98,20.282,,98.2,35.0,11.408,,24.1,61.35,12.419,70.7,162.0
1998-02-01 00:00:00,,,1451.3,91.0,,73.4,72.0,78.14,,39.18,19.259,,97.8,34.6,11.336,,24.0,61.45,11.931,70.5,162.0
1998-01-01 00:00:00,,,1444.6,90.9,,73.2,71.83,77.98,,39.16,17.099,,97.9,34.0,11.236,,23.9,60.41,11.47,70.3,162.0
1997-12-01 00:00:00,,,1434.5,90.4,,73.26,71.95,78.06,,38.05,15.955,,98.0,33.28,11.068,,23.7,59.01,10.792,70.7,161.8
1997-11-01 00:00:00,,,1428.3,90.5,,73.18,71.87,78.14,,37.66,15.685,,98.2,32.82,10.963,,23.6,57.55,10.25,70.6,161.7
1997-10-01 00:00:00,,,1425.9,90.6,,73.09,71.78,77.91,,37.56,15.561,,98.9,32.46,10.897,,23.7,57.5,9.626,70.6,161.5
1997-09-01 00:00:00,,,1422.6,90.6,,73.07,71.74,77.91,,36.89,15.347,,98.6,32.2,10.878,,23.6,57.5,8.867,70.6,161.2
1997-08-01 00:00:00,,,1421.8,90.6,,73.02,71.61,77.83,,36.79,15.183,,97.9,31.8,10.911,,23.5,57.24,8.243,70.3,160.8
1997-07-01 00:00:00,,,1422.1,90.5,,72.9,71.45,77.67,,36.47,15.042,,97.8,31.52,10.926,,23.5,56.83,7.782,69.9,160.4
1997-06-01 00:00:00,,,1418.9,90.5,,72.83,71.47,77.59,,36.26,14.924,,98.2,31.25,10.826,,23.2,56.72,7.321,70.2,160.2
1997-05-01 00:00:00,,,1411.3,90.3,,72.8,71.43,77.51,,35.68,14.93,,98.2,30.98,10.708,,23.2,56.62,7.131,70.0,159.9
1997-04-01 00:00:00,,,1405.6,90.2,,72.6,71.22,77.44,,36.18,14.885,,98.0,30.7,10.608,,23.1,56.56,6.779,69.8,159.9
1997-03-01 00:00:00,,,1393.3,90.2,,72.65,71.19,77.44,,36.0,14.823,,96.1,30.37,10.507,,22.9,56.31,6.399,69.5,159.8
1997-02-01 00:00:00,,,1386.2,90.1,,72.59,71.07,77.51,,35.89,14.815,,96.0,29.99,10.359,,22.7,56.1,6.047,69.4,159.7
1997-01-01 00:00:00,,,1379.3,89.9,,72.42,70.92,77.51,,35.69,14.71,,96.2,29.5,10.202,,22.6,55.79,5.749,69.2,159.4
1996-12-01 00:00:00,,,1363.2,89.7,,72.19,70.8,77.28,,35.8,14.462,,96.3,28.76,9.969,,22.3,55.37,5.423,69.5,159.1
1996-11-01 00:00:00,,,1356.9,89.7,,72.01,70.61,77.12,,35.91,14.417,,96.2,27.87,9.829,,22.1,55.16,5.233,69.3,158.7
1996-10-01 00:00:00,,,1352.5,89.3,,72.0,70.58,77.12,,35.6,14.355,,96.5,27.45,9.648,,22.0,55.16,4.989,69.3,158.2
1996-09-01 00:00:00,,,1348.5,89.1,,71.93,70.53,76.89,,35.15,14.299,,96.3,27.11,9.533,,21.8,55.16,4.664,69.3,157.7
1996-08-01 00:00:00,,,1346.5,89.0,,71.8,70.32,76.73,,35.15,14.271,,95.9,26.69,9.502,,21.6,55.06,4.42,68.9,157.2
1996-07-01 00:00:00,,,1340.6,89.0,,71.84,70.28,76.89,,34.53,14.276,,96.0,26.34,9.522,,21.5,54.8,4.203,68.6,157.0
1996-06-01 00:00:00,,,1325.8,89.0,,71.84,70.39,76.89,,34.02,14.18,,96.1,25.97,9.454,,21.3,54.54,4.149,69.0,156.7
1996-05-01 00:00:00,,,1310.2,89.0,,71.83,70.37,76.81,,33.25,14.287,,96.4,25.55,9.345,,21.1,54.54,4.04,68.9,156.4
1996-04-01 00:00:00,,,1294.5,88.7,,71.66,70.19,76.73,,33.11,14.192,,96.2,25.09,9.197,,21.0,54.23,3.85,68.7,156.1
1996-03-01 00:00:00,,,1278.3,88.5,,71.54,70.0,76.65,,32.72,14.152,,95.6,24.4,9.003,,20.9,53.86,3.579,68.4,155.5
1996-02-01 00:00:00,,,1273.9,88.1,,71.29,69.7,76.26,,32.41,14.246,,95.4,23.874,8.758,,20.7,53.5,3.389,68.1,155.0
1996-01-01 00:00:00,,,1260.9,88.0,,70.97,69.4,76.18,,32.12,14.062,,95.6,23.33,8.52,,20.7,53.29,3.254,67.8,154.7
1995-12-01 00:00:00,,,1244.2,87.8,,,,76.03,,32.43,13.64,,95.7,22.52,8.184,,20.4,52.77,,68.0,153.9
1995-11-01 00:00:00,,,1225.1,88.0,,,,75.95,,33.03,13.533,,95.7,21.81,7.93,,20.3,52.41,,67.6,153.7
1995-10-01 00:00:00,,,1207.4,87.7,,,,75.79,,32.82,13.476,,96.0,21.285,7.584,,20.2,52.51,,67.6,153.5
1995-09-01 00:00:00,,,1190.6,87.8,,,,75.72,,32.39,13.386,,96.3,20.856,7.242,,20.1,52.77,,67.7,153.1
1995-08-01 00:00:00,,,1178.9,87.7,,,,75.56,,32.28,13.341,,95.7,20.433,6.933,,20.1,52.3,,67.4,152.9
1995-07-01 00:00:00,,,1167.3,87.9,,,,75.17,,31.88,13.296,,95.6,20.1,6.631,,20.1,51.99,,67.1,152.6
1995-06-01 00:00:00,,,1140.4,87.7,,,,75.17,,31.26,13.206,,96.1,19.698,6.292,,20.0,51.83,,67.4,152.4
1995-05-01 00:00:00,,,1115.2,87.7,,,,75.01,,30.41,13.183,,96.2,19.092,5.899,,20.0,51.99,,67.4,152.1
1995-04-01 00:00:00,,,1086.2,87.5,,,,74.93,,30.15,13.116,,96.0,18.326,5.466,,19.9,51.89,,67.0,151.8
1995-03-01 00:00:00,,,1060.5,87.2,,,,74.86,,30.05,12.902,,95.7,16.974,5.039,,19.7,51.57,,66.7,151.2
1995-02-01 00:00:00,,,1044.3,87.0,,,,74.78,,29.84,12.821,,95.8,16.029,4.625,,19.4,51.05,,66.3,150.9
1995-01-01 00:00:00,,,1033.7,86.6,,,,74.7,,29.47,12.659,,96.1,15.377,4.166,,19.4,50.85,,66.0,150.5
1994-12-01 00:00:00,,,1016.5,86.3,,,,74.46,,29.56,12.518,,96.1,14.819,3.538,,19.1,50.38,,66.0,150.1
1994-11-01 00:00:00,,,999.4,86.2,,,,74.39,,29.94,12.451,,96.3,14.69,3.038,,19.0,50.34,,65.7,149.8
1994-10-01 00:00:00,,,972.1,85.7,,,,74.39,,29.74,12.395,,96.6,14.612,2.651,,19.0,50.26,,65.7,149.4
1994-09-01 00:00:00,,,947.2,85.9,,,,74.23,,29.43,12.287,,96.2,14.536,2.3052,,18.9,50.41,,65.8,149.3
1994-08-01 00:00:00,,,933.0,85.8,,,,74.07,,29.1,12.22,,95.9,14.433,2.1352,,18.7,50.57,,65.7,149.0
1994-07-01 00:00:00,,,915.9,85.7,,,,74.07,,28.62,12.113,,95.4,14.366,2.0409,,18.4,50.18,,65.4,148.4
1994-06-01 00:00:00,,,857.3,85.4,,,,73.92,,28.3,11.949,,95.9,14.303,1.9376,,18.1,49.76,,65.8,147.9
1994-05-01 00:00:00,,,581.5,85.2,,,,73.84,,27.57,11.933,,96.3,14.232,1.828,,18.0,49.41,,65.8,147.5
1994-04-01 00:00:00,,,403.7,85.4,,,,73.68,,27.49,11.876,,96.2,14.163,1.7098,,17.9,49.37,,65.5,147.2
1994-03-01 00:00:00,,,283.0,85.4,,,,73.45,,27.39,11.842,,96.0,14.094,1.576,,17.8,49.3,,65.0,147.1
1994-02-01 00:00:00,,,198.22,85.4,,,,73.45,,27.18,11.762,,95.5,14.022,1.4673,,17.7,48.87,,64.8,146.7
1994-01-01 00:00:00,,,141.31,86.1,,,,73.37,,26.82,11.561,,95.5,13.95,1.324,,17.6,48.34,,64.5,146.3
1993-12-01 00:00:00,,,100.0,86.1,,,,73.37,,27.01,11.414,,95.4,13.843,1.123,,17.4,47.72,,64.7,146.3
1993-11-01 00:00:00,,,73.08,86.3,,,,73.29,,27.27,11.352,,95.4,13.738,0.9982,,17.3,47.45,,64.6,146.0
1993-10-01 00:00:00,,,53.91,85.9,,,,73.21,,26.96,11.307,,95.9,13.678,0.8577,,17.3,47.53,,64.7,145.6
1993-09-01 00:00:00,,,40.25,85.7,,,,73.06,,26.47,11.24,,96.0,13.622,0.7177,,17.2,47.33,,64.8,145.0
1993-08-01 00:00:00,,,29.67,85.7,,,,72.98,,26.23,11.211,,95.9,13.522,0.5835,,17.1,47.1,,64.5,144.8
1993-07-01 00:00:00,,,22.312,85.6,,,,72.82,,25.77,11.178,,95.6,13.45,0.4631,,17.0,46.95,,64.2,144.5
1993-06-01 00:00:00,,,17.069,85.4,,,,72.66,,25.54,11.099,,95.4,13.386,0.3784,,16.9,46.99,,64.5,144.3
1993-05-01 00:00:00,,,13.123,85.4,,,,72.59,,24.935,11.071,,95.4,13.311,0.3156,,16.8,46.76,,64.5,144.2
1993-04-01 00:00:00,,,10.277,85.2,,,,72.51,,25.04,11.059,,95.4,13.235,0.2672,,16.8,46.6,,64.3,143.8
1993-03-01 00:00:00,,,8.045,85.2,,,,72.43,,24.926,11.042,,94.7,13.16,0.2251,,16.3,46.33,,63.6,143.3
1993-02-01 00:00:00,,,6.321,85.3,,,,72.2,,24.715,10.877,,94.5,13.083,0.1874,,16.1,45.76,,63.2,143.1
1993-01-01 00:00:00,,,5.058,85.0,,,,72.04,,24.577,10.665,,94.4,12.977,0.1503,,16.0,45.45,,62.8,142.8
1992-12-01 00:00:00,,,3.88,84.7,,,,71.88,,24.858,10.361,,94.5,12.817,0.1195,,15.9,45.1,,63.2,142.3
1992-11-01 00:00:00,,,3.098,84.7,,,,71.8,,25.11,10.293,,94.5,12.637,0.0954,,15.9,44.99,,63.1,142.1
1992-10-01 00:00:00,,,2.529,84.3,,,,71.65,,25.11,10.265,,94.6,12.532,0.0757,,15.8,45.22,,63.1,141.7
1992-09-01 00:00:00,,,2.0196,84.2,,,,71.49,,24.831,10.225,,94.6,12.443,0.0616,,15.8,45.26,,62.9,141.1
1992-08-01 00:00:00,,,1.6205,84.2,,,,71.41,,24.797,10.209,,94.1,12.336,0.0552,,15.7,45.1,,62.7,140.8
1992-07-01 00:00:00,,,1.3268,84.2,,,,71.34,,24.652,10.186,,93.8,12.26,0.0509,,15.5,45.03,,62.6,140.5
1992-06-01 00:00:00,,,1.089,84.0,,,,71.26,,24.107,10.169,,94.6,12.183,0.046,,15.4,44.83,,62.9,140.1
1992-05-01 00:00:00,,,0.9059,83.8,,,,71.18,,23.719,10.102,,94.6,12.101,0.0386,,15.2,44.76,,62.9,139.7
1992-04-01 00:00:00,,,0.7256,83.7,,,,71.02,,23.608,10.09,,94.6,12.022,0.0345,,15.1,44.49,,62.7,139.4
1992-03-01 00:00:00,,,0.605,83.6,,,,70.87,,23.49,10.0,,93.6,11.916,0.0283,,14.9,44.22,,62.0,139.1
1992-02-01 00:00:00,,,0.4983,83.3,,,,70.79,,23.485,9.931,,93.1,11.796,0.0218,,14.8,43.75,,61.7,138.6
1992-01-01 00:00:00,,,0.4009,83.3,,,,70.55,,23.251,9.91,,93.2,11.658,0.0158,,14.6,43.49,,61.4,138.3
1991-12-01 00:00:00,,,0.3183,82.9,,,,70.55,,23.017,9.865,,93.4,11.45,0.0046,,14.5,43.18,,61.6,138.2
1991-11-01 00:00:00,,,0.2573,83.3,,,,70.63,,23.152,9.848,,93.8,11.186,0.0041,,14.3,43.1,,61.5,137.8
1991-10-01 00:00:00,,,0.2055,83.0,,,,70.32,,22.946,9.741,,93.7,10.915,0.0038,,14.1,42.91,,61.3,137.2
1991-09-01 00:00:00,,,0.1709,83.1,,,,70.01,,22.583,9.668,,92.7,10.79,0.0036,,13.9,42.83,,61.1,137.0
1991-08-01 00:00:00,,,0.1478,83.3,,,,70.01,,22.235,9.656,,92.5,10.683,0.0036,,13.7,42.6,,60.9,136.6
1991-07-01 00:00:00,,,0.1278,83.2,,,,69.77,,21.8,9.476,,92.3,10.61,0.0036,,13.5,42.25,,60.5,136.2
1991-06-01 00:00:00,,,0.1137,83.1,,,,69.54,,21.349,9.302,,92.4,10.517,0.0035,,13.3,41.98,,60.6,136.0
1991-05-01 00:00:00,,,0.1023,82.7,,,,69.22,,20.678,9.256,,92.8,10.407,0.0035,,13.3,41.72,,60.3,135.6
1991-04-01 00:00:00,,,0.0952,82.3,,,,69.07,,20.644,9.24,,92.3,10.307,0.0034,,13.1,41.6,,59.9,135.1
1991-03-01 00:00:00,,,0.0907,82.3,,,,68.83,,20.618,9.071,,91.8,10.2,0.0021,,12.9,41.41,,57.9,134.8
1991-02-01 00:00:00,,,0.081,82.0,,,,68.83,,20.716,9.063,,91.3,10.056,0.002,,12.8,40.91,,57.7,134.8
1991-01-01 00:00:00,,,0.0671,82.0,,,,68.75,,20.6,9.037,,91.6,9.884,0.0019,,12.6,40.37,,57.4,134.7
1990-12-01 00:00:00,,,0.0556,79.9,,,,68.44,,20.357,8.969,,91.0,9.638,,,12.5,39.52,,57.5,134.2
1990-11-01 00:00:00,,,0.0469,80.0,,,,68.44,,20.373,8.963,,91.1,9.344,,,12.4,39.29,,57.5,133.7
1990-10-01 00:00:00,,,0.0402,79.5,,,,68.44,,20.065,8.935,,91.2,9.102,,,12.1,39.25,,57.4,133.4
1990-09-01 00:00:00,,,0.0351,78.8,,,,68.21,,19.517,8.845,,90.2,8.973,,,12.0,39.14,,57.0,132.5
1990-08-01 00:00:00,,,0.0307,78.6,,,,67.82,,19.469,8.8,,89.5,8.847,,,11.9,38.91,,56.4,131.6
1990-07-01 00:00:00,,,0.0272,78.5,,,,67.27,,19.253,8.749,,89.2,8.699,,,11.7,38.75,,55.8,130.5
1990-06-01 00:00:00,,,0.0241,78.2,,,,67.19,,18.898,8.558,,89.4,8.543,,,11.6,38.64,,55.9,129.9
1990-05-01 00:00:00,,,0.0216,77.9,,,,67.03,,18.448,8.445,,89.7,8.359,,,11.5,38.45,,55.7,129.1
1990-04-01 00:00:00,,,0.02,77.5,,,,66.96,,18.396,8.378,,89.3,8.215,,,11.4,38.02,,55.2,128.9
1990-03-01 00:00:00,,,0.0173,77.5,,,,66.56,,18.156,8.282,,88.5,8.092,,,11.3,37.6,,54.2,128.6
1990-02-01 00:00:00,,,0.0095,77.2,,,,66.56,,17.947,8.314,,88.2,7.952,,,11.1,37.21,,54.0,128.0
1990-01-01 00:00:00,,,0.0054,76.7,,,,66.56,,17.744,8.237,,88.1,7.776,,,11.0,36.98,,53.6,127.5
1989-12-01 00:00:00,,,0.0032,76.1,,,,,,17.902,8.158,,87.7,7.418,,,10.9,36.15,,53.4,126.3
1989-11-01 00:00:00,,,0.0021,76.1,,,,,,18.11,8.163,,87.6,7.176,,,10.8,36.18,,53.3,125.9
1989-10-01 00:00:00,,,0.0014,75.9,,,,,,18.11,8.124,,88.5,7.077,,,10.6,36.12,,53.1,125.4
1989-09-01 00:00:00,,,0.001,75.6,,,,,,17.985,8.062,,87.9,6.973,,,10.5,36.03,,52.7,124.8
1989-08-01 00:00:00,,,0.0008,75.5,,,,,,17.829,8.045,,87.1,6.907,,,10.4,35.7,,52.4,124.5
1989-07-01 00:00:00,,,0.0006,75.4,,,,,,17.521,8.04,,87.2,6.842,,,10.3,35.44,,52.3,124.5
1989-06-01 00:00:00,,,0.0004,74.9,,,,,,17.366,8.0,,87.4,6.774,,,10.2,35.47,,52.3,124.1
1989-05-01 00:00:00,,,0.0003,74.6,,,,,,17.13,8.017,,87.4,6.693,,,10.1,35.41,,52.2,123.7
1989-04-01 00:00:00,,,0.0003,73.8,,,,,,17.067,7.966,,86.9,6.602,,,10.0,34.96,,51.9,123.1
1989-03-01 00:00:00,,,0.0003,73.6,,,,,,17.028,7.842,,85.4,6.505,,,9.8,34.82,,51.2,122.2
1989-02-01 00:00:00,,,0.0003,73.2,,,,,,16.921,7.824,,85.0,6.435,,,9.6,34.58,,51.0,121.6
1989-01-01 00:00:00,,,0.0002,72.7,,,,,,16.826,7.73,,85.3,6.349,,,9.6,34.46,,50.8,121.2
1988-12-01 00:00:00,,,0.0002,72.3,,,,,,16.981,7.69,,85.4,6.197,,,9.4,34.4,,50.6,120.7
1988-11-01 00:00:00,,,0.0001,72.3,,,,,,17.286,7.673,,85.7,6.071,,,9.3,34.11,,50.5,120.3
1988-10-01 00:00:00,,,0.0001,72.2,,,,,,17.184,7.64,,86.0,5.99,,,9.3,33.84,,50.3,119.9
1988-09-01 00:00:00,,,0.0001,71.8,,,,,,16.71,7.611,,85.6,5.945,,,9.2,33.93,,50.1,119.5
1988-08-01 00:00:00,,,0.0001,71.7,,,,,,16.63,7.611,,84.9,5.911,,,9.0,33.84,,49.9,119.0
1988-07-01 00:00:00,,,0.0,71.6,,,,,,16.43,7.583,,84.7,5.857,,,8.9,33.66,,49.7,118.5
1988-06-01 00:00:00,,,0.0,71.2,,,,,,16.207,7.499,,84.8,5.761,,,8.8,33.6,,49.7,118.0
1988-05-01 00:00:00,,,0.0,71.0,,,,,,15.855,7.471,,85.0,5.646,,,8.8,33.4,,49.5,117.5
1988-04-01 00:00:00,,,0.0,70.6,,,,,,15.819,7.403,,84.9,5.539,,,8.7,33.22,,49.3,117.2
1988-03-01 00:00:00,,,0.0,70.4,,,,,,15.67,7.352,,84.5,5.374,,,8.6,33.28,,48.7,116.5
1988-02-01 00:00:00,,,0.0,70.0,,,,,,15.586,7.345,,84.2,5.112,,,8.5,32.81,,48.6,116.2
1988-01-01 00:00:00,,,0.0,69.7,,,,,,15.579,7.307,,84.3,4.718,,,8.4,32.27,,48.4,116.0
1987-12-01 00:00:00,,,0.0,69.6,,,,,,15.61,7.285,,84.6,4.086,,,8.4,32.1,,,115.6
1987-11-01 00:00:00,,,0.0,69.5,,,,,,15.76,7.256,,84.7,3.561,,,8.3,31.83,,,115.4
1987-10-01 00:00:00,,,0.0,69.2,,,,,,15.656,7.132,,85.1,3.299,,,8.2,31.89,,,115.0
1987-09-01 00:00:00,,,0.0,69.0,,,,,,15.445,7.037,,85.1,3.045,,,8.2,31.86,,,114.7
1987-08-01 00:00:00,,,0.0,69.0,,,,,,15.303,6.986,,84.3,2.857,,,8.0,31.65,,,114.3
1987-07-01 00:00:00,,,0.0,68.9,,,,,,14.963,6.947,,84.3,2.641,,,7.9,31.21,,,113.8
1987-06-01 00:00:00,,,0.0,68.5,,,,,,14.82,6.918,,84.7,2.4431,,,7.9,31.3,,,113.5
1987-05-01 00:00:00,,,0.0,68.3,,,,,,14.457,6.901,,84.8,2.2783,,,7.8,31.33,,,113.0
1987-04-01 00:00:00,,,0.0,67.9,,,,,,14.329,6.772,,84.7,2.1186,,,7.7,30.86,,,112.7
1987-03-01 00:00:00,,,0.0,67.5,,,,,,14.278,6.766,,83.9,1.9482,,,7.6,30.68,,,112.2
1987-02-01 00:00:00,,,0.0,67.3,,,,,,14.275,6.782,,83.6,1.8274,,,7.5,30.44,,,111.8
1987-01-01 00:00:00,,,0.0,67.0,,,,,,14.235,6.687,,83.6,1.7044,,,7.4,30.38,,,111.4
1986-12-01 00:00:00,,,0.0,66.8,,,,,,14.28,6.665,,83.9,1.5767,,,7.3,30.26,,,110.8
1986-11-01 00:00:00,,,0.0,66.7,,,,,,14.445,6.642,,84.1,1.4613,,,7.2,30.26,,,110.4
1986-10-01 00:00:00,,,0.0,66.4,,,,,,14.3,6.609,,84.5,1.3688,,,7.1,30.32,,,110.2
1986-09-01 00:00:00,,,0.0,66.0,,,,,,14.017,6.479,,84.4,1.2948,,,7.1,30.62,,,110.0
1986-08-01 00:00:00,,,0.0,66.0,,,,,,13.97,6.299,,84.0,1.2215,,,6.9,30.44,,,109.6
1986-07-01 00:00:00,,,0.0,65.9,,,,,,13.808,6.287,,84.2,1.1313,,,6.8,30.47,,,109.5
1986-06-01 00:00:00,,,0.0,65.4,,,,,,13.636,6.299,,84.4,1.0776,,,6.7,30.44,,,109.4
1986-05-01 00:00:00,,,0.0,65.3,,,,,,13.388,6.287,,84.8,1.0126,,,6.6,30.5,,,109.0
1986-04-01 00:00:00,,,0.0,64.9,,,,,,13.332,6.209,,84.6,0.9593,,,6.6,30.32,,,108.7
1986-03-01 00:00:00,,,0.0,64.9,,,,,,13.278,6.203,,84.3,0.9117,,,6.5,30.35,,,109.1
1986-02-01 00:00:00,,,0.0,64.7,,,,,,13.171,6.224,,84.4,0.8712,,,6.4,30.29,,,109.7
1986-01-01 00:00:00,,,0.0,64.4,,,,,,13.012,6.18,,84.5,0.8341,,,6.4,30.12,,,109.9
1985-12-01 00:00:00,,,0.0,64.1,,,,,,13.075,6.107,,84.2,0.7663,,,6.2,29.85,,,109.5
1985-11-01 00:00:00,,,0.0,63.8,,,,,,13.152,6.085,,84.1,0.7175,,,6.1,29.67,,,109.0
1985-10-01 00:00:00,,,0.0,63.6,,,,,,13.048,6.068,,84.8,0.6859,,,6.0,30.03,,,108.5
1985-09-01 00:00:00,,,0.0,63.4,,,,,,12.832,6.062,,84.0,0.6608,,,5.9,29.94,,,108.1
1985-08-01 00:00:00,,,0.0,63.3,,,,,,12.85,6.073,,83.9,0.6354,,,5.8,29.61,,,107.9
1985-07-01 00:00:00,,,0.0,63.3,,,,,,12.712,6.079,,84.1,0.6088,,,5.8,29.55,,,107.7
1985-06-01 00:00:00,,,0.0,63.0,,,,,,12.559,6.085,,83.9,0.5883,,,5.7,29.55,,,107.5
1985-05-01 00:00:00,,,0.0,62.7,,,,,,12.337,6.028,,83.9,0.5739,,,5.7,29.53,,,107.2
1985-04-01 00:00:00,,,0.0,62.5,,,,,,12.318,6.011,,83.8,0.5606,,,5.6,29.32,,,107.0
1985-03-01 00:00:00,,,0.0,62.2,,,,,,12.197,5.859,,83.2,0.5439,,,5.5,29.29,,,106.8
1985-02-01 00:00:00,,,0.0,62.1,,,,,,12.171,5.847,,82.9,0.5236,,,5.5,29.26,,,106.3
1985-01-01 00:00:00,,,0.0,61.7,,,,,,12.166,5.876,,83.2,0.5027,,,5.3,29.05,,,105.7
1984-12-01 00:00:00,,,0.0,61.4,,,,,,12.204,5.848,,83.0,0.468,,,5.2,28.98,,,105.5
1984-11-01 00:00:00,,,0.0,61.4,,,,,,12.42,5.792,,82.8,0.4489,,,5.2,28.98,,,105.3
1984-10-01 00:00:00,,,0.0,61.1,,,,,,12.361,5.792,,83.2,0.434,,,5.1,29.04,,,105.1
1984-09-01 00:00:00,,,0.0,60.9,,,,,,12.213,5.786,,82.7,0.4194,,,5.0,29.19,,,104.7
1984-08-01 00:00:00,,,0.0,60.8,,,,,,12.184,5.792,,81.4,0.4072,,,5.0,28.85,,,104.4
1984-07-01 00:00:00,,,0.0,60.8,,,,,,12.09,5.803,,82.1,0.396,,,5.0,28.7,,,104.1
1984-06-01 00:00:00,,,0.0,60.6,,,,,,11.895,5.78,,81.9,0.3834,,,4.9,28.7,,,103.7
1984-05-01 00:00:00,,,0.0,60.2,,,,,,11.558,5.763,,82.5,0.37,,,4.9,28.85,,,103.5
1984-04-01 00:00:00,,,0.0,60.2,,,,,,11.591,5.73,,81.9,0.3582,,,4.8,28.89,,,103.3
1984-03-01 00:00:00,,,0.0,60.0,,,,,,11.611,5.651,,81.7,0.3433,,,4.7,28.81,,,102.9
1984-02-01 00:00:00,,,0.0,59.9,,,,,,11.671,5.639,,81.6,0.3292,,,4.7,28.7,,,102.6
1984-01-01 00:00:00,,,0.0,59.6,,,,,,11.651,5.549,,81.1,0.3127,,,4.6,28.45,,,102.1
1983-12-01 00:00:00,,,0.0,59.2,,,,,,11.602,5.363,,80.8,0.294,,,4.6,28.28,,,101.4
1983-11-01 00:00:00,,,0.0,59.1,,,,,,11.71,5.33,,81.1,0.282,,,4.6,28.2,,,101.1
1983-10-01 00:00:00,,,0.0,59.1,,,,,,11.647,5.318,,81.5,0.2663,,,4.5,28.26,,,100.8
1983-09-01 00:00:00,,,0.0,58.7,,,,,,11.486,5.318,,80.8,0.2578,,,4.5,28.28,,,100.4
1983-08-01 00:00:00,,,0.0,58.7,,,,,,11.414,5.273,,79.9,0.2501,,,4.5,28.24,,,100.1
1983-07-01 00:00:00,,,0.0,58.4,,,,,,11.182,5.279,,80.1,0.2407,,,4.4,28.22,,,99.8
1983-06-01 00:00:00,,,0.0,58.1,,,,,,11.047,5.234,,80.4,0.2294,,,4.4,28.22,,,99.4
1983-05-01 00:00:00,,,0.0,57.5,,,,,,10.717,5.155,,80.9,0.221,,,4.4,28.24,,,99.2
1983-04-01 00:00:00,,,0.0,57.4,,,,,,10.536,5.11,,80.1,0.2118,,,4.4,28.16,,,98.8
1983-03-01 00:00:00,,,0.0,57.4,,,,,,10.448,4.992,,79.7,0.1992,,,4.3,28.24,,,98.1
1983-02-01 00:00:00,,,0.0,56.8,,,,,,10.406,5.019,,79.3,0.19,,,4.3,28.14,,,98.0
1983-01-01 00:00:00,,,0.0,56.5,,,,,,10.24,5.009,,79.6,0.1804,,,4.2,27.95,,,97.9
1982-12-01 00:00:00,,,0.0,56.6,,,,,,10.317,4.789,,79.5,0.1627,,,4.2,27.74,,,97.7
1982-11-01 00:00:00,,,0.0,56.6,,,,,,10.354,4.761,,79.6,0.147,,,4.2,27.43,,,98.0
1982-10-01 00:00:00,,,0.0,56.3,,,,,,10.25,4.738,,80.3,0.1399,,,4.1,27.59,,,98.1
1982-09-01 00:00:00,,,0.0,55.9,,,,,,10.139,4.682,,80.1,0.133,,,4.1,27.66,,,97.7
1982-08-01 00:00:00,,,0.0,55.6,,,,,,10.145,4.642,,78.9,0.1263,,,4.0,27.53,,,97.7
1982-07-01 00:00:00,,,0.0,55.4,,,,,,9.88,4.665,,78.3,0.1135,,,3.9,27.45,,,97.5
1982-06-01 00:00:00,,,0.0,55.1,,,,,,9.741,4.614,,78.8,0.108,,,3.9,27.38,,,97.0
1982-05-01 00:00:00,,,0.0,54.5,,,,,,9.501,4.597,,78.8,0.103,,,3.9,27.22,,,95.9
1982-04-01 00:00:00,,,0.0,53.8,,,,,,9.517,4.592,,78.5,0.0975,,,3.9,27.01,,,95.0
1982-03-01 00:00:00,,,0.0,53.5,,,,,,9.511,4.592,,77.9,0.0925,,,3.8,26.96,,,94.7
1982-02-01 00:00:00,,,0.0,52.8,,,,,,9.532,4.585,,77.8,0.0892,,,3.7,26.71,,,94.7
1982-01-01 00:00:00,,,0.0,52.2,,,,,,9.496,4.558,,77.9,0.0859,,,3.7,26.59,,,94.4
1981-12-01 00:00:00,,,0.0,51.8,,,,,,9.548,4.355,,77.9,0.0818,,,3.7,26.46,,,94.1
1981-11-01 00:00:00,,,0.0,51.6,,,,,,9.645,4.332,,77.8,0.0797,,,3.6,26.31,,,93.8
1981-10-01 00:00:00,,,0.0,51.2,,,,,,9.604,4.349,,77.9,0.0782,,,3.6,26.54,,,93.4
1981-09-01 00:00:00,,,0.0,50.7,,,,,,9.453,4.299,,77.6,0.0765,,,3.6,26.61,,,93.1
1981-08-01 00:00:00,,,0.0,50.3,,,,,,9.438,4.304,,76.5,0.0751,,,3.5,26.27,,,92.2
1981-07-01 00:00:00,,,0.0,49.9,,,,,,9.24,4.282,,76.8,0.0735,,,3.4,26.0,,,91.5
1981-06-01 00:00:00,,,0.0,49.5,,,,,,9.099,4.231,,77.0,0.0723,,,3.4,25.75,,,90.5
1981-05-01 00:00:00,,,0.0,48.7,,,,,,8.905,4.214,,76.9,0.0713,,,3.3,25.06,,,89.7
1981-04-01 00:00:00,,,0.0,48.3,,,,,,8.852,4.208,,76.2,0.0702,,,3.3,24.511,,,89.1
1981-03-01 00:00:00,,,0.0,48.0,,,,,,8.741,4.169,,75.6,0.0687,,,3.3,24.301,,,88.6
1981-02-01 00:00:00,,,0.0,47.4,,,,,,8.698,4.14,,75.4,0.0672,,,3.3,23.84,,,88.0
1981-01-01 00:00:00,,,0.0,46.9,,,,,,8.502,4.113,,75.5,0.0656,,,3.2,23.651,,,87.2
1980-12-01 00:00:00,,,0.0,46.2,,,,,,8.47,4.056,,74.7,0.0636,,,3.2,23.274,,,86.4
1980-11-01 00:00:00,,,0.0,46.0,,,,,,8.578,4.045,,74.9,0.0619,,,3.2,22.561,,,85.6
1980-10-01 00:00:00,,,0.0,45.4,,,,,,8.474,3.961,,74.8,0.0609,,,3.1,22.435,,,84.7
1980-09-01 00:00:00,,,0.0,45.0,,,,,,8.335,3.893,,74.6,0.06,,,3.1,21.827,,,83.9
1980-08-01 00:00:00,,,0.0,44.7,,,,,,8.254,3.882,,73.4,0.0593,,,3.0,21.428,,,83.2
1980-07-01 00:00:00,,,0.0,44.2,,,,,,8.144,3.837,,73.6,0.0581,,,3.0,21.072,,,82.6
1980-06-01 00:00:00,,,0.0,43.9,,,,,,8.0,3.792,,73.5,0.0565,,,2.9,20.904,,,82.5
1980-05-01 00:00:00,,,0.0,43.4,,,,,,7.858,3.735,,73.2,0.0554,,,2.9,20.652,,,81.7
1980-04-01 00:00:00,,,0.0,42.9,,,,,,7.775,3.6,,72.6,0.0545,,,2.9,20.023,,,80.9
1980-03-01 00:00:00,,,0.0,42.6,,,,,,7.763,3.566,,71.3,0.0536,,,2.8,19.877,,,80.1
1980-02-01 00:00:00,,,0.0,42.3,,,,,,7.676,3.554,,70.9,0.0525,,,2.8,19.164,,,79.0
1980-01-01 00:00:00,,,0.0,41.8,,,,,,7.678,3.504,,70.3,0.0513,,,2.8,18.368,,,78.0
1979-12-01 00:00:00,,,0.0,41.6,,,,,,7.764,3.465,,69.7,0.049,,,2.8,17.605,,,76.9
1979-11-01 00:00:00,,,0.0,41.4,,,,,,7.683,3.437,,69.2,0.0481,,,2.8,17.187,,,76.0
1979-10-01 00:00:00,,,0.0,41.0,,,,,,7.62,3.414,,69.5,0.0475,,,2.8,16.931,,,75.2
1979-09-01 00:00:00,,,0.0,40.7,,,,,,7.527,3.386,,68.7,0.0467,,,2.7,16.818,,,74.4
1979-08-01 00:00:00,,,0.0,40.3,,,,,,7.485,3.358,,67.8,0.0461,,,2.7,16.59,,,73.7
1979-07-01 00:00:00,,,0.0,40.2,,,,,,7.298,3.285,,68.5,0.0454,,,2.7,16.534,,,73.0
1979-06-01 00:00:00,,,0.0,39.9,,,,,,7.152,3.206,,67.9,0.0449,,,2.6,16.458,,,72.2
1979-05-01 00:00:00,,,0.0,39.7,,,,,,6.972,3.127,,67.8,0.0444,,,2.5,16.306,,,71.4
1979-04-01 00:00:00,,,0.0,39.3,,,,,,6.989,3.037,,67.2,0.0438,,,2.5,15.814,,,70.6
1979-03-01 00:00:00,,,0.0,39.0,,,,,,6.912,2.947,,66.4,0.0434,,,2.5,15.435,,,69.9
1979-02-01 00:00:00,,,,38.6,,,,,,6.847,2.946,,65.8,0.0428,,,2.5,15.16,,,69.2
1979-01-01 00:00:00,,,,38.1,,,,,,6.871,2.879,,66.0,0.0422,,,2.5,14.648,,,68.5
1978-12-01 00:00:00,,,,37.9,,,,,,6.951,2.873,,65.9,0.0408,,,2.4,14.525,,,67.9
1978-11-01 00:00:00,,,,37.8,,,,,,7.1,2.839,,66.0,0.0404,,,2.4,14.468,,,67.5
1978-10-01 00:00:00,,,,37.6,,,,,,7.1,2.777,,66.6,0.04,,,2.4,14.392,,,67.1
1978-09-01 00:00:00,,,,37.1,,,,,,6.966,2.755,,66.5,0.0396,,,2.4,14.269,,,66.5
1978-08-01 00:00:00,,,,37.2,,,,,,6.882,2.789,,65.8,0.0391,,,2.4,13.985,,,65.9
1978-07-01 00:00:00,,,,37.1,,,,,,6.819,2.755,,65.6,0.0387,,,2.3,13.956,,,65.5
1978-06-01 00:00:00,,,,36.6,,,,,,6.775,2.71,,65.4,0.0381,,,2.3,13.757,,,65.0
1978-05-01 00:00:00,,,,36.3,,,,,,6.643,2.749,,65.7,0.0376,,,2.3,13.388,,,64.5
1978-04-01 00:00:00,,,,35.8,,,,,,6.675,2.761,,65.3,0.0372,,,2.3,13.255,,,63.9
1978-03-01 00:00:00,,,,35.7,,,,,,6.682,2.71,,64.6,0.0368,,,2.2,13.274,,,63.4
1978-02-01 00:00:00,,,,35.4,,,,,,6.658,2.698,,64.1,0.0364,,,2.2,13.104,,,63.0
1978-01-01 00:00:00,,,,35.1,,,,,,6.723,2.693,,63.7,0.0359,,,2.2,12.839,,,62.7
1977-12-01 00:00:00,,,,34.9,,,,,,6.848,2.693,,63.5,0.0351,,,2.2,12.479,,,62.3
1977-11-01 00:00:00,,,,34.7,,,,,,6.888,2.654,,63.6,0.0346,,,2.2,12.365,,,62.0
1977-10-01 00:00:00,,,,34.5,,,,,,6.888,2.625,,64.3,0.0343,,,2.2,12.318,,,61.6
1977-09-01 00:00:00,,,,34.2,,,,,,6.863,2.62,,63.9,0.034,,,2.1,12.356,,,61.3
1977-08-01 00:00:00,,,,33.9,,,,,,6.796,2.58,,62.9,0.0334,,,2.1,12.318,,,61.1
1977-07-01 00:00:00,,,,33.9,,,,,,6.716,2.563,,62.8,0.0327,,,2.1,12.157,,,60.8
1977-06-01 00:00:00,,,,33.5,,,,,,6.632,2.524,,63.0,0.0324,,,2.1,12.004,,,60.5
1977-05-01 00:00:00,,,,33.4,,,,,,6.54,2.524,,63.2,0.032,,,2.1,11.891,,,60.2
1977-04-01 00:00:00,,,,33.0,,,,,,6.491,2.4845,,62.6,0.0317,,,2.1,11.768,,,60.0
1977-03-01 00:00:00,,,,32.8,,,,,,6.493,2.462,,61.6,0.0312,,,2.0,11.758,,,59.6
1977-02-01 00:00:00,,,,32.4,,,,,,6.451,2.4503,,61.3,0.0307,,,2.0,11.597,,,59.3
1977-01-01 00:00:00,,,,32.2,,,,,,6.352,2.4451,,60.9,0.03,,,2.0,11.332,,,58.7
1976-12-01 00:00:00,,,,31.9,,,,,,6.349,2.4057,,60.4,0.0291,,,2.0,11.247,,,58.4
1976-11-01 00:00:00,,,,31.8,,,,,,6.386,2.4113,,59.7,0.0284,,,1.9,11.18,,,58.1
1976-10-01 00:00:00,,,,31.7,,,,,,6.346,2.4057,,59.7,0.0272,,,1.9,11.19,,,57.9
1976-09-01 00:00:00,,,,31.5,,,,,,6.261,2.4057,,59.4,0.0257,,,1.9,11.313,,,57.6
1976-08-01 00:00:00,,,,31.3,,,,,,6.198,2.3493,,57.9,0.0249,,,1.9,11.228,,,57.3
1976-07-01 00:00:00,,,,31.3,,,,,,6.139,2.3099,,58.3,0.0246,,,1.9,11.114,,,57.0
1976-06-01 00:00:00,,,,31.1,,,,,,6.03,2.2874,,57.9,0.0244,,,1.9,10.906,,,56.7
1976-05-01 00:00:00,,,,30.9,,,,,,5.966,2.2479,,57.8,0.0243,,,1.8,10.801,,,56.4
1976-04-01 00:00:00,,,,30.7,,,,,,5.993,2.2085,,57.6,0.0242,,,1.8,10.735,,,56.1
1976-03-01 00:00:00,,,,30.6,,,,,,5.952,2.1972,,56.3,0.024,,,1.8,10.621,,,56.0
1976-02-01 00:00:00,,,,30.5,,,,,,6.036,2.1968,,56.1,0.0238,,,1.8,10.441,,,55.9
1976-01-01 00:00:00,,,,30.3,,,,,,6.168,2.1521,,55.7,0.0233,,,1.8,10.328,,,55.8
1975-12-01 00:00:00,,,,30.2,,,,,,6.349,2.1071,,54.7,0.0229,,,1.8,10.261,,,55.6
1975-11-01 00:00:00,,,,30.1,,,,,,6.576,2.062,,54.7,0.0227,,,1.8,10.214,,,55.3
1975-10-01 00:00:00,,,,29.8,,,,,,6.599,2.0057,,54.9,0.0225,,,1.7,10.29,,,54.9
1975-09-01 00:00:00,,,,29.6,,,,,,6.616,1.9888,,54.1,0.0224,,,1.7,10.148,,,54.6
1975-08-01 00:00:00,,,,29.5,,,,,,6.675,1.9155,,52.9,0.0223,,,1.7,9.807,,,54.2
1975-07-01 00:00:00,,,,29.2,,,,,,6.698,1.8986,,53.1,0.0221,,,1.7,9.598,,,54.0
1975-06-01 00:00:00,,,,28.8,,,,,,6.798,1.8817,,52.9,0.0219,,,1.7,9.427,,,53.5
1975-05-01 00:00:00,,,,28.5,,,,,,6.723,1.8817,,52.9,0.0215,,,1.7,9.304,,,53.1
1975-04-01 00:00:00,,,,28.2,,,,,,6.698,1.8648,,52.6,0.0212,,,1.7,8.982,,,53.0
1975-03-01 00:00:00,,,,28.0,,,,,,6.682,1.831,,51.7,0.0211,,,1.6,8.707,,,52.8
1975-02-01 00:00:00,,,,27.9,,,,,,6.761,1.7969,,51.3,0.0209,,,1.6,8.546,,,52.6
1975-01-01 00:00:00,,,,27.6,,,,,,6.746,1.7803,,51.2,0.0208,,,1.6,8.395,,,52.3
1974-12-01 00:00:00,,,,27.6,,,,,,6.767,1.7634,,50.6,0.0206,,,1.6,8.115,,,51.9
1974-11-01 00:00:00,,,,27.3,,,,,,6.91,1.724,,50.5,0.0204,,,1.6,7.989,,,51.5
1974-10-01 00:00:00,,,,27.1,,,,,,6.992,1.6902,,50.1,0.0198,,,1.6,7.883,,,51.0
1974-09-01 00:00:00,,,,26.8,,,,,,6.926,1.6451,,49.0,0.0195,,,1.6,7.957,,,50.6
1974-08-01 00:00:00,,,,26.6,,,,,,6.675,1.6113,,48.3,0.0192,,,1.5,7.827,,,49.9
1974-07-01 00:00:00,,,,26.3,,,,,,6.43,1.6113,,47.8,0.019,,,1.5,7.59,,,49.3
1974-06-01 00:00:00,,,,26.1,,,,,,6.237,1.6057,,46.9,0.0188,,,1.5,7.427,,,49.0
1974-05-01 00:00:00,,,,25.9,,,,,,6.046,1.5888,,46.6,0.0186,,,1.5,7.483,,,48.6
1974-04-01 00:00:00,,,,25.4,,,,,,5.867,1.5888,,46.4,0.0184,,,1.5,7.446,,,48.1
1974-03-01 00:00:00,,,,25.2,,,,,,5.722,1.5268,,45.3,0.0182,,,1.4,7.31,,,47.8
1974-02-01 00:00:00,,,,24.9,,,,,,5.554,1.504,,45.0,0.0181,,,1.4,7.045,,,47.3
1974-01-01 00:00:00,,,,24.7,,,,,,5.46,1.4535,,43.6,0.0177,,,1.4,6.692,,,46.8
1973-12-01 00:00:00,,,,24.5,,,,,,5.396,1.3183,,41.8,0.017,,,1.4,6.417,,,46.3
1973-11-01 00:00:00,,,,24.4,,,,,,5.405,1.2733,,40.5,0.0164,,,1.4,6.241,,,45.9
1973-10-01 00:00:00,,,,24.2,,,,,,5.302,1.2507,,40.2,0.0162,,,1.4,6.167,,,45.6
1973-09-01 00:00:00,,,,24.1,,,,,,5.144,1.2169,,40.0,0.016,,,1.4,6.157,,,45.2
1973-08-01 00:00:00,,,,24.0,,,,,,5.135,1.1775,,38.9,0.0156,,,1.4,6.106,,,45.0
1973-07-01 00:00:00,,,,23.7,,,,,,5.02,1.1775,,38.6,0.0154,,,1.3,6.045,,,44.2
1973-06-01 00:00:00,,,,23.4,,,,,,4.828,1.1211,,38.3,0.015,,,1.3,6.013,,,44.2
1973-05-01 00:00:00,,,,23.2,,,,,,4.688,1.0648,,38.2,0.0149,,,1.3,6.027,,,43.9
1973-04-01 00:00:00,,,,23.1,,,,,,4.583,1.0648,,37.6,0.0147,,,1.3,5.994,,,43.7
1973-03-01 00:00:00,,,,22.8,,,,,,4.497,1.0366,,36.9,0.0145,,,1.3,5.962,,,43.4
1973-02-01 00:00:00,,,,22.8,,,,,,4.432,1.0252,,36.0,0.0144,,,1.3,5.953,,,43.0
1973-01-01 00:00:00,,,,22.6,,,,,,4.345,1.0197,,35.7,0.0142,,,1.3,5.934,,,42.7
1972-12-01 00:00:00,,,,22.4,,,,,,4.358,1.0366,,35.4,0.014,,,1.3,5.915,,,42.5
1972-11-01 00:00:00,,,,22.3,,,,,,4.384,0.9747,,35.1,0.014,,,1.3,5.911,,,42.4
1972-10-01 00:00:00,,,,22.3,,,,,,4.361,0.8789,,35.2,0.0139,,,1.3,6.022,,,42.2
1972-09-01 00:00:00,,,,22.3,,,,,,4.313,0.8451,,35.0,0.0139,,,1.3,6.092,,,42.1
1972-08-01 00:00:00,,,,22.2,,,,,,4.303,0.8338,,34.8,0.0138,,,1.2,6.087,,,41.9
1972-07-01 00:00:00,,,,22.0,,,,,,4.237,0.8282,,34.5,0.0137,,,1.2,5.994,,,41.8
1972-06-01 00:00:00,,,,21.7,,,,,,4.164,0.8338,,34.5,0.0137,,,1.2,5.929,,,41.7
1972-05-01 00:00:00,,,,21.7,,,,,,4.029,0.8507,,34.5,0.0136,,,1.2,5.897,,,41.6
1972-04-01 00:00:00,,,,21.7,,,,,,4.045,0.8563,,34.4,0.0136,,,1.2,5.874,,,41.5
1972-03-01 00:00:00,,,,21.6,,,,,,4.037,0.8563,,34.0,0.0135,,,1.2,5.836,,,41.4
1972-02-01 00:00:00,,,,21.5,,,,,,4.014,0.8562,,33.7,0.0134,,,1.2,5.678,,,41.4
1972-01-01 00:00:00,,,,21.4,,,,,,4.013,0.8394,,33.5,0.0134,,,1.2,5.502,,,41.2
1971-12-01 00:00:00,,,,21.3,,,,,,4.048,0.8225,,33.5,0.0133,,,1.2,5.418,,,41.1
1971-11-01 00:00:00,,,,21.2,,,,,,4.113,0.8282,,33.5,0.0132,,,1.2,5.367,,,41.0
1971-10-01 00:00:00,,,,21.2,,,,,,4.09,0.8056,,33.8,0.0132,,,1.2,5.357,,,40.9
1971-09-01 00:00:00,,,,21.1,,,,,,4.062,0.7944,,33.7,0.0132,,,1.2,5.399,,,40.8
1971-08-01 00:00:00,,,,21.2,,,,,,4.033,0.8,,32.9,0.0132,,,1.2,5.311,,,40.7
1971-07-01 00:00:00,,,,21.0,,,,,,3.929,0.8056,,32.9,0.013,,,1.2,5.264,,,40.6
1971-06-01 00:00:00,,,,20.8,,,,,,3.877,0.8056,,32.9,0.0131,,,1.2,5.171,,,40.5
1971-05-01 00:00:00,,,,20.7,,,,,,3.784,0.8169,,32.8,0.013,,,1.1,5.18,,,40.3
1971-04-01 00:00:00,,,,20.7,,,,,,3.816,0.8394,,32.7,0.013,,,1.1,5.274,,,40.1
1971-03-01 00:00:00,,,,20.5,,,,,,3.83,0.8507,,32.3,0.0129,,,1.1,5.297,,,40.0
1971-02-01 00:00:00,,,,20.5,,,,,,3.829,0.8506,,32.2,0.0129,,,1.1,5.199,,,39.9
1971-01-01 00:00:00,,,,20.4,,,,,,3.807,0.8282,,32.2,0.0128,,,1.1,5.097,,,39.9
1970-12-01 00:00:00,,,,20.3,,,,,,3.86,0.8056,,31.9,0.0127,,,1.1,4.967,,,39.8
1970-11-01 00:00:00,,,,20.4,,,,,,3.946,0.8,,31.7,0.0126,,,1.1,4.799,,,39.6
1970-10-01 00:00:00,,,,20.4,,,,,,3.946,0.7718,,31.7,0.0125,,,1.1,4.808,,,39.4
1970-09-01 00:00:00,,,,20.4,,,,,,3.896,0.7718,,31.2,0.0125,,,1.1,4.716,,,39.2
1970-08-01 00:00:00,,,,20.5,,,,,,3.889,0.7887,,30.7,0.0125,,,1.1,4.604,,,39.0
1970-07-01 00:00:00,,,,20.5,,,,,,3.844,0.7887,,30.8,0.0124,,,1.1,4.572,,,38.9
1970-06-01 00:00:00,,,,20.3,,,,,,3.836,0.7887,,30.8,0.0123,,,1.1,4.539,,,38.8
1970-05-01 00:00:00,,,,20.3,,,,,,3.762,0.7775,,30.8,0.0123,,,1.1,4.637,,,38.6
1970-04-01 00:00:00,,,,20.3,,,,,,3.753,0.7775,,30.9,0.0122,,,1.1,4.683,,,38.5
1970-03-01 00:00:00,,,,20.2,,,,,,3.726,0.7887,,30.6,0.0122,,,1.1,4.585,,,38.3
1970-02-01 00:00:00,,,,20.2,,,,,,3.685,0.7942,,30.3,0.0122,,,1.1,4.488,,,38.1
1970-01-01 00:00:00,,,,20.2,,,,,,3.664,0.7944,,30.3,0.0122,,,1.1,4.399,,,37.9
1969-12-01 00:00:00,,,,20.1,,,,,,3.675,0.738,,,0.0121,,,1.1,4.341,,,37.7
1969-11-01 00:00:00,,,,19.9,,,,,,3.697,0.7268,,,0.012,,,1.1,4.247,,,37.5
1969-10-01 00:00:00,,,,19.9,,,,,,3.715,0.7155,,,0.012,,,1.1,4.2,,,37.3
1969-09-01 00:00:00,,,,19.9,,,,,,3.712,0.7042,,,0.0119,,,1.1,4.09,,,37.1
1969-08-01 00:00:00,,,,19.9,,,,,,3.722,0.7042,,,0.0118,,,1.0,3.963,,,36.9
1969-07-01 00:00:00,,,,19.8,,,,,,3.7,0.6817,,,0.0118,,,1.0,3.942,,,36.8
1969-06-01 00:00:00,,,,19.7,,,,,,3.688,0.6704,,,0.0117,,,1.0,3.942,,,36.6
1969-05-01 00:00:00,,,,19.6,,,,,,3.557,0.6817,,,0.0117,,,1.0,3.929,,,36.4
1969-04-01 00:00:00,,,,19.6,,,,,,3.546,0.6817,,,0.0117,,,1.0,3.903,,,36.3
1969-03-01 00:00:00,,,,19.3,,,,,,3.537,0.7155,,,0.0116,,,1.0,3.882,,,36.1
1969-02-01 00:00:00,,,,19.2,,,,,,3.518,0.6985,,,0.0116,,,1.0,3.853,,,35.8
1969-01-01 00:00:00,,,,19.2,,,,,,3.516,0.6873,,,0.0116,,,1.0,3.829,,,35.7
1968-12-01 00:00:00,,,,19.2,,,,,,3.55,0.6761,,,0.0104,,,1.0,3.733,,,35.6
1968-11-01 00:00:00,,,,19.2,,,,,,3.674,0.7662,,,0.0104,,,1.0,3.756,,,35.4
1968-10-01 00:00:00,,,,19.0,,,,,,3.756,0.6254,,,0.0104,,,1.0,3.67,,,35.3
1968-09-01 00:00:00,,,,19.0,,,,,,3.712,0.631,,,0.0104,,,1.0,3.574,,,35.1
1968-08-01 00:00:00,,,,19.0,,,,,,3.7,0.631,,,0.0104,,,1.0,3.555,,,35.0
1968-07-01 00:00:00,,,,18.9,,,,,,3.597,0.6141,,,0.0104,,,1.0,3.532,,,34.9
1968-06-01 00:00:00,,,,18.7,,,,,,3.625,0.5859,,,0.0104,,,1.0,3.535,,,34.7
1968-05-01 00:00:00,,,,18.6,,,,,,3.566,0.569,,,0.0104,,,1.0,3.521,,,34.5
1968-04-01 00:00:00,,,,18.6,,,,,,3.627,0.5409,,,0.0104,,,1.0,3.514,,,34.4
1968-03-01 00:00:00,,,,18.6,,,,,,3.622,0.5747,,,0.0104,,,1.0,3.516,,,34.3
1968-02-01 00:00:00,,,,18.5,,,,,,3.689,0.5577,,,0.0104,,,1.0,3.482,,,34.2
1968-01-01 00:00:00,,,,18.5,,,,,,3.722,0.507,,,0.0104,,,1.0,3.427,,,34.1
1967-12-01 00:00:00,,,,18.4,,,,,,3.631,,,,,,,1.0,3.362,,,34.0
1967-11-01 00:00:00,,,,18.3,,,,,,3.688,,,,,,,1.0,3.365,,,33.9
1967-10-01 00:00:00,,,,18.3,,,,,,3.702,,,,,,,1.0,3.344,,,33.7
1967-09-01 00:00:00,,,,18.3,,,,,,3.627,,,,,,,1.0,3.291,,,33.6
1967-08-01 00:00:00,,,,18.3,,,,,,3.655,,,,,,,1.0,3.24,,,33.5
1967-07-01 00:00:00,,,,18.2,,,,,,3.597,,,,,,,1.0,3.201,,,33.4
1967-06-01 00:00:00,,,,18.1,,,,,,3.576,,,,,,,1.0,3.195,,,33.3
1967-05-01 00:00:00,,,,18.0,,,,,,3.464,,,,,,,1.0,3.231,,,33.1
1967-04-01 00:00:00,,,,17.9,,,,,,3.425,,,,,,,1.0,3.201,,,33.1
1967-03-01 00:00:00,,,,17.8,,,,,,3.402,,,,,,,1.0,3.117,,,33.0
1967-02-01 00:00:00,,,,17.7,,,,,,3.369,,,,,,,1.0,3.075,,,33.0
1967-01-01 00:00:00,,,,17.7,,,,,,3.333,,,,,,,1.0,3.031,,,32.9
1966-12-01 00:00:00,,,,17.7,,,,,,3.343,,,,,,,1.0,3.015,,,32.92
1966-11-01 00:00:00,,,,17.6,,,,,,3.313,,,,,,,1.0,3.012,,,32.88
1966-10-01 00:00:00,,,,17.6,,,,,,3.277,,,,,,,1.0,3.091,,,32.85
1966-09-01 00:00:00,,,,17.6,,,,,,3.236,,,,,,,1.0,3.012,,,32.75
1966-08-01 00:00:00,,,,17.6,,,,,,3.227,,,,,,,1.0,2.957,,,32.65
1966-07-01 00:00:00,,,,17.5,,,,,,3.177,,,,,,,1.0,2.897,,,32.45
1966-06-01 00:00:00,,,,17.5,,,,,,3.136,,,,,,,1.0,2.911,,,32.38
1966-05-01 00:00:00,,,,17.4,,,,,,3.041,,,,,,,1.0,2.906,,,32.35
1966-04-01 00:00:00,,,,17.4,,,,,,2.967,,,,,,,1.0,2.827,,,32.28
1966-03-01 00:00:00,,,,17.3,,,,,,2.96,,,,,,,1.0,2.798,,,32.18
1966-02-01 00:00:00,,,,17.2,,,,,,2.959,,,,,,,0.9,2.754,,,32.08
1966-01-01 00:00:00,,,,17.1,,,,,,2.925,,,,,,,0.9,2.678,,,31.88
1965-12-01 00:00:00,,,,17.1,,,,,,2.934,,,,,,,0.9,2.616,,,31.85
1965-11-01 00:00:00,,,,17.0,,,,,,2.951,,,,,,,0.9,2.608,,,31.75
1965-10-01 00:00:00,,,,16.9,,,,,,2.938,,,,,,,0.9,2.652,,,31.65
1965-09-01 00:00:00,,,,16.9,,,,,,2.917,,,,,,,0.9,2.668,,,31.62
1965-08-01 00:00:00,,,,16.9,,,,,,2.89,,,,,,,0.9,2.681,,,31.55
1965-07-01 00:00:00,,,,16.9,,,,,,2.837,,,,,,,0.9,2.655,,,31.58
1965-06-01 00:00:00,,,,16.9,,,,,,2.764,,,,,,,0.9,2.621,,,31.61
1965-05-01 00:00:00,,,,16.7,,,,,,2.707,,,,,,,0.9,2.644,,,31.48
1965-04-01 00:00:00,,,,16.7,,,,,,2.711,,,,,,,0.9,2.592,,,31.38
1965-03-01 00:00:00,,,,16.6,,,,,,2.703,,,,,,,0.9,2.553,,,31.31
1965-02-01 00:00:00,,,,16.6,,,,,,2.757,,,,,,,0.9,2.548,,,31.28
1965-01-01 00:00:00,,,,16.6,,,,,,2.791,,,,,,,0.9,2.4932,,,31.28
1964-12-01 00:00:00,,,,16.6,,,,,,2.781,,,,,,,0.9,2.3866,,,31.25
1964-11-01 00:00:00,,,,16.5,,,,,,2.784,,,,,,,0.9,2.3661,,,31.21
1964-10-01 00:00:00,,,,16.5,,,,,,2.784,,,,,,,0.9,2.3674,,,31.12
1964-09-01 00:00:00,,,,16.5,,,,,,2.693,,,,,,,0.9,2.3188,,,31.08
1964-08-01 00:00:00,,,,16.5,,,,,,2.651,,,,,,,0.9,2.2384,,,31.05
1964-07-01 00:00:00,,,,16.5,,,,,,2.604,,,,,,,0.9,2.2575,,,31.02
1964-06-01 00:00:00,,,,16.4,,,,,,2.54,,,,,,,0.9,2.3188,,,31.01
1964-05-01 00:00:00,,,,16.4,,,,,,2.471,,,,,,,0.9,2.43,,,30.98
1964-04-01 00:00:00,,,,16.4,,,,,,2.442,,,,,,,0.9,2.3214,,,30.95
1964-03-01 00:00:00,,,,16.3,,,,,,2.433,,,,,,,0.9,2.2754,,,30.94
1964-02-01 00:00:00,,,,16.3,,,,,,2.4144,,,,,,,0.9,2.2281,,,30.91
1964-01-01 00:00:00,,,,16.3,,,,,,2.3696,,,,,,,0.9,2.0838,,,30.94
1963-12-01 00:00:00,,,,16.3,,,,,,2.3769,,,,,,,0.9,1.9752,,,30.88
1963-11-01 00:00:00,,,,16.3,,,,,,2.3547,,,,,,,0.9,1.8845,,,30.78
1963-10-01 00:00:00,,,,16.2,,,,,,2.3547,,,,,,,0.9,1.8436,,,30.75
1963-09-01 00:00:00,,,,16.2,,,,,,2.3205,,,,,,,0.9,1.9164,,,30.72
1963-08-01 00:00:00,,,,16.3,,,,,,2.3134,,,,,,,0.9,1.9432,,,30.75
1963-07-01 00:00:00,,,,16.2,,,,,,2.282,,,,,,,0.9,1.9113,,,30.69
1963-06-01 00:00:00,,,,16.0,,,,,,2.2704,,,,,,,0.9,1.7005,,,30.61
1963-05-01 00:00:00,,,,16.0,,,,,,2.2173,,,,,,,0.9,1.6558,,,30.51
1963-04-01 00:00:00,,,,16.0,,,,,,2.222,,,,,,,0.9,1.6749,,,30.48
1963-03-01 00:00:00,,,,16.0,,,,,,2.2122,,,,,,,0.9,1.62,,,30.51
1963-02-01 00:00:00,,,,16.0,,,,,,2.1937,,,,,,,0.9,1.6111,,,30.48
1963-01-01 00:00:00,,,,16.0,,,,,,2.1994,,,,,,,0.9,1.5766,,,30.44
1962-12-01 00:00:00,,,,16.0,,,,,,2.2242,,,,,,,0.9,1.537,,,30.38
1962-11-01 00:00:00,,,,16.0,,,,,,2.2688,,,,,,,0.9,1.5191,,,30.38
1962-10-01 00:00:00,,,,16.0,,,,,,2.2869,,,,,,,0.9,1.5203,,,30.38
1962-09-01 00:00:00,,,,15.9,,,,,,2.2532,,,,,,,0.9,1.5114,,,30.42
1962-08-01 00:00:00,,,,16.0,,,,,,2.2594,,,,,,,0.9,1.5306,,,30.28
1962-07-01 00:00:00,,,,15.9,,,,,,2.2283,,,,,,,0.9,1.4871,,,30.22
1962-06-01 00:00:00,,,,15.9,,,,,,2.2031,,,,,,,0.9,1.4731,,,30.21
1962-05-01 00:00:00,,,,15.8,,,,,,2.1683,,,,,,,0.9,1.4807,,,30.24
1962-04-01 00:00:00,,,,15.8,,,,,,2.1682,,,,,,,0.9,1.4526,,,30.21
1962-03-01 00:00:00,,,,15.7,,,,,,2.1627,,,,,,,0.9,1.4258,,,30.17
1962-02-01 00:00:00,,,,15.7,,,,,,2.1622,,,,,,,0.9,1.3862,,,30.11
1962-01-01 00:00:00,,,,15.7,,,,,,2.1501,,,,,,,0.9,1.3351,,,30.04
1961-12-01 00:00:00,,,,15.7,,,,,,2.1703,,,,,,,0.9,1.3147,,,30.01
1961-11-01 00:00:00,,,,15.7,,,,,,2.183,,,,,,,0.9,1.3415,,,29.98
1961-10-01 00:00:00,,,,15.7,,,,,,2.183,,,,,,,0.9,1.4105,,,29.98
1961-09-01 00:00:00,,,,15.7,,,,,,2.1679,,,,,,,0.9,1.4066,,,29.98
1961-08-01 00:00:00,,,,15.7,,,,,,2.1739,,,,,,,0.9,1.4118,,,29.94
1961-07-01 00:00:00,,,,15.7,,,,,,2.1477,,,,,,,0.8,1.3913,,,29.92
1961-06-01 00:00:00,,,,15.7,,,,,,2.1178,,,,,,,0.8,1.3594,,,29.84
1961-05-01 00:00:00,,,,15.7,,,,,,2.0837,,,,,,,0.8,1.4233,,,29.84
1961-04-01 00:00:00,,,,15.7,,,,,,2.1008,,,,,,,0.8,1.399,,,29.81
1961-03-01 00:00:00,,,,15.7,,,,,,2.1086,,,,,,,0.8,1.39,,,29.84
1961-02-01 00:00:00,,,,15.7,,,,,,2.0901,,,,,,,0.8,1.3734,,,29.84
1961-01-01 00:00:00,,,,15.7,,,,,,2.0784,,,,,,,0.8,1.3415,,,29.84
1960-12-01 00:00:00,,,,15.7,,,,,,2.1029,,,,,,,0.8,1.261,,,29.81
1960-11-01 00:00:00,,,,15.7,,,,,,2.1152,,,,,,,0.8,1.2584,,,29.78
1960-10-01 00:00:00,,,,15.7,,,,,,2.1333,,,,,,,0.8,1.2929,,,29.75
1960-09-01 00:00:00,,,,15.5,,,,,,2.1185,,,,,,,0.8,1.307,,,29.61
1960-08-01 00:00:00,,,,15.5,,,,,,2.1424,,,,,,,0.8,1.3083,,,29.61
1960-07-01 00:00:00,,,,15.5,,,,,,2.1298,,,,,,,0.8,1.298,,,29.55
1960-06-01 00:00:00,,,,15.5,,,,,,2.0999,,,,,,,0.8,1.2878,,,29.61
1960-05-01 00:00:00,,,,15.5,,,,,,2.0659,,,,,,,0.8,1.2891,,,29.57
1960-04-01 00:00:00,,,,15.5,,,,,,2.0694,,,,,,,0.8,1.2929,,,29.54
1960-03-01 00:00:00,,,,15.4,,,,,,2.059,,,,,,,0.8,1.2559,,,29.41
1960-02-01 00:00:00,,,,15.5,,,,,,2.0766,,,,,,,0.8,1.2418,,,29.41
1960-01-01 00:00:00,,,,15.5,,,,,,2.065,,,,,,,0.8,1.215,,,29.37
1959-12-01 00:00:00,,,,15.5,,,,,,2.1029,,,,,,,0.8,1.2035,,,29.41
1959-11-01 00:00:00,,,,15.5,,,,,,2.1513,,,,,,,0.8,1.1856,,,29.35
1959-10-01 00:00:00,,,,15.5,,,,,,2.1513,,,,,,,0.8,1.2329,,,29.35
1959-09-01 00:00:00,,,,15.5,,,,,,2.1006,,,,,,,0.8,1.2367,,,29.25
1959-08-01 00:00:00,,,,15.3,,,,,,2.1244,,,,,,,0.8,1.1728,,,29.18
1959-07-01 00:00:00,,,,15.3,,,,,,2.0941,,,,,,,0.8,1.1652,,,29.15
1959-06-01 00:00:00,,,,15.1,,,,,,2.0505,,,,,,,0.8,1.1728,,,29.11
1959-05-01 00:00:00,,,,15.3,,,,,,1.9991,,,,,,,0.8,1.1933,,,29.04
1959-04-01 00:00:00,,,,15.2,,,,,,1.9841,,,,,,,0.8,1.1792,,,28.98
1959-03-01 00:00:00,,,,15.2,,,,,,1.9915,,,,,,,0.8,1.155,,,28.97
1959-02-01 00:00:00,,,,15.3,,,,,,2.009,,,,,,,0.8,1.1473,,,29.0
1959-01-01 00:00:00,,,,15.3,,,,,,1.9799,,,,,,,0.8,1.1345,,,29.01
1958-12-01 00:00:00,,,,15.3,,,,,,2.0175,,,,,,,0.8,1.1141,,,28.97
1958-11-01 00:00:00,,,,15.3,,,,,,2.0835,,,,,,,0.8,1.1332,,,28.95
1958-10-01 00:00:00,,,,15.3,,,,,,2.0971,,,,,,,0.8,1.1831,,,28.91
1958-09-01 00:00:00,,,,15.3,,,,,,2.0512,,,,,,,0.8,1.1805,,,28.91
1958-08-01 00:00:00,,,,15.1,,,,,,2.0389,,,,,,,0.8,1.155,,,28.94
1958-07-01 00:00:00,,,,15.1,,,,,,2.009,,,,,,,0.8,1.1613,,,28.89
1958-06-01 00:00:00,,,,15.1,,,,,,1.9652,,,,,,,0.8,1.1664,,,28.91
1958-05-01 00:00:00,,,,15.1,,,,,,1.9011,,,,,,,0.8,1.1716,,,28.94
1958-04-01 00:00:00,,,,15.1,,,,,,1.8809,,,,,,,0.8,1.1447,,,28.94
1958-03-01 00:00:00,,,,15.1,,,,,,1.8698,,,,,,,0.8,1.1115,,,28.87
1958-02-01 00:00:00,,,,15.0,,,,,,1.8694,,,,,,,0.8,1.1256,,,28.7
1958-01-01 00:00:00,,,,15.0,,,,,,1.8768,,,,,,,0.8,1.0949,,,28.64
1957-12-01 00:00:00,,,,14.9,,,,,,1.9186,,,,,,,0.8,1.077,,,28.47
1957-11-01 00:00:00,,,,15.0,,,,,,1.9434,,,,,,,0.8,1.0809,,,28.41
1957-10-01 00:00:00,,,,15.0,,,,,,1.9299,,,,,,,0.8,1.1102,,,28.32
1957-09-01 00:00:00,,,,15.0,,,,,,1.93,,,,,,,0.8,1.1639,,,28.32
1957-08-01 00:00:00,,,,14.9,,,,,,1.9218,,,,,,,0.8,1.2176,,,28.28
1957-07-01 00:00:00,,,,14.8,,,,,,1.8927,,,,,,,0.8,1.1997,,,28.19
1957-06-01 00:00:00,,,,14.8,,,,,,1.8979,,,,,,,0.8,1.2201,,,28.11
1957-05-01 00:00:00,,,,14.7,,,,,,1.8477,,,,,,,0.8,1.2699,,,28.0
1957-04-01 00:00:00,,,,14.7,,,,,,1.8495,,,,,,,0.8,1.3006,,,27.93
1957-03-01 00:00:00,,,,14.6,,,,,,1.8202,,,,,,,0.8,1.2303,,,27.86
1957-02-01 00:00:00,,,,14.6,,,,,,1.8198,,,,,,,0.8,1.1946,,,27.8
1957-01-01 00:00:00,,,,14.6,,,,,,1.8096,,,,,,,0.8,1.1728,,,27.67
1956-12-01 00:00:00,,,,14.6,,,,,,,,,,,,,0.8,1.1013,,,27.63
1956-11-01 00:00:00,,,,14.6,,,,,,,,,,,,,0.8,1.0183,,,27.51
1956-10-01 00:00:00,,,,14.5,,,,,,,,,,,,,0.8,1.0106,,,27.51
1956-09-01 00:00:00,,,,14.4,,,,,,,,,,,,,0.8,1.0553,,,27.35
1956-08-01 00:00:00,,,,14.5,,,,,,,,,,,,,0.8,1.0298,,,27.31
1956-07-01 00:00:00,,,,14.4,,,,,,,,,,,,,0.8,0.9927,,,27.29
1956-06-01 00:00:00,,,,14.3,,,,,,,,,,,,,0.8,0.9889,,,27.15
1956-05-01 00:00:00,,,,14.1,,,,,,,,,,,,,0.8,0.9799,,,27.03
1956-04-01 00:00:00,,,,14.1,,,,,,,,,,,,,0.8,0.8956,,,26.93
1956-03-01 00:00:00,,,,14.1,,,,,,,,,,,,,0.8,0.8522,,,26.89
1956-02-01 00:00:00,,,,14.1,,,,,,,,,,,,,0.8,0.8355,,,26.86
1956-01-01 00:00:00,,,,14.2,,,,,,,,,,,,,0.8,0.8049,,,26.83
1955-12-01 00:00:00,,,,14.2,,,,,,,,,,,,,0.8,0.7844,,,26.87
1955-11-01 00:00:00,,,,14.2,,,,,,,,,,,,,0.8,0.7678,,,26.88
1955-10-01 00:00:00,,,,14.2,,,,,,,,,,,,,0.8,0.8458,,,26.82
1955-09-01 00:00:00,,,,14.2,,,,,,,,,,,,,0.8,0.9084,,,26.85
1955-08-01 00:00:00,,,,14.1,,,,,,,,,,,,,0.7,0.8637,,,26.72
1955-07-01 00:00:00,,,,14.1,,,,,,,,,,,,,0.7,0.8343,,,26.76
1955-06-01 00:00:00,,,,14.1,,,,,,,,,,,,,0.7,0.8049,,,26.71
1955-05-01 00:00:00,,,,14.1,,,,,,,,,,,,,0.7,0.7589,,,26.77
1955-04-01 00:00:00,,,,14.1,,,,,,,,,,,,,0.7,0.727,,,26.79
1955-03-01 00:00:00,,,,14.1,,,,,,,,,,,,,0.7,0.7167,,,26.79
1955-02-01 00:00:00,,,,14.1,,,,,,,,,,,,,0.7,0.7091,,,26.82
1955-01-01 00:00:00,,,,14.1,,,,,,,,,,,,,0.7,0.6822,,,26.77
1954-12-01 00:00:00,,,,14.1,,,,,,,,,,,,,0.7,0.6184,,,26.77
1954-11-01 00:00:00,,,,14.2,,,,,,,,,,,,,0.7,0.6247,,,26.78
1954-10-01 00:00:00,,,,14.2,,,,,,,,,,,,,0.7,0.5787,,,26.72
1954-09-01 00:00:00,,,,14.2,,,,,,,,,,,,,0.7,0.52,,,26.81
1954-08-01 00:00:00,,,,14.2,,,,,,,,,,,,,0.7,0.4523,,,26.85
1954-07-01 00:00:00,,,,14.1,,,,,,,,,,,,,0.7,0.4203,,,26.86
1954-06-01 00:00:00,,,,14.1,,,,,,,,,,,,,0.7,0.3807,,,26.94
1954-05-01 00:00:00,,,,14.0,,,,,,,,,,,,,0.7,0.3807,,,26.93
1954-04-01 00:00:00,,,,14.0,,,,,,,,,,,,,0.7,0.4114,,,26.86
1954-03-01 00:00:00,,,,14.0,,,,,,,,,,,,,0.7,0.4139,,,26.93
1954-02-01 00:00:00,,,,14.1,,,,,,,,,,,,,0.7,0.3884,,,26.99
1954-01-01 00:00:00,,,,14.1,,,,,,,,,,,,,0.7,0.3973,,,26.94
1953-12-01 00:00:00,,,,14.1,,,,,,,,,,,,,0.7,0.4178,,,26.87
1953-11-01 00:00:00,,,,14.1,,,,,,,,,,,,,0.7,0.3705,,,26.85
1953-10-01 00:00:00,,,,14.2,,,,,,,,,,,,,0.7,0.3526,,,26.95
1953-09-01 00:00:00,,,,14.1,,,,,,,,,,,,,0.7,0.3718,,,26.89
1953-08-01 00:00:00,,,,14.1,,,,,,,,,,,,,0.7,0.3616,,,26.85
1953-07-01 00:00:00,,,,13.9,,,,,,,,,,,,,0.7,0.3398,,,26.79
1953-06-01 00:00:00,,,,13.9,,,,,,,,,,,,,0.7,0.3143,,,26.77
1953-05-01 00:00:00,,,,13.9,,,,,,,,,,,,,0.7,0.3092,,,26.7
1953-04-01 00:00:00,,,,13.9,,,,,,,,,,,,,0.7,0.3322,,,26.69
1953-03-01 00:00:00,,,,13.9,,,,,,,,,,,,,0.7,0.3156,,,26.63
1953-02-01 00:00:00,,,,14.0,,,,,,,,,,,,,0.7,0.3143,,,26.59
1953-01-01 00:00:00,,,,14.1,,,,,,,,,,,,,0.7,0.2747,,,26.64
1952-12-01 00:00:00,,,,14.1,,,,,,,,,,,,,0.7,0.2542,,,26.71
1952-11-01 00:00:00,,,,14.1,,,,,,,,,,,,,0.7,0.2351,,,26.69
1952-10-01 00:00:00,,,,14.1,,,,,,,,,,,,,0.7,0.244,,,26.69
1952-09-01 00:00:00,,,,14.1,,,,,,,,,,,,,0.7,0.2798,,,26.63
1952-08-01 00:00:00,,,,14.1,,,,,,,,,,,,,0.7,0.2606,,,26.69
1952-07-01 00:00:00,,,,14.1,,,,,,,,,,,,,0.7,0.2402,,,26.68
1952-06-01 00:00:00,,,,14.1,,,,,,,,,,,,,0.7,0.2287,,,26.53
1952-05-01 00:00:00,,,,14.1,,,,,,,,,,,,,0.7,0.2249,,,26.47
1952-04-01 00:00:00,,,,14.2,,,,,,,,,,,,,0.7,0.2083,,,26.46
1952-03-01 00:00:00,,,,14.2,,,,,,,,,,,,,0.7,0.198,,,26.39
1952-02-01 00:00:00,,,,14.3,,,,,,,,,,,,,0.7,0.1623,,,26.41
1952-01-01 00:00:00,,,,14.4,,,,,,,,,,,,,0.7,0.1354,,,26.45
1951-12-01 00:00:00,,,,14.3,,,,,,,,,,,,,0.7,0.1214,,,26.47
1951-11-01 00:00:00,,,,14.3,,,,,,,,,,,,,0.6,0.1112,,,26.32
1951-10-01 00:00:00,,,,14.2,,,,,,,,,,,,,0.6,0.1099,,,26.16
1951-09-01 00:00:00,,,,14.1,,,,,,,,,,,,,0.6,0.1265,,,26.03
1951-08-01 00:00:00,,,,14.0,,,,,,,,,,,,,0.6,0.1278,,,25.86
1951-07-01 00:00:00,,,,13.9,,,,,,,,,,,,,0.6,,,,25.91
1951-06-01 00:00:00,,,,13.9,,,,,,,,,,,,,0.6,,,,25.93
1951-05-01 00:00:00,,,,13.6,,,,,,,,,,,,,0.6,,,,25.99
1951-04-01 00:00:00,,,,13.6,,,,,,,,,,,,,0.6,,,,25.92
1951-03-01 00:00:00,,,,13.4,,,,,,,,,,,,,0.6,,,,25.88
1951-02-01 00:00:00,,,,13.3,,,,,,,,,,,,,0.6,,,,25.83
1951-01-01 00:00:00,,,,13.0,,,,,,,,,,,,,0.6,,,,25.38
1950-12-01 00:00:00,,,,12.9,,,,,,,,,,,,,0.6,,,,24.98
1950-11-01 00:00:00,,,,12.9,,,,,,,,,,,,,0.6,,,,24.6
1950-10-01 00:00:00,,,,12.9,,,,,,,,,,,,,0.6,,,,24.5
1950-09-01 00:00:00,,,,12.7,,,,,,,,,,,,,0.6,,,,24.34
1950-08-01 00:00:00,,,,12.5,,,,,,,,,,,,,0.6,,,,24.2
1950-07-01 00:00:00,,,,12.4,,,,,,,,,,,,,0.6,,,,24.07
1950-06-01 00:00:00,,,,12.3,,,,,,,,,,,,,0.6,,,,23.88
1950-05-01 00:00:00,,,,12.3,,,,,,,,,,,,,0.6,,,,23.77
1950-04-01 00:00:00,,,,12.3,,,,,,,,,,,,,0.6,,,,23.65
1950-03-01 00:00:00,,,,12.3,,,,,,,,,,,,,0.6,,,,23.64
1950-02-01 00:00:00,,,,12.2,,,,,,,,,,,,,0.6,,,,23.61
1950-01-01 00:00:00,,,,12.1,,,,,,,,,,,,,0.6,,,,23.51
1949-12-01 00:00:00,,,,12.2,,,,,,,,,,,,,,,,,23.61
1949-11-01 00:00:00,,,,12.3,,,,,,,,,,,,,,,,,23.7
1949-10-01 00:00:00,,,,12.3,,,,,,,,,,,,,,,,,23.67
1949-09-01 00:00:00,,,,12.2,,,,,,,,,,,,,,,,,23.75
1949-08-01 00:00:00,,,,12.2,,,,,,,,,,,,,,,,,23.7
1949-07-01 00:00:00,,,,12.1,,,,,,,,,,,,,,,,,23.7
1949-06-01 00:00:00,,,,12.1,,,,,,,,,,,,,,,,,23.92
1949-05-01 00:00:00,,,,12.1,,,,,,,,,,,,,,,,,23.91
1949-04-01 00:00:00,,,,12.1,,,,,,,,,,,,,,,,,23.92
1949-03-01 00:00:00,,,,12.1,,,,,,,,,,,,,,,,,23.91
1949-02-01 00:00:00,,,,12.1,,,,,,,,,,,,,,,,,23.91
1949-01-01 00:00:00,,,,12.1,,,,,,,,,,,,,,,,,24.01
1948-12-01 00:00:00,,,,12.1,,,,,,,,,,,,,,,,,24.05
1948-11-01 00:00:00,,,,12.1,,,,,,,,,,,,,,,,,24.16
1948-10-01 00:00:00,,,,12.1,,,,,,,,,,,,,,,,,24.31
1948-09-01 00:00:00,,,,12.1,,,,,,,,,,,,,,,,,24.36
1948-08-01 00:00:00,,,,11.9,,,,,,,,,,,,,,,,,24.43
1948-07-01 00:00:00,,,,11.8,,,,,,,,,,,,,,,,,24.4
1948-06-01 00:00:00,,,,11.8,,,,,,,,,,,,,,,,,24.15
1948-05-01 00:00:00,,,,11.6,,,,,,,,,,,,,,,,,24.01
1948-04-01 00:00:00,,,,11.5,,,,,,,,,,,,,,,,,23.82
1948-03-01 00:00:00,,,,11.4,,,,,,,,,,,,,,,,,23.5
1948-02-01 00:00:00,,,,11.4,,,,,,,,,,,,,,,,,23.67
1948-01-01 00:00:00,,,,11.2,,,,,,,,,,,,,,,,,23.68
1947-12-01 00:00:00,,,,11.1,,,,,,,,,,,,,,,,,23.41
1947-11-01 00:00:00,,,,10.9,,,,,,,,,,,,,,,,,23.06
1947-10-01 00:00:00,,,,10.8,,,,,,,,,,,,,,,,,22.91
1947-09-01 00:00:00,,,,10.6,,,,,,,,,,,,,,,,,22.84
1947-08-01 00:00:00,,,,10.3,,,,,,,,,,,,,,,,,22.4
1947-07-01 00:00:00,,,,10.3,,,,,,,,,,,,,,,,,22.23
1947-06-01 00:00:00,,,,10.2,,,,,,,,,,,,,,,,,22.08
1947-05-01 00:00:00,,,,10.1,,,,,,,,,,,,,,,,,21.95
1947-04-01 00:00:00,,,,9.9,,,,,,,,,,,,,,,,,22.0
1947-03-01 00:00:00,,,,9.8,,,,,,,,,,,,,,,,,22.0
1947-02-01 00:00:00,,,,9.7,,,,,,,,,,,,,,,,,21.62
1947-01-01 00:00:00,,,,9.7,,,,,,,,,,,,,,,,,21.48
1946-12-01 00:00:00,,,,9.7,,,,,,,,,,,,,,,,,
1946-11-01 00:00:00,,,,9.7,,,,,,,,,,,,,,,,,
1946-10-01 00:00:00,,,,9.7,,,,,,,,,,,,,,,,,
1946-09-01 00:00:00,,,,9.6,,,,,,,,,,,,,,,,,
1946-08-01 00:00:00,,,,9.6,,,,,,,,,,,,,,,,,
1946-07-01 00:00:00,,,,9.5,,,,,,,,,,,,,,,,,
1946-06-01 00:00:00,,,,9.4,,,,,,,,,,,,,,,,,
1946-05-01 00:00:00,,,,9.2,,,,,,,,,,,,,,,,,
1946-04-01 00:00:00,,,,9.2,,,,,,,,,,,,,,,,,
1946-03-01 00:00:00,,,,9.2,,,,,,,,,,,,,,,,,
1946-02-01 00:00:00,,,,9.2,,,,,,,,,,,,,,,,,
1946-01-01 00:00:00,,,,9.2,,,,,,,,,,,,,,,,,
1945-12-01 00:00:00,,,,9.2,,,,,,,,,,,,,,,,,
1945-11-01 00:00:00,,,,9.2,,,,,,,,,,,,,,,,,
1945-10-01 00:00:00,,,,9.2,,,,,,,,,,,,,,,,,
1945-09-01 00:00:00,,,,9.2,,,,,,,,,,,,,,,,,
1945-08-01 00:00:00,,,,9.2,,,,,,,,,,,,,,,,,
1945-07-01 00:00:00,,,,9.2,,,,,,,,,,,,,,,,,
1945-06-01 00:00:00,,,,9.2,,,,,,,,,,,,,,,,,
1945-05-01 00:00:00,,,,9.1,,,,,,,,,,,,,,,,,
1945-04-01 00:00:00,,,,9.1,,,,,,,,,,,,,,,,,
1945-03-01 00:00:00,,,,9.1,,,,,,,,,,,,,,,,,
1945-02-01 00:00:00,,,,9.1,,,,,,,,,,,,,,,,,
1945-01-01 00:00:00,,,,9.0,,,,,,,,,,,,,,,,,
1944-12-01 00:00:00,,,,9.0,,,,,,,,,,,,,,,,,
1944-11-01 00:00:00,,,,9.1,,,,,,,,,,,,,,,,,
1944-10-01 00:00:00,,,,9.1,,,,,,,,,,,,,,,,,
1944-09-01 00:00:00,,,,9.1,,,,,,,,,,,,,,,,,
1944-08-01 00:00:00,,,,9.1,,,,,,,,,,,,,,,,,
1944-07-01 00:00:00,,,,9.1,,,,,,,,,,,,,,,,,
1944-06-01 00:00:00,,,,9.1,,,,,,,,,,,,,,,,,
1944-05-01 00:00:00,,,,9.1,,,,,,,,,,,,,,,,,
1944-04-01 00:00:00,,,,9.1,,,,,,,,,,,,,,,,,
1944-03-01 00:00:00,,,,9.1,,,,,,,,,,,,,,,,,
1944-02-01 00:00:00,,,,9.1,,,,,,,,,,,,,,,,,
1944-01-01 00:00:00,,,,9.1,,,,,,,,,,,,,,,,,
1943-12-01 00:00:00,,,,9.2,,,,,,,,,,,,,,,,,
1943-11-01 00:00:00,,,,9.2,,,,,,,,,,,,,,,,,
1943-10-01 00:00:00,,,,9.2,,,,,,,,,,,,,,,,,
1943-09-01 00:00:00,,,,9.2,,,,,,,,,,,,,,,,,
1943-08-01 00:00:00,,,,9.1,,,,,,,,,,,,,,,,,
1943-07-01 00:00:00,,,,9.1,,,,,,,,,,,,,,,,,
1943-06-01 00:00:00,,,,9.0,,,,,,,,,,,,,,,,,
1943-05-01 00:00:00,,,,9.0,,,,,,,,,,,,,,,,,
1943-04-01 00:00:00,,,,9.0,,,,,,,,,,,,,,,,,
1943-03-01 00:00:00,,,,8.8,,,,,,,,,,,,,,,,,
1943-02-01 00:00:00,,,,8.8,,,,,,,,,,,,,,,,,
1943-01-01 00:00:00,,,,8.8,,,,,,,,,,,,,,,,,
1942-12-01 00:00:00,,,,9.0,,,,,,,,,,,,,,,,,
1942-11-01 00:00:00,,,,9.0,,,,,,,,,,,,,,,,,
1942-10-01 00:00:00,,,,8.9,,,,,,,,,,,,,,,,,
1942-09-01 00:00:00,,,,8.8,,,,,,,,,,,,,,,,,
1942-08-01 00:00:00,,,,8.9,,,,,,,,,,,,,,,,,
1942-07-01 00:00:00,,,,8.9,,,,,,,,,,,,,,,,,
1942-06-01 00:00:00,,,,8.8,,,,,,,,,,,,,,,,,
1942-05-01 00:00:00,,,,8.8,,,,,,,,,,,,,,,,,
1942-04-01 00:00:00,,,,8.8,,,,,,,,,,,,,,,,,
1942-03-01 00:00:00,,,,8.8,,,,,,,,,,,,,,,,,
1942-02-01 00:00:00,,,,8.7,,,,,,,,,,,,,,,,,
1942-01-01 00:00:00,,,,8.7,,,,,,,,,,,,,,,,,
1941-12-01 00:00:00,,,,8.7,,,,,,,,,,,,,,,,,
1941-11-01 00:00:00,,,,8.8,,,,,,,,,,,,,,,,,
1941-10-01 00:00:00,,,,8.7,,,,,,,,,,,,,,,,,
1941-09-01 00:00:00,,,,8.7,,,,,,,,,,,,,,,,,
1941-08-01 00:00:00,,,,8.6,,,,,,,,,,,,,,,,,
1941-07-01 00:00:00,,,,8.5,,,,,,,,,,,,,,,,,
1941-06-01 00:00:00,,,,8.4,,,,,,,,,,,,,,,,,
1941-05-01 00:00:00,,,,8.2,,,,,,,,,,,,,,,,,
1941-04-01 00:00:00,,,,8.2,,,,,,,,,,,,,,,,,
1941-03-01 00:00:00,,,,8.2,,,,,,,,,,,,,,,,,
1941-02-01 00:00:00,,,,8.2,,,,,,,,,,,,,,,,,
1941-01-01 00:00:00,,,,8.2,,,,,,,,,,,,,,,,,
1940-12-01 00:00:00,,,,8.2,,,,,,,,,,,,,,,,,
1940-11-01 00:00:00,,,,8.1,,,,,,,,,,,,,,,,,
1940-10-01 00:00:00,,,,8.1,,,,,,,,,,,,,,,,,
1940-09-01 00:00:00,,,,8.1,,,,,,,,,,,,,,,,,
1940-08-01 00:00:00,,,,8.0,,,,,,,,,,,,,,,,,
1940-07-01 00:00:00,,,,8.0,,,,,,,,,,,,,,,,,
1940-06-01 00:00:00,,,,7.9,,,,,,,,,,,,,,,,,
1940-05-01 00:00:00,,,,7.9,,,,,,,,,,,,,,,,,
1940-04-01 00:00:00,,,,7.9,,,,,,,,,,,,,,,,,
1940-03-01 00:00:00,,,,7.9,,,,,,,,,,,,,,,,,
1940-02-01 00:00:00,,,,7.8,,,,,,,,,,,,,,,,,
1940-01-01 00:00:00,,,,7.8,,,,,,,,,,,,,,,,,
