date,PERMIT,HOUST,COMPUTSA
2025-08-01 00:00:00+00:00,1330.0,1307.0,1608.0
2025-07-01 00:00:00+00:00,1362.0,1429.0,1483.0
2025-06-01 00:00:00+00:00,1393.0,1382.0,1385.0
2025-05-01 00:00:00+00:00,1394.0,1282.0,1542.0
2025-04-01 00:00:00+00:00,1422.0,1398.0,1475.0
2025-03-01 00:00:00+00:00,1481.0,1355.0,1566.0
2025-02-01 00:00:00+00:00,1454.0,1490.0,1565.0
2025-01-01 00:00:00+00:00,1460.0,1358.0,1651.0
2024-12-01 00:00:00+00:00,1480.0,1514.0,1527.0
2024-11-01 00:00:00+00:00,1508.0,1295.0,1618.0
2024-10-01 00:00:00+00:00,1428.0,1352.0,1636.0
2024-09-01 00:00:00+00:00,1434.0,1357.0,1671.0
2024-08-01 00:00:00+00:00,1476.0,1391.0,1755.0
2024-07-01 00:00:00+00:00,1436.0,1265.0,1635.0
2024-06-01 00:00:00+00:00,1461.0,1327.0,1731.0
2024-05-01 00:00:00+00:00,1407.0,1316.0,1561.0
2024-04-01 00:00:00+00:00,1459.0,1385.0,1662.0
2024-03-01 00:00:00+00:00,1476.0,1312.0,1487.0
2024-02-01 00:00:00+00:00,1577.0,1552.0,1674.0
2024-01-01 00:00:00+00:00,1545.0,1381.0,1500.0
2023-12-01 00:00:00+00:00,1519.0,1521.0,1575.0
2023-11-01 00:00:00+00:00,1503.0,1514.0,1460.0
2023-10-01 00:00:00+00:00,1528.0,1368.0,1394.0
2023-09-01 00:00:00+00:00,1537.0,1371.0,1471.0
2023-08-01 00:00:00+00:00,1561.0,1317.0,1363.0
2023-07-01 00:00:00+00:00,1522.0,1460.0,1352.0
2023-06-01 00:00:00+00:00,1464.0,1421.0,1464.0
2023-05-01 00:00:00+00:00,1575.0,1584.0,1503.0
2023-04-01 00:00:00+00:00,1474.0,1354.0,1425.0
2023-03-01 00:00:00+00:00,1480.0,1377.0,1495.0
2023-02-01 00:00:00+00:00,1618.0,1399.0,1536.0
2023-01-01 00:00:00+00:00,1410.0,1361.0,1390.0
2022-12-01 00:00:00+00:00,1410.0,1308.0,1396.0
2022-11-01 00:00:00+00:00,1401.0,1424.0,1552.0
2022-10-01 00:00:00+00:00,1594.0,1435.0,1398.0
2022-09-01 00:00:00+00:00,1600.0,1488.0,1433.0
2022-08-01 00:00:00+00:00,1557.0,1531.0,1367.0
2022-07-01 00:00:00+00:00,1703.0,1381.0,1421.0
2022-06-01 00:00:00+00:00,1737.0,1551.0,1369.0
2022-05-01 00:00:00+00:00,1704.0,1531.0,1427.0
2022-04-01 00:00:00+00:00,1859.0,1820.0,1344.0
2022-03-01 00:00:00+00:00,1868.0,1712.0,1328.0
2022-02-01 00:00:00+00:00,1857.0,1735.0,1342.0
2022-01-01 00:00:00+00:00,1920.0,1702.0,1285.0
2021-12-01 00:00:00+00:00,1919.0,1722.0,1331.0
2021-11-01 00:00:00+00:00,1765.0,1705.0,1397.0
2021-10-01 00:00:00+00:00,1707.0,1579.0,1300.0
2021-09-01 00:00:00+00:00,1640.0,1577.0,1232.0
2021-08-01 00:00:00+00:00,1736.0,1594.0,1329.0
2021-07-01 00:00:00+00:00,1658.0,1597.0,1365.0
2021-06-01 00:00:00+00:00,1654.0,1650.0,1280.0
2021-05-01 00:00:00+00:00,1703.0,1589.0,1337.0
2021-04-01 00:00:00+00:00,1721.0,1495.0,1403.0
2021-03-01 00:00:00+00:00,1756.0,1696.0,1435.0
2021-02-01 00:00:00+00:00,1711.0,1404.0,1299.0
2021-01-01 00:00:00+00:00,1855.0,1630.0,1379.0
2020-12-01 00:00:00+00:00,1752.0,1614.0,1374.0
2020-11-01 00:00:00+00:00,1703.0,1543.0,1261.0
2020-10-01 00:00:00+00:00,1613.0,1543.0,1395.0
2020-09-01 00:00:00+00:00,1636.0,1473.0,1437.0
2020-08-01 00:00:00+00:00,1533.0,1396.0,1263.0
2020-07-01 00:00:00+00:00,1546.0,1526.0,1309.0
2020-06-01 00:00:00+00:00,1334.0,1266.0,1229.0
2020-05-01 00:00:00+00:00,1250.0,1039.0,1174.0
2020-04-01 00:00:00+00:00,1076.0,936.0,1181.0
2020-03-01 00:00:00+00:00,1346.0,1266.0,1237.0
2020-02-01 00:00:00+00:00,1455.0,1549.0,1237.0
2020-01-01 00:00:00+00:00,1495.0,1581.0,1308.0
2019-12-01 00:00:00+00:00,1443.0,1548.0,1308.0
2019-11-01 00:00:00+00:00,1535.0,1353.0,1266.0
2019-10-01 00:00:00+00:00,1523.0,1325.0,1289.0
2019-09-01 00:00:00+00:00,1469.0,1311.0,1154.0
2019-08-01 00:00:00+00:00,1482.0,1375.0,1313.0
2019-07-01 00:00:00+00:00,1379.0,1240.0,1215.0
2019-06-01 00:00:00+00:00,1299.0,1243.0,1178.0
2019-05-01 00:00:00+00:00,1347.0,1293.0,1221.0
2019-04-01 00:00:00+00:00,1322.0,1272.0,1308.0
2019-03-01 00:00:00+00:00,1295.0,1191.0,1313.0
2019-02-01 00:00:00+00:00,1286.0,1121.0,1304.0
2019-01-01 00:00:00+00:00,1254.0,1226.0,1247.0
2018-12-01 00:00:00+00:00,1317.0,1095.0,1053.0
2018-11-01 00:00:00+00:00,1340.0,1181.0,1131.0
2018-10-01 00:00:00+00:00,1272.0,1221.0,1122.0
2018-09-01 00:00:00+00:00,1314.0,1250.0,1187.0
2018-08-01 00:00:00+00:00,1273.0,1288.0,1262.0
2018-07-01 00:00:00+00:00,1334.0,1208.0,1150.0
2018-06-01 00:00:00+00:00,1345.0,1192.0,1212.0
2018-05-01 00:00:00+00:00,1338.0,1357.0,1262.0
2018-04-01 00:00:00+00:00,1378.0,1276.0,1224.0
2018-03-01 00:00:00+00:00,1385.0,1318.0,1181.0
2018-02-01 00:00:00+00:00,1321.0,1277.0,1288.0
2018-01-01 00:00:00+00:00,1317.0,1299.0,1208.0
2017-12-01 00:00:00+00:00,1311.0,1177.0,1200.0
2017-11-01 00:00:00+00:00,1299.0,1273.0,1182.0
2017-10-01 00:00:00+00:00,1356.0,1257.0,1196.0
2017-09-01 00:00:00+00:00,1273.0,1181.0,1113.0
2017-08-01 00:00:00+00:00,1319.0,1159.0,1107.0
2017-07-01 00:00:00+00:00,1256.0,1206.0,1173.0
2017-06-01 00:00:00+00:00,1353.0,1249.0,1236.0
2017-05-01 00:00:00+00:00,1208.0,1157.0,1170.0
2017-04-01 00:00:00+00:00,1251.0,1146.0,1069.0
2017-03-01 00:00:00+00:00,1272.0,1190.0,1147.0
2017-02-01 00:00:00+00:00,1234.0,1271.0,1148.0
2017-01-01 00:00:00+00:00,1303.0,1190.0,1081.0
2016-12-01 00:00:00+00:00,1248.0,1252.0,1101.0
2016-11-01 00:00:00+00:00,1230.0,1140.0,1244.0
2016-10-01 00:00:00+00:00,1254.0,1313.0,1070.0
2016-09-01 00:00:00+00:00,1303.0,1068.0,1035.0
2016-08-01 00:00:00+00:00,1201.0,1171.0,1054.0
2016-07-01 00:00:00+00:00,1198.0,1239.0,1072.0
2016-06-01 00:00:00+00:00,1208.0,1203.0,1109.0
2016-05-01 00:00:00+00:00,1205.0,1148.0,1000.0
2016-04-01 00:00:00+00:00,1160.0,1163.0,945.0
2016-03-01 00:00:00+00:00,1118.0,1111.0,1003.0
2016-02-01 00:00:00+00:00,1172.0,1225.0,1037.0
2016-01-01 00:00:00+00:00,1171.0,1092.0,1056.0
2015-12-01 00:00:00+00:00,1211.0,1146.0,1023.0
2015-11-01 00:00:00+00:00,1244.0,1172.0,1000.0
2015-10-01 00:00:00+00:00,1160.0,1058.0,985.0
2015-09-01 00:00:00+00:00,1144.0,1224.0,1040.0
2015-08-01 00:00:00+00:00,1165.0,1130.0,974.0
2015-07-01 00:00:00+00:00,1140.0,1146.0,988.0
2015-06-01 00:00:00+00:00,1379.0,1205.0,962.0
2015-05-01 00:00:00+00:00,1272.0,1079.0,1012.0
2015-04-01 00:00:00+00:00,1166.0,1190.0,1001.0
2015-03-01 00:00:00+00:00,1072.0,960.0,781.0
2015-02-01 00:00:00+00:00,1127.0,886.0,863.0
2015-01-01 00:00:00+00:00,1049.0,1085.0,954.0
2014-12-01 00:00:00+00:00,1072.0,1073.0,955.0
2014-11-01 00:00:00+00:00,1059.0,1001.0,863.0
2014-10-01 00:00:00+00:00,1094.0,1074.0,920.0
2014-09-01 00:00:00+00:00,1077.0,1023.0,975.0
2014-08-01 00:00:00+00:00,1047.0,984.0,908.0
2014-07-01 00:00:00+00:00,1076.0,1085.0,839.0
2014-06-01 00:00:00+00:00,1010.0,911.0,800.0
2014-05-01 00:00:00+00:00,1018.0,1007.0,891.0
2014-04-01 00:00:00+00:00,1090.0,1043.0,834.0
2014-03-01 00:00:00+00:00,1067.0,970.0,893.0
2014-02-01 00:00:00+00:00,1039.0,944.0,876.0
2014-01-01 00:00:00+00:00,976.0,888.0,838.0
2013-12-01 00:00:00+00:00,1005.0,1002.0,778.0
2013-11-01 00:00:00+00:00,1029.0,1100.0,839.0
2013-10-01 00:00:00+00:00,1044.0,925.0,801.0
2013-09-01 00:00:00+00:00,1004.0,850.0,776.0
2013-08-01 00:00:00+00:00,964.0,917.0,765.0
2013-07-01 00:00:00+00:00,997.0,880.0,784.0
2013-06-01 00:00:00+00:00,942.0,839.0,736.0
2013-05-01 00:00:00+00:00,1003.0,930.0,708.0
2013-04-01 00:00:00+00:00,1012.0,835.0,712.0
2013-03-01 00:00:00+00:00,936.0,1010.0,816.0
2013-02-01 00:00:00+00:00,980.0,962.0,729.0
2013-01-01 00:00:00+00:00,940.0,888.0,714.0
2012-12-01 00:00:00+00:00,941.0,976.0,677.0
2012-11-01 00:00:00+00:00,917.0,833.0,668.0
2012-10-01 00:00:00+00:00,887.0,915.0,730.0
2012-09-01 00:00:00+00:00,930.0,847.0,652.0
2012-08-01 00:00:00+00:00,840.0,754.0,684.0
2012-07-01 00:00:00+00:00,849.0,740.0,676.0
2012-06-01 00:00:00+00:00,794.0,757.0,625.0
2012-05-01 00:00:00+00:00,796.0,708.0,626.0
2012-04-01 00:00:00+00:00,732.0,753.0,671.0
2012-03-01 00:00:00+00:00,806.0,695.0,582.0
2012-02-01 00:00:00+00:00,738.0,704.0,561.0
2012-01-01 00:00:00+00:00,712.0,723.0,545.0
2011-12-01 00:00:00+00:00,697.0,694.0,610.0
2011-11-01 00:00:00+00:00,706.0,711.0,585.0
2011-10-01 00:00:00+00:00,671.0,610.0,566.0
2011-09-01 00:00:00+00:00,610.0,650.0,603.0
2011-08-01 00:00:00+00:00,647.0,585.0,614.0
2011-07-01 00:00:00+00:00,621.0,623.0,634.0
2011-06-01 00:00:00+00:00,636.0,608.0,579.0
2011-05-01 00:00:00+00:00,618.0,561.0,549.0
2011-04-01 00:00:00+00:00,581.0,554.0,549.0
2011-03-01 00:00:00+00:00,583.0,600.0,591.0
2011-02-01 00:00:00+00:00,542.0,517.0,615.0
2011-01-01 00:00:00+00:00,576.0,630.0,520.0
2010-12-01 00:00:00+00:00,632.0,539.0,565.0
2010-11-01 00:00:00+00:00,560.0,545.0,552.0
2010-10-01 00:00:00+00:00,558.0,543.0,605.0
2010-09-01 00:00:00+00:00,563.0,594.0,632.0
2010-08-01 00:00:00+00:00,580.0,599.0,592.0
2010-07-01 00:00:00+00:00,579.0,546.0,572.0
2010-06-01 00:00:00+00:00,587.0,536.0,894.0
2010-05-01 00:00:00+00:00,575.0,583.0,702.0
2010-04-01 00:00:00+00:00,637.0,687.0,737.0
2010-03-01 00:00:00+00:00,687.0,636.0,635.0
2010-02-01 00:00:00+00:00,650.0,604.0,670.0
2010-01-01 00:00:00+00:00,636.0,614.0,689.0
2009-12-01 00:00:00+00:00,664.0,581.0,750.0
2009-11-01 00:00:00+00:00,623.0,588.0,844.0
2009-10-01 00:00:00+00:00,583.0,534.0,746.0
2009-09-01 00:00:00+00:00,609.0,585.0,721.0
2009-08-01 00:00:00+00:00,616.0,586.0,792.0
2009-07-01 00:00:00+00:00,595.0,594.0,797.0
2009-06-01 00:00:00+00:00,601.0,585.0,797.0
2009-05-01 00:00:00+00:00,556.0,540.0,818.0
2009-04-01 00:00:00+00:00,521.0,478.0,846.0
2009-03-01 00:00:00+00:00,513.0,505.0,839.0
2009-02-01 00:00:00+00:00,558.0,582.0,819.0
2009-01-01 00:00:00+00:00,545.0,490.0,777.0
2008-12-01 00:00:00+00:00,554.0,560.0,1021.0
2008-11-01 00:00:00+00:00,626.0,652.0,1076.0
2008-10-01 00:00:00+00:00,736.0,777.0,1055.0
2008-09-01 00:00:00+00:00,797.0,820.0,1160.0
2008-08-01 00:00:00+00:00,858.0,844.0,1017.0
2008-07-01 00:00:00+00:00,921.0,923.0,1087.0
2008-06-01 00:00:00+00:00,1180.0,1046.0,1142.0
2008-05-01 00:00:00+00:00,995.0,973.0,1142.0
2008-04-01 00:00:00+00:00,1008.0,1013.0,1022.0
2008-03-01 00:00:00+00:00,967.0,1005.0,1195.0
2008-02-01 00:00:00+00:00,1014.0,1103.0,1274.0
2008-01-01 00:00:00+00:00,1094.0,1084.0,1331.0
2007-12-01 00:00:00+00:00,1149.0,1037.0,1328.0
2007-11-01 00:00:00+00:00,1224.0,1197.0,1390.0
2007-10-01 00:00:00+00:00,1192.0,1264.0,1405.0
2007-09-01 00:00:00+00:00,1261.0,1183.0,1356.0
2007-08-01 00:00:00+00:00,1321.0,1330.0,1512.0
2007-07-01 00:00:00+00:00,1361.0,1354.0,1534.0
2007-06-01 00:00:00+00:00,1407.0,1448.0,1481.0
2007-05-01 00:00:00+00:00,1493.0,1415.0,1536.0
2007-04-01 00:00:00+00:00,1470.0,1490.0,1539.0
2007-03-01 00:00:00+00:00,1596.0,1495.0,1623.0
2007-02-01 00:00:00+00:00,1598.0,1480.0,1640.0
2007-01-01 00:00:00+00:00,1626.0,1409.0,1822.0
2006-12-01 00:00:00+00:00,1638.0,1649.0,1888.0
2006-11-01 00:00:00+00:00,1535.0,1570.0,1893.0
2006-10-01 00:00:00+00:00,1570.0,1491.0,1918.0
2006-09-01 00:00:00+00:00,1655.0,1720.0,2011.0
2006-08-01 00:00:00+00:00,1722.0,1650.0,1877.0
2006-07-01 00:00:00+00:00,1763.0,1737.0,1934.0
2006-06-01 00:00:00+00:00,1867.0,1802.0,2050.0
2006-05-01 00:00:00+00:00,1905.0,1942.0,1897.0
2006-04-01 00:00:00+00:00,1998.0,1821.0,2071.0
2006-03-01 00:00:00+00:00,2118.0,1969.0,2245.0
2006-02-01 00:00:00+00:00,2141.0,2119.0,2048.0
2006-01-01 00:00:00+00:00,2212.0,2273.0,2036.0
2005-12-01 00:00:00+00:00,2120.0,1994.0,1941.0
2005-11-01 00:00:00+00:00,2218.0,2147.0,1907.0
2005-10-01 00:00:00+00:00,2170.0,2065.0,1962.0
2005-09-01 00:00:00+00:00,2263.0,2151.0,1922.0
2005-08-01 00:00:00+00:00,2219.0,2095.0,1952.0
2005-07-01 00:00:00+00:00,2203.0,2054.0,1886.0
2005-06-01 00:00:00+00:00,2178.0,2068.0,1965.0
2005-05-01 00:00:00+00:00,2085.0,2025.0,2103.0
2005-04-01 00:00:00+00:00,2150.0,2061.0,1927.0
2005-03-01 00:00:00+00:00,2062.0,1864.0,1787.0
2005-02-01 00:00:00+00:00,2114.0,2207.0,1908.0
2005-01-01 00:00:00+00:00,2139.0,2144.0,1892.0
2004-12-01 00:00:00+00:00,2082.0,2042.0,1921.0
2004-11-01 00:00:00+00:00,2079.0,1782.0,1758.0
2004-10-01 00:00:00+00:00,2097.0,2072.0,1839.0
2004-09-01 00:00:00+00:00,2041.0,1905.0,1796.0
2004-08-01 00:00:00+00:00,2056.0,2024.0,1911.0
2004-07-01 00:00:00+00:00,2112.0,2002.0,1881.0
2004-06-01 00:00:00+00:00,2020.0,1828.0,1857.0
2004-05-01 00:00:00+00:00,2150.0,1981.0,1893.0
2004-04-01 00:00:00+00:00,2070.0,2003.0,1938.0
2004-03-01 00:00:00+00:00,2066.0,1998.0,1794.0
2004-02-01 00:00:00+00:00,1966.0,1846.0,1718.0
2004-01-01 00:00:00+00:00,1952.0,1911.0,1709.0
2003-12-01 00:00:00+00:00,1987.0,2057.0,1716.0
2003-11-01 00:00:00+00:00,1918.0,2083.0,1692.0
2003-10-01 00:00:00+00:00,2012.0,1967.0,1728.0
2003-09-01 00:00:00+00:00,1961.0,1939.0,1719.0
2003-08-01 00:00:00+00:00,1966.0,1833.0,1570.0
2003-07-01 00:00:00+00:00,1885.0,1897.0,1680.0
2003-06-01 00:00:00+00:00,1875.0,1867.0,1641.0
2003-05-01 00:00:00+00:00,1835.0,1751.0,1733.0
2003-04-01 00:00:00+00:00,1803.0,1643.0,1662.0
2003-03-01 00:00:00+00:00,1757.0,1726.0,1638.0
2003-02-01 00:00:00+00:00,1854.0,1629.0,1688.0
2003-01-01 00:00:00+00:00,1808.0,1853.0,1654.0
2002-12-01 00:00:00+00:00,1896.0,1788.0,1671.0
2002-11-01 00:00:00+00:00,1771.0,1753.0,1718.0
2002-10-01 00:00:00+00:00,1799.0,1648.0,1601.0
2002-09-01 00:00:00+00:00,1803.0,1804.0,1641.0
2002-08-01 00:00:00+00:00,1695.0,1633.0,1722.0
2002-07-01 00:00:00+00:00,1738.0,1655.0,1615.0
2002-06-01 00:00:00+00:00,1758.0,1717.0,1589.0
2002-05-01 00:00:00+00:00,1716.0,1764.0,1705.0
2002-04-01 00:00:00+00:00,1669.0,1592.0,1625.0
2002-03-01 00:00:00+00:00,1691.0,1642.0,1559.0
2002-02-01 00:00:00+00:00,1787.0,1829.0,1671.0
2002-01-01 00:00:00+00:00,1665.0,1698.0,1632.0
2001-12-01 00:00:00+00:00,1680.0,1568.0,1693.0
2001-11-01 00:00:00+00:00,1651.0,1602.0,1555.0
2001-10-01 00:00:00+00:00,1566.0,1540.0,1599.0
2001-09-01 00:00:00+00:00,1565.0,1562.0,1551.0
2001-08-01 00:00:00+00:00,1615.0,1567.0,1615.0
2001-07-01 00:00:00+00:00,1598.0,1670.0,1582.0
2001-06-01 00:00:00+00:00,1626.0,1636.0,1654.0
2001-05-01 00:00:00+00:00,1665.0,1605.0,1497.0
2001-04-01 00:00:00+00:00,1666.0,1649.0,1574.0
2001-03-01 00:00:00+00:00,1659.0,1590.0,1470.0
2001-02-01 00:00:00+00:00,1656.0,1625.0,1536.0
2001-01-01 00:00:00+00:00,1699.0,1600.0,1456.0
2000-12-01 00:00:00+00:00,1543.0,1532.0,1521.0
2000-11-01 00:00:00+00:00,1614.0,1551.0,1539.0
2000-10-01 00:00:00+00:00,1577.0,1549.0,1513.0
2000-09-01 00:00:00+00:00,1570.0,1507.0,1528.0
2000-08-01 00:00:00+00:00,1552.0,1541.0,1573.0
2000-07-01 00:00:00+00:00,1542.0,1463.0,1495.0
2000-06-01 00:00:00+00:00,1572.0,1559.0,1530.0
2000-05-01 00:00:00+00:00,1543.0,1575.0,1682.0
2000-04-01 00:00:00+00:00,1597.0,1626.0,1610.0
2000-03-01 00:00:00+00:00,1651.0,1604.0,1704.0
2000-02-01 00:00:00+00:00,1692.0,1737.0,1677.0
2000-01-01 00:00:00+00:00,1727.0,1636.0,1574.0
1999-12-01 00:00:00+00:00,1683.0,1708.0,1659.0
1999-11-01 00:00:00+00:00,1672.0,1648.0,1596.0
1999-10-01 00:00:00+00:00,1649.0,1608.0,1593.0
1999-09-01 00:00:00+00:00,1551.0,1635.0,1643.0
1999-08-01 00:00:00+00:00,1671.0,1648.0,1563.0
1999-07-01 00:00:00+00:00,1682.0,1669.0,1597.0
1999-06-01 00:00:00+00:00,1702.0,1559.0,1648.0
1999-05-01 00:00:00+00:00,1640.0,1611.0,1623.0
1999-04-01 00:00:00+00:00,1600.0,1553.0,1580.0
1999-03-01 00:00:00+00:00,1665.0,1710.0,1673.0
1999-02-01 00:00:00+00:00,1720.0,1670.0,1459.0
1999-01-01 00:00:00+00:00,1732.0,1748.0,1599.0
1998-12-01 00:00:00+00:00,1742.0,1792.0,1433.0
1998-11-01 00:00:00+00:00,1672.0,1660.0,1604.0
1998-10-01 00:00:00+00:00,1719.0,1715.0,1452.0
1998-09-01 00:00:00+00:00,1577.0,1582.0,1452.0
1998-08-01 00:00:00+00:00,1654.0,1614.0,1521.0
1998-07-01 00:00:00+00:00,1610.0,1698.0,1552.0
1998-06-01 00:00:00+00:00,1551.0,1641.0,1467.0
1998-05-01 00:00:00+00:00,1554.0,1536.0,1465.0
1998-04-01 00:00:00+00:00,1547.0,1540.0,1498.0
1998-03-01 00:00:00+00:00,1605.0,1567.0,1477.0
1998-02-01 00:00:00+00:00,1647.0,1584.0,1441.0
1998-01-01 00:00:00+00:00,1555.0,1525.0,1316.0
1997-12-01 00:00:00+00:00,1456.0,1566.0,1428.0
1997-11-01 00:00:00+00:00,1469.0,1510.0,1420.0
1997-10-01 00:00:00+00:00,1499.0,1520.0,1396.0
1997-09-01 00:00:00+00:00,1494.0,1546.0,1442.0
1997-08-01 00:00:00+00:00,1449.0,1390.0,1332.0
1997-07-01 00:00:00+00:00,1440.0,1437.0,1313.0
1997-06-01 00:00:00+00:00,1402.0,1494.0,1315.0
1997-05-01 00:00:00+00:00,1414.0,1442.0,1400.0
1997-04-01 00:00:00+00:00,1421.0,1492.0,1438.0
1997-03-01 00:00:00+00:00,1436.0,1457.0,1445.0
1997-02-01 00:00:00+00:00,1445.0,1486.0,1545.0
1997-01-01 00:00:00+00:00,1382.0,1355.0,1377.0
1996-12-01 00:00:00+00:00,1411.0,1370.0,1487.0
1996-11-01 00:00:00+00:00,1412.0,1489.0,1413.0
1996-10-01 00:00:00+00:00,1358.0,1392.0,1392.0
1996-09-01 00:00:00+00:00,1392.0,1475.0,1379.0
1996-08-01 00:00:00+00:00,1413.0,1557.0,1468.0
1996-07-01 00:00:00+00:00,1450.0,1472.0,1453.0
1996-06-01 00:00:00+00:00,1429.0,1467.0,1437.0
1996-05-01 00:00:00+00:00,1457.0,1504.0,1423.0
1996-04-01 00:00:00+00:00,1463.0,1516.0,1327.0
1996-03-01 00:00:00+00:00,1437.0,1424.0,1369.0
1996-02-01 00:00:00+00:00,1420.0,1491.0,1317.0
1996-01-01 00:00:00+00:00,1387.0,1467.0,1402.0
1995-12-01 00:00:00+00:00,1442.0,1431.0,1200.0
1995-11-01 00:00:00+00:00,1430.0,1452.0,1360.0
1995-10-01 00:00:00+00:00,1400.0,1369.0,1335.0
1995-09-01 00:00:00+00:00,1421.0,1369.0,1279.0
1995-08-01 00:00:00+00:00,1386.0,1416.0,1265.0
1995-07-01 00:00:00+00:00,1354.0,1461.0,1352.0
1995-06-01 00:00:00+00:00,1305.0,1281.0,1242.0
1995-05-01 00:00:00+00:00,1271.0,1314.0,1326.0
1995-04-01 00:00:00+00:00,1259.0,1267.0,1342.0
1995-03-01 00:00:00+00:00,1226.0,1249.0,1413.0
1995-02-01 00:00:00+00:00,1254.0,1316.0,1294.0
1995-01-01 00:00:00+00:00,1282.0,1407.0,1423.0
1994-12-01 00:00:00+00:00,1396.0,1455.0,1386.0
1994-11-01 00:00:00+00:00,1340.0,1511.0,1365.0
1994-10-01 00:00:00+00:00,1397.0,1450.0,1378.0
1994-09-01 00:00:00+00:00,1412.0,1474.0,1414.0
1994-08-01 00:00:00+00:00,1377.0,1450.0,1348.0
1994-07-01 00:00:00+00:00,1335.0,1439.0,1281.0
1994-06-01 00:00:00+00:00,1357.0,1409.0,1336.0
1994-05-01 00:00:00+00:00,1396.0,1526.0,1430.0
1994-04-01 00:00:00+00:00,1392.0,1465.0,1374.0
1994-03-01 00:00:00+00:00,1342.0,1564.0,1257.0
1994-02-01 00:00:00+00:00,1269.0,1337.0,1353.0
1994-01-01 00:00:00+00:00,1390.0,1272.0,1228.0
1993-12-01 00:00:00+00:00,1461.0,1533.0,1289.0
1993-11-01 00:00:00+00:00,1357.0,1376.0,1235.0
1993-10-01 00:00:00+00:00,1287.0,1392.0,1246.0
1993-09-01 00:00:00+00:00,1251.0,1343.0,1172.0
1993-08-01 00:00:00+00:00,1230.0,1300.0,1264.0
1993-07-01 00:00:00+00:00,1174.0,1254.0,1090.0
1993-06-01 00:00:00+00:00,1130.0,1280.0,1193.0
1993-05-01 00:00:00+00:00,1112.0,1260.0,1111.0
1993-04-01 00:00:00+00:00,1104.0,1258.0,1216.0
1993-03-01 00:00:00+00:00,1056.0,1083.0,1105.0
1993-02-01 00:00:00+00:00,1148.0,1210.0,1236.0
1993-01-01 00:00:00+00:00,1177.0,1210.0,1135.0
1992-12-01 00:00:00+00:00,1176.0,1227.0,1199.0
1992-11-01 00:00:00+00:00,1118.0,1214.0,1224.0
1992-10-01 00:00:00+00:00,1132.0,1244.0,1139.0
1992-09-01 00:00:00+00:00,1114.0,1186.0,1123.0
1992-08-01 00:00:00+00:00,1075.0,1226.0,1140.0
1992-07-01 00:00:00+00:00,1089.0,1139.0,1251.0
1992-06-01 00:00:00+00:00,1057.0,1145.0,1189.0
1992-05-01 00:00:00+00:00,1056.0,1214.0,1187.0
1992-04-01 00:00:00+00:00,1054.0,1099.0,1083.0
1992-03-01 00:00:00+00:00,1082.0,1297.0,1128.0
1992-02-01 00:00:00+00:00,1146.0,1250.0,1098.0
1992-01-01 00:00:00+00:00,1077.0,1176.0,1061.0
1991-12-01 00:00:00+00:00,1061.0,1079.0,1002.0
1991-11-01 00:00:00+00:00,984.0,1103.0,1013.0
1991-10-01 00:00:00+00:00,991.0,1079.0,1076.0
1991-09-01 00:00:00+00:00,974.0,1015.0,1216.0
1991-08-01 00:00:00+00:00,944.0,1049.0,1050.0
1991-07-01 00:00:00+00:00,973.0,1063.0,1076.0
1991-06-01 00:00:00+00:00,964.0,1036.0,1093.0
1991-05-01 00:00:00+00:00,991.0,996.0,1070.0
1991-04-01 00:00:00+00:00,916.0,1001.0,1093.0
1991-03-01 00:00:00+00:00,911.0,921.0,1176.0
1991-02-01 00:00:00+00:00,853.0,965.0,1090.0
1991-01-01 00:00:00+00:00,786.0,798.0,1149.0
1990-12-01 00:00:00+00:00,861.0,969.0,1173.0
1990-11-01 00:00:00+00:00,941.0,1145.0,1248.0
1990-10-01 00:00:00+00:00,925.0,1014.0,1282.0
1990-09-01 00:00:00+00:00,976.0,1110.0,1312.0
1990-08-01 00:00:00+00:00,1069.0,1115.0,1307.0
1990-07-01 00:00:00+00:00,1078.0,1171.0,1295.0
1990-06-01 00:00:00+00:00,1108.0,1177.0,1263.0
1990-05-01 00:00:00+00:00,1067.0,1212.0,1351.0
1990-04-01 00:00:00+00:00,1136.0,1248.0,1332.0
1990-03-01 00:00:00+00:00,1246.0,1289.0,1345.0
1990-02-01 00:00:00+00:00,1329.0,1437.0,1352.0
1990-01-01 00:00:00+00:00,1748.0,1551.0,1508.0
1989-12-01 00:00:00+00:00,1422.0,1251.0,1304.0
1989-11-01 00:00:00+00:00,1344.0,1351.0,1475.0
1989-10-01 00:00:00+00:00,1365.0,1410.0,1333.0
1989-09-01 00:00:00+00:00,1314.0,1279.0,1338.0
1989-08-01 00:00:00+00:00,1334.0,1332.0,1429.0
1989-07-01 00:00:00+00:00,1283.0,1427.0,1386.0
1989-06-01 00:00:00+00:00,1322.0,1397.0,1346.0
1989-05-01 00:00:00+00:00,1381.0,1331.0,1449.0
1989-04-01 00:00:00+00:00,1376.0,1339.0,1542.0
1989-03-01 00:00:00+00:00,1214.0,1422.0,1442.0
1989-02-01 00:00:00+00:00,1383.0,1425.0,1597.0
1989-01-01 00:00:00+00:00,1466.0,1621.0,1561.0
1988-12-01 00:00:00+00:00,1501.0,1563.0,1547.0
1988-11-01 00:00:00+00:00,1508.0,1569.0,1407.0
1988-10-01 00:00:00+00:00,1516.0,1522.0,1529.0
1988-09-01 00:00:00+00:00,1436.0,1492.0,1531.0
1988-08-01 00:00:00+00:00,1460.0,1493.0,1551.0
1988-07-01 00:00:00+00:00,1439.0,1467.0,1527.0
1988-06-01 00:00:00+00:00,1485.0,1478.0,1512.0
1988-05-01 00:00:00+00:00,1444.0,1421.0,1483.0
1988-04-01 00:00:00+00:00,1429.0,1573.0,1615.0
1988-03-01 00:00:00+00:00,1525.0,1532.0,1600.0
1988-02-01 00:00:00+00:00,1438.0,1473.0,1450.0
1988-01-01 00:00:00+00:00,1244.0,1271.0,1554.0
1987-12-01 00:00:00+00:00,1345.0,1400.0,1632.0
1987-11-01 00:00:00+00:00,1457.0,1656.0,1578.0
1987-10-01 00:00:00+00:00,1447.0,1515.0,1577.0
1987-09-01 00:00:00+00:00,1514.0,1695.0,1587.0
1987-08-01 00:00:00+00:00,1511.0,1605.0,1624.0
1987-07-01 00:00:00+00:00,1516.0,1575.0,1685.0
1987-06-01 00:00:00+00:00,1522.0,1594.0,1635.0
1987-05-01 00:00:00+00:00,1500.0,1628.0,1713.0
1987-04-01 00:00:00+00:00,1601.0,1614.0,1735.0
1987-03-01 00:00:00+00:00,1704.0,1726.0,1694.0
1987-02-01 00:00:00+00:00,1689.0,1784.0,1771.0
1987-01-01 00:00:00+00:00,1690.0,1774.0,1862.0
1986-12-01 00:00:00+00:00,1903.0,1833.0,1840.0
1986-11-01 00:00:00+00:00,1644.0,1623.0,1793.0
1986-10-01 00:00:00+00:00,1675.0,1681.0,1782.0
1986-09-01 00:00:00+00:00,1686.0,1687.0,1732.0
1986-08-01 00:00:00+00:00,1726.0,1807.0,1763.0
1986-07-01 00:00:00+00:00,1780.0,1782.0,1722.0
1986-06-01 00:00:00+00:00,1790.0,1847.0,1672.0
1986-05-01 00:00:00+00:00,1797.0,1854.0,1833.0
1986-04-01 00:00:00+00:00,1858.0,1933.0,1685.0
1986-03-01 00:00:00+00:00,1780.0,1876.0,1756.0
1986-02-01 00:00:00+00:00,1767.0,1848.0,1753.0
1986-01-01 00:00:00+00:00,1847.0,1972.0,1723.0
1985-12-01 00:00:00+00:00,1794.0,1942.0,1732.0
1985-11-01 00:00:00+00:00,1692.0,1698.0,1749.0
1985-10-01 00:00:00+00:00,1743.0,1834.0,1565.0
1985-09-01 00:00:00+00:00,1916.0,1676.0,1806.0
1985-08-01 00:00:00+00:00,1808.0,1743.0,1685.0
1985-07-01 00:00:00+00:00,1697.0,1684.0,1693.0
1985-06-01 00:00:00+00:00,1716.0,1676.0,1791.0
1985-05-01 00:00:00+00:00,1709.0,1680.0,1665.0
1985-04-01 00:00:00+00:00,1664.0,1821.0,1630.0
1985-03-01 00:00:00+00:00,1727.0,1800.0,1715.0
1985-02-01 00:00:00+00:00,1662.0,1632.0,1772.0
1985-01-01 00:00:00+00:00,1660.0,1711.0,1646.0
1984-12-01 00:00:00+00:00,1626.0,1612.0,1629.0
1984-11-01 00:00:00+00:00,1643.0,1689.0,1611.0
1984-10-01 00:00:00+00:00,1490.0,1590.0,1633.0
1984-09-01 00:00:00+00:00,1523.0,1698.0,1642.0
1984-08-01 00:00:00+00:00,1530.0,1586.0,1685.0
1984-07-01 00:00:00+00:00,1605.0,1732.0,1692.0
1984-06-01 00:00:00+00:00,1814.0,1843.0,1714.0
1984-05-01 00:00:00+00:00,1741.0,1774.0,1732.0
1984-04-01 00:00:00+00:00,1776.0,1851.0,1683.0
1984-03-01 00:00:00+00:00,1725.0,1663.0,1600.0
1984-02-01 00:00:00+00:00,1987.0,2260.0,1562.0
1984-01-01 00:00:00+00:00,1816.0,1897.0,1595.0
1983-12-01 00:00:00+00:00,1627.0,1688.0,1509.0
1983-11-01 00:00:00+00:00,1668.0,1785.0,1462.0
1983-10-01 00:00:00+00:00,1716.0,1715.0,1586.0
1983-09-01 00:00:00+00:00,1585.0,1710.0,1493.0
1983-08-01 00:00:00+00:00,1713.0,1910.0,1711.0
1983-07-01 00:00:00+00:00,1795.0,1785.0,1410.0
1983-06-01 00:00:00+00:00,1769.0,1733.0,1344.0
1983-05-01 00:00:00+00:00,1669.0,1776.0,1300.0
1983-04-01 00:00:00+00:00,1566.0,1472.0,1197.0
1983-03-01 00:00:00+00:00,1475.0,1606.0,1168.0
1983-02-01 00:00:00+00:00,1471.0,1699.0,1135.0
1983-01-01 00:00:00+00:00,1426.0,1586.0,1187.0
1982-12-01 00:00:00+00:00,1351.0,1303.0,1047.0
1982-11-01 00:00:00+00:00,1229.0,1372.0,1079.0
1982-10-01 00:00:00+00:00,1149.0,1173.0,1059.0
1982-09-01 00:00:00+00:00,1042.0,1144.0,947.0
1982-08-01 00:00:00+00:00,926.0,1046.0,985.0
1982-07-01 00:00:00+00:00,1044.0,1166.0,1006.0
1982-06-01 00:00:00+00:00,913.0,902.0,930.0
1982-05-01 00:00:00+00:00,953.0,1025.0,1060.0
1982-04-01 00:00:00+00:00,888.0,917.0,979.0
1982-03-01 00:00:00+00:00,891.0,931.0,965.0
1982-02-01 00:00:00+00:00,808.0,866.0,935.0
1982-01-01 00:00:00+00:00,794.0,843.0,1052.0
1981-12-01 00:00:00+00:00,796.0,910.0,1129.0
1981-11-01 00:00:00+00:00,748.0,837.0,1074.0
1981-10-01 00:00:00+00:00,731.0,873.0,1206.0
1981-09-01 00:00:00+00:00,847.0,911.0,1221.0
1981-08-01 00:00:00+00:00,889.0,940.0,1222.0
1981-07-01 00:00:00+00:00,935.0,1041.0,1337.0
1981-06-01 00:00:00+00:00,976.0,1045.0,1350.0
1981-05-01 00:00:00+00:00,1173.0,1140.0,1246.0
1981-04-01 00:00:00+00:00,1190.0,1360.0,1469.0
1981-03-01 00:00:00+00:00,1183.0,1306.0,1377.0
1981-02-01 00:00:00+00:00,1199.0,1246.0,1395.0
1981-01-01 00:00:00+00:00,1221.0,1547.0,1270.0
1980-12-01 00:00:00+00:00,1249.0,1482.0,1378.0
1980-11-01 00:00:00+00:00,1383.0,1510.0,1313.0
1980-10-01 00:00:00+00:00,1366.0,1523.0,1272.0
1980-09-01 00:00:00+00:00,1484.0,1471.0,1267.0
1980-08-01 00:00:00+00:00,1367.0,1436.0,1440.0
1980-07-01 00:00:00+00:00,1259.0,1269.0,1472.0
1980-06-01 00:00:00+00:00,1118.0,1196.0,1480.0
1980-05-01 00:00:00+00:00,861.0,927.0,1532.0
1980-04-01 00:00:00+00:00,808.0,1051.0,1751.0
1980-03-01 00:00:00+00:00,988.0,1047.0,1701.0
1980-02-01 00:00:00+00:00,1199.0,1350.0,1803.0
1980-01-01 00:00:00+00:00,1280.0,1341.0,1794.0
1979-12-01 00:00:00+00:00,1254.0,1498.0,1863.0
1979-11-01 00:00:00+00:00,1276.0,1524.0,1892.0
1979-10-01 00:00:00+00:00,1481.0,1681.0,1832.0
1979-09-01 00:00:00+00:00,1638.0,1832.0,1983.0
1979-08-01 00:00:00+00:00,1591.0,1778.0,1779.0
1979-07-01 00:00:00+00:00,1534.0,1760.0,1759.0
1979-06-01 00:00:00+00:00,1640.0,1913.0,1853.0
1979-05-01 00:00:00+00:00,1684.0,1876.0,2007.0
1979-04-01 00:00:00+00:00,1597.0,1748.0,1866.0
1979-03-01 00:00:00+00:00,1720.0,1847.0,1946.0
1979-02-01 00:00:00+00:00,1492.0,1520.0,1845.0
1979-01-01 00:00:00+00:00,1461.0,1630.0,1850.0
1978-12-01 00:00:00+00:00,1818.0,2044.0,1844.0
1978-11-01 00:00:00+00:00,1795.0,2094.0,1877.0
1978-10-01 00:00:00+00:00,1781.0,1981.0,1885.0
1978-09-01 00:00:00+00:00,1751.0,1970.0,1944.0
1978-08-01 00:00:00+00:00,1691.0,1996.0,1976.0
1978-07-01 00:00:00+00:00,1786.0,2092.0,1957.0
1978-06-01 00:00:00+00:00,1983.0,2070.0,1905.0
1978-05-01 00:00:00+00:00,1766.0,2075.0,1850.0
1978-04-01 00:00:00+00:00,1948.0,2197.0,1843.0
1978-03-01 00:00:00+00:00,1799.0,2032.0,1785.0
1978-02-01 00:00:00+00:00,1736.0,1738.0,1719.0
1978-01-01 00:00:00+00:00,1740.0,1718.0,1777.0
1977-12-01 00:00:00+00:00,1754.0,2142.0,1634.0
1977-11-01 00:00:00+00:00,1771.0,2042.0,1770.0
1977-10-01 00:00:00+00:00,1758.0,2042.0,1675.0
1977-09-01 00:00:00+00:00,1674.0,1949.0,1865.0
1977-08-01 00:00:00+00:00,1780.0,2020.0,1673.0
1977-07-01 00:00:00+00:00,1687.0,2058.0,1687.0
1977-06-01 00:00:00+00:00,1752.0,1893.0,1636.0
1977-05-01 00:00:00+00:00,1668.0,1971.0,1555.0
1977-04-01 00:00:00+00:00,1660.0,1892.0,1548.0
1977-03-01 00:00:00+00:00,1660.0,2063.0,1619.0
1977-02-01 00:00:00+00:00,1560.0,1943.0,1655.0
1977-01-01 00:00:00+00:00,1466.0,1527.0,1457.0
1976-12-01 00:00:00+00:00,1511.0,1804.0,1457.0
1976-11-01 00:00:00+00:00,1531.0,1641.0,1428.0
1976-10-01 00:00:00+00:00,1425.0,1629.0,1388.0
1976-09-01 00:00:00+00:00,1481.0,1720.0,1371.0
1976-08-01 00:00:00+00:00,1309.0,1550.0,1374.0
1976-07-01 00:00:00+00:00,1245.0,1401.0,1322.0
1976-06-01 00:00:00+00:00,1188.0,1495.0,1390.0
1976-05-01 00:00:00+00:00,1194.0,1459.0,1440.0
1976-04-01 00:00:00+00:00,1132.0,1395.0,1332.0
1976-03-01 00:00:00+00:00,1164.0,1421.0,1347.0
1976-02-01 00:00:00+00:00,1190.0,1538.0,1311.0
1976-01-01 00:00:00+00:00,1195.0,1367.0,1258.0
1975-12-01 00:00:00+00:00,1091.0,1321.0,1306.0
1975-11-01 00:00:00+00:00,1110.0,1360.0,1383.0
1975-10-01 00:00:00+00:00,1096.0,1344.0,1134.0
1975-09-01 00:00:00+00:00,1064.0,1264.0,1333.0
1975-08-01 00:00:00+00:00,994.0,1260.0,1290.0
1975-07-01 00:00:00+00:00,1020.0,1226.0,1276.0
1975-06-01 00:00:00+00:00,946.0,1087.0,1234.0
1975-05-01 00:00:00+00:00,914.0,1121.0,1349.0
1975-04-01 00:00:00+00:00,866.0,1005.0,1278.0
1975-03-01 00:00:00+00:00,709.0,993.0,1293.0
1975-02-01 00:00:00+00:00,729.0,904.0,1346.0
1975-01-01 00:00:00+00:00,726.0,1032.0,1588.0
1974-12-01 00:00:00+00:00,869.0,975.0,1540.0
1974-11-01 00:00:00+00:00,783.0,1026.0,1590.0
1974-10-01 00:00:00+00:00,824.0,1070.0,1630.0
1974-09-01 00:00:00+00:00,840.0,1150.0,1651.0
1974-08-01 00:00:00+00:00,917.0,1142.0,1634.0
1974-07-01 00:00:00+00:00,1002.0,1316.0,1695.0
1974-06-01 00:00:00+00:00,1086.0,1513.0,1897.0
1974-05-01 00:00:00+00:00,1138.0,1426.0,1715.0
1974-04-01 00:00:00+00:00,1254.0,1607.0,1830.0
1974-03-01 00:00:00+00:00,1440.0,1555.0,1806.0
1974-02-01 00:00:00+00:00,1360.0,1752.0,1938.0
1974-01-01 00:00:00+00:00,1331.0,1451.0,1932.0
1973-12-01 00:00:00+00:00,1288.0,1526.0,1869.0
1973-11-01 00:00:00+00:00,1402.0,1724.0,1925.0
1973-10-01 00:00:00+00:00,1411.0,1677.0,2052.0
1973-09-01 00:00:00+00:00,1704.0,1874.0,2061.0
1973-08-01 00:00:00+00:00,1809.0,2051.0,2056.0
1973-07-01 00:00:00+00:00,1819.0,2123.0,2066.0
1973-06-01 00:00:00+00:00,2051.0,2067.0,2258.0
1973-05-01 00:00:00+00:00,1931.0,2266.0,2299.0
1973-04-01 00:00:00+00:00,1908.0,2084.0,2195.0
1973-03-01 00:00:00+00:00,2062.0,2365.0,2196.0
1973-02-01 00:00:00+00:00,2226.0,2289.0,2124.0
1973-01-01 00:00:00+00:00,2271.0,2481.0,2162.0
1972-12-01 00:00:00+00:00,2419.0,2366.0,2121.0
1972-11-01 00:00:00+00:00,2234.0,2421.0,1985.0
1972-10-01 00:00:00+00:00,2354.0,2485.0,1995.0
1972-09-01 00:00:00+00:00,2393.0,2481.0,2053.0
1972-08-01 00:00:00+00:00,2263.0,2382.0,2102.0
1972-07-01 00:00:00+00:00,2195.0,2252.0,1930.0
1972-06-01 00:00:00+00:00,2183.0,2254.0,1936.0
1972-05-01 00:00:00+00:00,2067.0,2221.0,1896.0
1972-04-01 00:00:00+00:00,2139.0,2249.0,1970.0
1972-03-01 00:00:00+00:00,2105.0,2334.0,1981.0
1972-02-01 00:00:00+00:00,2169.0,2390.0,2061.0
1972-01-01 00:00:00+00:00,2238.0,2494.0,1942.0
1971-12-01 00:00:00+00:00,2133.0,2295.0,1895.0
1971-11-01 00:00:00+00:00,2079.0,2182.0,1844.0
1971-10-01 00:00:00+00:00,2026.0,2128.0,1815.0
1971-09-01 00:00:00+00:00,1996.0,2041.0,1804.0
1971-08-01 00:00:00+00:00,2004.0,2158.0,1896.0
1971-07-01 00:00:00+00:00,2069.0,2083.0,1699.0
1971-06-01 00:00:00+00:00,1903.0,2026.0,1637.0
1971-05-01 00:00:00+00:00,1972.0,2049.0,1637.0
1971-04-01 00:00:00+00:00,1745.0,1986.0,1709.0
1971-03-01 00:00:00+00:00,1759.0,1910.0,1489.0
1971-02-01 00:00:00+00:00,1588.0,1741.0,1448.0
1971-01-01 00:00:00+00:00,1643.0,1828.0,1471.0
1970-12-01 00:00:00+00:00,1767.0,1893.0,1437.0
1970-11-01 00:00:00+00:00,1502.0,1647.0,1457.0
1970-10-01 00:00:00+00:00,1564.0,1580.0,1437.0
1970-09-01 00:00:00+00:00,1426.0,1534.0,1383.0
1970-08-01 00:00:00+00:00,1394.0,1399.0,1609.0
1970-07-01 00:00:00+00:00,1324.0,1517.0,1384.0
1970-06-01 00:00:00+00:00,1322.0,1385.0,1431.0
1970-05-01 00:00:00+00:00,1328.0,1290.0,1334.0
1970-04-01 00:00:00+00:00,1224.0,1264.0,1354.0
1970-03-01 00:00:00+00:00,1132.0,1319.0,1317.0
1970-02-01 00:00:00+00:00,1118.0,1305.0,1430.0
1970-01-01 00:00:00+00:00,1062.0,1085.0,1434.0
1969-12-01 00:00:00+00:00,1155.0,1327.0,1402.0
1969-11-01 00:00:00+00:00,1191.0,1229.0,1404.0
1969-10-01 00:00:00+00:00,1216.0,1381.0,1406.0
1969-09-01 00:00:00+00:00,1263.0,1507.0,1367.0
1969-08-01 00:00:00+00:00,1317.0,1358.0,1393.0
1969-07-01 00:00:00+00:00,1278.0,1368.0,1432.0
1969-06-01 00:00:00+00:00,1349.0,1528.0,1455.0
1969-05-01 00:00:00+00:00,1328.0,1583.0,1430.0
1969-04-01 00:00:00+00:00,1441.0,1524.0,1318.0
1969-03-01 00:00:00+00:00,1438.0,1561.0,1558.0
1969-02-01 00:00:00+00:00,1495.0,1705.0,1414.0
1969-01-01 00:00:00+00:00,1459.0,1769.0,1257.0
1968-12-01 00:00:00+00:00,1389.0,1548.0,1390.0
1968-11-01 00:00:00+00:00,1436.0,1630.0,1367.0
1968-10-01 00:00:00+00:00,1421.0,1569.0,1348.0
1968-09-01 00:00:00+00:00,1464.0,1556.0,1397.0
1968-08-01 00:00:00+00:00,1357.0,1495.0,1279.0
1968-07-01 00:00:00+00:00,1344.0,1512.0,1370.0
1968-06-01 00:00:00+00:00,1300.0,1405.0,1184.0
1968-05-01 00:00:00+00:00,1297.0,1408.0,1367.0
1968-04-01 00:00:00+00:00,1286.0,1554.0,1328.0
1968-03-01 00:00:00+00:00,1370.0,1466.0,1323.0
1968-02-01 00:00:00+00:00,1342.0,1520.0,1174.0
1968-01-01 00:00:00+00:00,1179.0,1380.0,1257.0
1967-12-01 00:00:00+00:00,1315.0,1308.0,
1967-11-01 00:00:00+00:00,1297.0,1538.0,
1967-10-01 00:00:00+00:00,1280.0,1491.0,
1967-09-01 00:00:00+00:00,1279.0,1421.0,
1967-08-01 00:00:00+00:00,1229.0,1407.0,
1967-07-01 00:00:00+00:00,1177.0,1364.0,
1967-06-01 00:00:00+00:00,1169.0,1248.0,
1967-05-01 00:00:00+00:00,1076.0,1304.0,
1967-04-01 00:00:00+00:00,1035.0,1091.0,
1967-03-01 00:00:00+00:00,955.0,1056.0,
1967-02-01 00:00:00+00:00,907.0,1123.0,
1967-01-01 00:00:00+00:00,995.0,1067.0,
1966-12-01 00:00:00+00:00,743.0,990.0,
1966-11-01 00:00:00+00:00,736.0,961.0,
1966-10-01 00:00:00+00:00,739.0,843.0,
1966-09-01 00:00:00+00:00,774.0,1046.0,
1966-08-01 00:00:00+00:00,877.0,1119.0,
1966-07-01 00:00:00+00:00,932.0,1086.0,
1966-06-01 00:00:00+00:00,956.0,1194.0,
1966-05-01 00:00:00+00:00,1078.0,1265.0,
1966-04-01 00:00:00+00:00,1145.0,1352.0,
1966-03-01 00:00:00+00:00,1234.0,1394.0,
1966-02-01 00:00:00+00:00,1159.0,1378.0,
1966-01-01 00:00:00+00:00,1325.0,1370.0,
1965-12-01 00:00:00+00:00,1315.0,1656.0,
1965-11-01 00:00:00+00:00,1306.0,1460.0,
1965-10-01 00:00:00+00:00,1279.0,1452.0,
1965-09-01 00:00:00+00:00,1227.0,1482.0,
1965-08-01 00:00:00+00:00,1249.0,1432.0,
1965-07-01 00:00:00+00:00,1237.0,1529.0,
1965-06-01 00:00:00+00:00,1241.0,1488.0,
1965-05-01 00:00:00+00:00,1207.0,1478.0,
1965-04-01 00:00:00+00:00,1162.0,1438.0,
1965-03-01 00:00:00+00:00,1211.0,1423.0,
1965-02-01 00:00:00+00:00,1185.0,1433.0,
1965-01-01 00:00:00+00:00,1264.0,1361.0,
1964-12-01 00:00:00+00:00,1164.0,1484.0,
1964-11-01 00:00:00+00:00,1254.0,1486.0,
1964-10-01 00:00:00+00:00,1230.0,1524.0,
1964-09-01 00:00:00+00:00,1265.0,1455.0,
1964-08-01 00:00:00+00:00,1306.0,1569.0,
1964-07-01 00:00:00+00:00,1304.0,1562.0,
1964-06-01 00:00:00+00:00,1280.0,1550.0,
1964-05-01 00:00:00+00:00,1299.0,1467.0,
1964-04-01 00:00:00+00:00,1264.0,1448.0,
1964-03-01 00:00:00+00:00,1313.0,1517.0,
1964-02-01 00:00:00+00:00,1442.0,1820.0,
1964-01-01 00:00:00+00:00,1296.0,1603.0,
1963-12-01 00:00:00+00:00,1423.0,1491.0,
1963-11-01 00:00:00+00:00,1357.0,1622.0,
1963-10-01 00:00:00+00:00,1414.0,1779.0,
1963-09-01 00:00:00+00:00,1413.0,1763.0,
1963-08-01 00:00:00+00:00,1310.0,1639.0,
1963-07-01 00:00:00+00:00,1321.0,1614.0,
1963-06-01 00:00:00+00:00,1345.0,1588.0,
1963-05-01 00:00:00+00:00,1350.0,1641.0,
1963-04-01 00:00:00+00:00,1288.0,1689.0,
1963-03-01 00:00:00+00:00,1258.0,1534.0,
1963-02-01 00:00:00+00:00,1212.0,1456.0,
1963-01-01 00:00:00+00:00,1248.0,1244.0,
1962-12-01 00:00:00+00:00,1236.0,1564.0,
1962-11-01 00:00:00+00:00,1236.0,1622.0,
1962-10-01 00:00:00+00:00,1181.0,1533.0,
1962-09-01 00:00:00+00:00,1223.0,1324.0,
1962-08-01 00:00:00+00:00,1200.0,1517.0,
1962-07-01 00:00:00+00:00,1189.0,1450.0,
1962-06-01 00:00:00+00:00,1154.0,1404.0,
1962-05-01 00:00:00+00:00,1142.0,1483.0,
1962-04-01 00:00:00+00:00,1235.0,1524.0,
1962-03-01 00:00:00+00:00,1134.0,1443.0,
1962-02-01 00:00:00+00:00,1194.0,1278.0,
1962-01-01 00:00:00+00:00,1122.0,1361.0,
1961-12-01 00:00:00+00:00,1161.0,1365.0,
1961-11-01 00:00:00+00:00,1152.0,1385.0,
1961-10-01 00:00:00+00:00,1123.0,1415.0,
1961-09-01 00:00:00+00:00,1098.0,1429.0,
1961-08-01 00:00:00+00:00,1159.0,1312.0,
1961-07-01 00:00:00+00:00,1083.0,1335.0,
1961-06-01 00:00:00+00:00,1070.0,1382.0,
1961-05-01 00:00:00+00:00,1027.0,1228.0,
1961-04-01 00:00:00+00:00,1002.0,1166.0,
1961-03-01 00:00:00+00:00,1000.0,1312.0,
1961-02-01 00:00:00+00:00,961.0,1226.0,
1961-01-01 00:00:00+00:00,969.0,1183.0,
1960-12-01 00:00:00+00:00,951.0,1063.0,
1960-11-01 00:00:00+00:00,979.0,1246.0,
1960-10-01 00:00:00+00:00,972.0,1246.0,
1960-09-01 00:00:00+00:00,984.0,1097.0,
1960-08-01 00:00:00+00:00,994.0,1344.0,
1960-07-01 00:00:00+00:00,999.0,1197.0,
1960-06-01 00:00:00+00:00,958.0,1247.0,
1960-05-01 00:00:00+00:00,1052.0,1271.0,
1960-04-01 00:00:00+00:00,1016.0,1289.0,
1960-03-01 00:00:00+00:00,955.0,1109.0,
1960-02-01 00:00:00+00:00,1088.0,1503.0,
1960-01-01 00:00:00+00:00,1092.0,1460.0,
1959-12-01 00:00:00+00:00,,1601.0,
1959-11-01 00:00:00+00:00,,1416.0,
1959-10-01 00:00:00+00:00,,1355.0,
1959-09-01 00:00:00+00:00,,1540.0,
1959-08-01 00:00:00+00:00,,1430.0,
1959-07-01 00:00:00+00:00,,1547.0,
1959-06-01 00:00:00+00:00,,1503.0,
1959-05-01 00:00:00+00:00,,1498.0,
1959-04-01 00:00:00+00:00,,1590.0,
1959-03-01 00:00:00+00:00,,1620.0,
1959-02-01 00:00:00+00:00,,1667.0,
1959-01-01 00:00:00+00:00,,1657.0,
