date,USA,CHN,EA,CAN,JPN,UK
2025-10-01 00:00:00+00:00,,335131.231,,,1276099.5,
2025-09-01 00:00:00+00:00,22212500.0,335377.103,,2738161.0,1273510.7,3169371.0
2025-08-01 00:00:00+00:00,22108400.0,331983.144,15742835.0,2736766.0,1269307.7,3133324.0
2025-07-01 00:00:00+00:00,22028800.0,329942.906,15733607.0,2719825.0,1264475.7,3141848.0
2025-06-01 00:00:00+00:00,21942400.0,330286.817,15717906.0,2723745.0,1261004.4,3121692.0
2025-05-01 00:00:00+00:00,21827400.0,325783.811,15741154.0,2715612.0,1258562.7,3116520.0
2025-04-01 00:00:00+00:00,21770500.0,325173.932,15700733.0,2702154.0,1256572.3,3109770.0
2025-03-01 00:00:00+00:00,21636800.0,326055.457,15661860.0,2695496.0,1260954.9,3127964.0
2025-02-01 00:00:00+00:00,21564600.0,320517.324,15627664.0,2689800.0,1262398.7,3095710.0
2025-01-01 00:00:00+00:00,21492400.0,318524.718,15583857.0,2679786.0,1262521.9,3096973.0
2024-12-01 00:00:00+00:00,21424500.0,313532.23,15578317.0,2654380.0,1260423.6,3090969.0
2024-11-01 00:00:00+00:00,21407900.0,311958.727,15544100.0,2643312.0,1257555.4,3085299.0
2024-10-01 00:00:00+00:00,21308100.0,309709.201,15424174.0,2636445.0,1255795.9,3071709.0
2024-09-01 00:00:00+00:00,21257500.0,309479.824,15401861.0,2604045.0,1254062.8,3049512.0
2024-08-01 00:00:00+00:00,21171100.0,305046.127,15317350.0,2596569.0,1252698.9,3026223.0
2024-07-01 00:00:00+00:00,21084200.0,303306.078,15250439.0,2593561.0,1251646.6,3045005.0
2024-06-01 00:00:00+00:00,21052900.0,305016.154,15290164.0,2587921.0,1250256.5,3073691.0
2024-05-01 00:00:00+00:00,20989400.0,301850.673,15197904.0,2567596.0,1250539.5,3038051.0
2024-04-01 00:00:00+00:00,20928900.0,301194.198,15151791.0,2546312.0,1250793.9,3032032.0
2024-03-01 00:00:00+00:00,20900800.0,304795.216,15133918.0,2535829.0,1251250.6,3041794.0
2024-02-01 00:00:00+00:00,20861000.0,299557.297,15105918.0,2520502.0,1248028.5,2995272.0
2024-01-01 00:00:00+00:00,20773100.0,297625.02,15078189.0,2506784.0,1246255.7,2980629.0
2023-12-01 00:00:00+00:00,20701300.0,292271.333,15100189.0,2502047.0,1243781.5,3022611.0
2023-11-01 00:00:00+00:00,20696700.0,291201.422,15047105.0,2499120.0,1242104.7,3003279.0
2023-10-01 00:00:00+00:00,20687300.0,288227.607,15032213.0,2485301.0,1240521.5,3003788.0
2023-09-01 00:00:00+00:00,20720400.0,289665.911,15072362.0,2469856.0,1238287.9,2999894.0
2023-08-01 00:00:00+00:00,20746900.0,286934.325,15026212.0,2456948.0,1236239.8,3003260.0
2023-07-01 00:00:00+00:00,20772100.0,285403.156,15051708.0,2443560.0,1233592.1,3015511.0
2023-06-01 00:00:00+00:00,20782700.0,287302.383,15091218.0,2432826.0,1231950.1,3056166.0
2023-05-01 00:00:00+00:00,20801300.0,282050.468,15119329.0,2430561.0,1228028.8,3057454.0
2023-04-01 00:00:00+00:00,20729900.0,280846.934,15139424.0,2433663.0,1224370.2,3044293.0
2023-03-01 00:00:00+00:00,20876300.0,281456.631,15188493.0,2428222.0,1220990.4,3055914.0
2023-02-01 00:00:00+00:00,21184600.0,275524.923,15223160.0,2429224.0,1218509.3,3071702.0
2023-01-01 00:00:00+00:00,21189100.0,273807.206,15266600.0,2422659.0,1216862.8,3070524.0
2022-12-01 00:00:00+00:00,21273000.0,266432.084,15229154.0,2393059.0,1214757.4,3070201.0
2022-11-01 00:00:00+00:00,21367100.0,264700.848,15317765.0,2376804.0,1213508.0,3114279.0
2022-10-01 00:00:00+00:00,21433400.0,261291.457,15358095.0,2379039.0,1210088.3,3128927.0
2022-09-01 00:00:00+00:00,21507700.0,262660.092,15424637.0,2377101.0,1208352.8,3224688.0
2022-08-01 00:00:00+00:00,21617500.0,259506.827,15359040.0,2359439.0,1206194.0,3113062.0
2022-07-01 00:00:00+00:00,21643000.0,257807.857,15242751.0,2368202.0,1203622.7,3080642.0
2022-06-01 00:00:00+00:00,21650400.0,258145.12,15150708.0,2363347.0,1200307.4,3075275.0
2022-05-01 00:00:00+00:00,21691300.0,252702.615,15083179.0,2353808.0,1197187.9,3040424.0
2022-04-01 00:00:00+00:00,21722200.0,249971.09,15031703.0,2343476.0,1195126.4,3027453.0
2022-03-01 00:00:00+00:00,21721000.0,249768.834,14975220.0,2340458.0,1192019.0,2988466.0
2022-02-01 00:00:00+00:00,21608600.0,244148.89,14900541.0,2331692.0,998669.0,2977029.0
2022-01-01 00:00:00+00:00,21559000.0,243102.272,14816898.0,2318137.0,999611.2,2973765.0
2021-12-01 00:00:00+00:00,21549300.0,238289.956,14719286.0,2318095.0,995194.6,2971184.0
2021-11-01 00:00:00+00:00,21315800.0,235601.276,14622811.0,2309136.0,987081.3,2949610.0
2021-10-01 00:00:00+00:00,21116300.0,233616.048,14578892.0,2287480.0,981422.0,2938862.0
2021-09-01 00:00:00+00:00,20964300.0,234282.97,14511116.0,2278001.0,976951.6,2889768.0
2021-08-01 00:00:00+00:00,20847800.0,231226.768,14414275.0,2277096.0,975289.0,2891173.0
2021-07-01 00:00:00+00:00,20663000.0,230215.382,14330286.0,2256451.0,974426.3,2886494.0
2021-06-01 00:00:00+00:00,20506500.0,231778.836,14237904.0,2233602.0,972878.0,2868959.0
2021-05-01 00:00:00+00:00,20431100.0,227553.807,14139568.0,2223565.0,974758.7,2873936.0
2021-04-01 00:00:00+00:00,20116900.0,226210.712,14061522.0,2203197.0,966155.7,2857107.0
2021-03-01 00:00:00+00:00,19841000.0,227648.845,14003645.0,2185317.0,946780.4,2843492.0
2021-02-01 00:00:00+00:00,19600500.0,223603.026,13923486.0,2174863.0,938826.2,2824356.0
2021-01-01 00:00:00+00:00,19357000.0,221304.733,13842485.0,2152303.0,937943.9,2805748.0
2020-12-01 00:00:00+00:00,19114400.0,218679.589,13746253.0,2126113.0,931401.4,2770835.0
2020-11-01 00:00:00+00:00,18949300.0,217200.255,13635521.0,2119415.0,921798.0,2758511.0
2020-10-01 00:00:00+00:00,18729100.0,214972.042,13543585.0,2101125.0,915251.4,2731799.0
2020-09-01 00:00:00+00:00,18577300.0,216408.48,13460165.0,2074810.0,913481.4,2718417.0
2020-08-01 00:00:00+00:00,18346000.0,213683.691,13335511.0,2053273.0,908941.9,2715455.0
2020-07-01 00:00:00+00:00,18286300.0,212545.846,13288170.0,2024606.0,901997.4,2700142.0
2020-06-01 00:00:00+00:00,18131700.0,213494.866,13225247.0,2005411.0,895896.1,2682008.0
2020-05-01 00:00:00+00:00,17851100.0,210018.374,13131648.0,1967309.0,875074.0,2639284.0
2020-04-01 00:00:00+00:00,16997600.0,209353.383,12969052.0,1922750.0,853937.1,2603619.0
2020-03-01 00:00:00+00:00,15978700.0,208092.341,12783399.0,1859686.0,829574.5,2482698.0
2020-02-01 00:00:00+00:00,15450300.0,203083.042,12489489.0,1818640.0,819137.7,2457411.0
2020-01-01 00:00:00+00:00,15396000.0,202306.649,12419271.0,1803706.0,820547.0,2444191.0
2019-12-01 00:00:00+00:00,15320700.0,198648.882,12381616.0,1797542.0,818006.8,2430927.0
2019-11-01 00:00:00+00:00,15242200.0,196142.956,12381511.0,1785998.0,808287.1,2419911.0
2019-10-01 00:00:00+00:00,15140800.0,194560.055,12335991.0,1775110.0,802315.7,2430346.0
2019-09-01 00:00:00+00:00,15008100.0,195225.049,12282477.0,1763312.0,799306.3,2429356.0
2019-08-01 00:00:00+00:00,14914600.0,193549.243,12238223.0,1749445.0,797027.6,2418020.0
2019-07-01 00:00:00+00:00,14840600.0,191941.082,12134067.0,1734895.0,797027.6,2415460.0
2019-06-01 00:00:00+00:00,14757700.0,192136.019,12081985.0,1720480.0,797540.2,2406001.0
2019-05-01 00:00:00+00:00,14643200.0,189115.37,12023608.0,1715759.0,801237.2,2415132.0
2019-04-01 00:00:00+00:00,14541000.0,188467.033,11964710.0,1707333.0,797419.0,2415090.0
2019-03-01 00:00:00+00:00,14509900.0,188941.214,11895152.0,1698839.0,781344.5,2403905.0
2019-02-01 00:00:00+00:00,14469900.0,186742.745,11810065.0,1687960.0,773090.1,2407343.0
2019-01-01 00:00:00+00:00,14430000.0,186593.533,11746838.0,1678652.0,775456.1,2413449.0
2018-12-01 00:00:00+00:00,14362700.0,182674.422,11708307.0,1668839.0,774259.1,2414501.0
2018-11-01 00:00:00+00:00,14236800.0,181317.507,11670746.0,1653608.0,766486.8,2416349.0
2018-10-01 00:00:00+00:00,14222500.0,179556.16,11621444.0,1641166.0,763903.3,2389232.0
2018-09-01 00:00:00+00:00,14212900.0,180166.558,11573090.0,1633567.0,761015.6,2374973.0
2018-08-01 00:00:00+00:00,14181300.0,178867.043,11516476.0,1622689.0,759196.0,2371670.0
2018-07-01 00:00:00+00:00,14139200.0,177619.611,11495930.0,1614214.0,760390.4,2371856.0
2018-06-01 00:00:00+00:00,14103600.0,177017.837,11493809.0,1608271.0,759307.1,2372030.0
2018-05-01 00:00:00+00:00,14047200.0,174306.379,11412564.0,1601016.0,756532.3,2351988.0
2018-04-01 00:00:00+00:00,13988800.0,173768.373,11330980.0,1601503.0,754558.8,2347535.0
2018-03-01 00:00:00+00:00,13970200.0,173985.948,11288223.0,1602601.0,740661.5,2359192.0
2018-02-01 00:00:00+00:00,13912300.0,172907.012,11278675.0,1597296.0,733704.7,2357124.0
2018-01-01 00:00:00+00:00,13869700.0,172081.446,11262878.0,1592416.0,737192.7,2345746.0
2017-12-01 00:00:00+00:00,13857900.0,169023.531,11210367.0,1586070.0,734553.8,2344732.0
2017-11-01 00:00:00+00:00,13799900.0,167915.664,11175003.0,1572887.0,726311.3,2340149.0
2017-10-01 00:00:00+00:00,13770100.0,166244.996,11143980.0,1565900.0,721704.5,2338571.0
2017-09-01 00:00:00+00:00,13717900.0,166366.605,11098799.0,1558377.0,716614.6,2332445.0
2017-08-01 00:00:00+00:00,13673700.0,165294.73,11069633.0,1550989.0,714285.6,2310000.0
2017-07-01 00:00:00+00:00,13618700.0,163634.111,11006852.0,1554230.0,715069.3,2315416.0
2017-06-01 00:00:00+00:00,13559200.0,163949.705,10983175.0,1551734.0,712949.7,2309046.0
2017-05-01 00:00:00+00:00,13538100.0,160974.077,10925684.0,1549576.0,712408.4,2302492.0
2017-04-01 00:00:00+00:00,13484900.0,160391.884,10912084.0,1536201.0,710168.9,2294939.0
2017-03-01 00:00:00+00:00,13426900.0,160793.898,10880427.0,1524489.0,697273.8,2287240.0
2017-02-01 00:00:00+00:00,13358800.0,158985.7,10815353.0,1515227.0,690063.3,2280914.0
2017-01-01 00:00:00+00:00,13283400.0,158419.456,10760500.0,1515535.0,691219.4,2280601.0
2016-12-01 00:00:00+00:00,13213400.0,155006.667,10710106.0,1497004.0,687843.5,2277568.0
2016-11-01 00:00:00+00:00,13173400.0,153043.206,10662474.0,1494803.0,676486.9,2290033.0
2016-10-01 00:00:00+00:00,13100500.0,151948.54,10594607.0,1483694.0,671356.0,2275841.0
2016-09-01 00:00:00+00:00,13033600.0,151636.05,10569462.0,1472422.0,665699.6,2269347.0
2016-08-01 00:00:00+00:00,12972800.0,151098.291,10531606.0,1461662.0,664709.9,2255072.0
2016-07-01 00:00:00+00:00,12887700.0,149155.872,10504394.0,1451709.0,665119.3,2245916.0
2016-06-01 00:00:00+00:00,12829400.0,149049.183,10446135.0,1430563.0,662309.1,2179647.0
2016-05-01 00:00:00+00:00,12766200.0,146169.511,10423675.0,1420341.0,662086.4,2179034.0
2016-04-01 00:00:00+00:00,12700400.0,144520.959,10381369.0,1412697.0,659104.2,2183237.0
2016-03-01 00:00:00+00:00,12616700.0,144619.803,10341297.0,1405747.0,641335.7,2181704.0
2016-02-01 00:00:00+00:00,12556700.0,142461.868,10321171.0,1401480.0,630409.1,2158527.0
2016-01-01 00:00:00+00:00,12469900.0,141631.955,10271770.0,1391789.0,631191.2,2133011.0
2015-12-01 00:00:00+00:00,12346800.0,139227.811,10216660.0,1379172.0,630598.0,2120748.0
2015-11-01 00:00:00+00:00,12284600.0,137395.601,10183229.0,1376329.0,622164.7,2124295.0
2015-10-01 00:00:00+00:00,12195900.0,136102.07,10124830.0,1367997.0,620210.3,2112087.0
2015-09-01 00:00:00+00:00,12160800.0,135982.406,10060593.0,1366375.0,617014.7,2102910.0
2015-08-01 00:00:00+00:00,12101900.0,135690.798,10033446.0,1356184.0,618118.7,2102026.0
2015-07-01 00:00:00+00:00,12051300.0,135321.092,10010866.0,1345562.0,618556.1,2088327.0
2015-06-01 00:00:00+00:00,12001700.0,133337.536,9944527.0,1330128.0,618502.0,2089842.0
2015-05-01 00:00:00+00:00,11957900.0,130735.763,9912431.0,1322645.0,620115.5,2095016.0
2015-04-01 00:00:00+00:00,11928900.0,128077.914,9863429.0,1321165.0,617816.1,2088179.0
2015-03-01 00:00:00+00:00,11886800.0,127533.278,9816599.0,1317300.0,608583.1,2070214.0
2015-02-01 00:00:00+00:00,11879000.0,125738.048,9761662.0,1312183.0,601881.2,2073672.0
2015-01-01 00:00:00+00:00,11745600.0,124271.022,9745468.0,1306704.0,604246.7,2080350.0
2014-12-01 00:00:00+00:00,11684900.0,122837.481,9676555.0,1301499.0,603642.6,2068289.0
2014-11-01 00:00:00+00:00,11604800.0,120860.595,9561674.0,1296548.0,593695.4,2061110.0
2014-10-01 00:00:00+00:00,11566000.0,119923.631,9499658.0,1295040.0,588998.9,2073537.0
2014-09-01 00:00:00+00:00,11499800.0,120205.141,9483430.0,1289146.0,586015.4,2065757.0
2014-08-01 00:00:00+00:00,11458900.0,119749.908,9436162.0,1279794.0,585104.5,2065055.0
2014-07-01 00:00:00+00:00,11429900.0,119424.924,9389631.0,1270310.0,585952.4,2063686.0
2014-06-01 00:00:00+00:00,11374900.0,120958.72,9359589.0,1265828.0,586852.5,2072392.0
2014-05-01 00:00:00+00:00,11321000.0,118229.396,9337918.0,1261810.0,586959.7,2078411.0
2014-04-01 00:00:00+00:00,11257700.0,116881.267,9287801.0,1256223.0,588809.9,2083789.0
2014-03-01 00:00:00+00:00,11208100.0,116068.738,9285079.0,1255288.0,579844.2,2110375.0
2014-02-01 00:00:00+00:00,11178800.0,113176.083,9267197.0,1250743.0,573902.2,2091808.0
2014-01-01 00:00:00+00:00,11080800.0,112352.121,9238732.0,1252082.0,578901.5,
2013-12-01 00:00:00+00:00,11035000.0,110652.498,9212977.0,1242497.0,576935.3,
2013-11-01 00:00:00+00:00,10969700.0,107925.706,9234336.0,1235551.0,566412.1,
2013-10-01 00:00:00+00:00,10961600.0,107024.217,9218377.0,1226656.0,564950.5,
2013-09-01 00:00:00+00:00,10837200.0,107737.916,9198967.0,1221482.0,562454.6,
2013-08-01 00:00:00+00:00,10776600.0,106125.643,9183535.0,1216028.0,561522.1,
2013-07-01 00:00:00+00:00,10718400.0,105221.234,9148110.0,1205459.0,563316.7,
2013-06-01 00:00:00+00:00,10678700.0,105440.369,9125335.0,1200010.0,562712.6,
2013-05-01 00:00:00+00:00,10621000.0,104216.916,9129711.0,1193980.0,560353.9,
2013-04-01 00:00:00+00:00,10586300.0,103255.19,9109515.0,1194823.0,560848.5,
2013-03-01 00:00:00+00:00,10558300.0,103585.837,9081543.0,1190626.0,552068.3,
2013-02-01 00:00:00+00:00,10501300.0,99860.083,9048349.0,1179388.0,544460.4,
2013-01-01 00:00:00+00:00,10482900.0,99212.925,9013246.0,1170022.0,546731.2,
2012-12-01 00:00:00+00:00,10459700.0,97414.88,8998958.0,1161497.0,545669.1,
2012-11-01 00:00:00+00:00,10337600.0,94483.24,8974214.0,1157988.0,535475.0,
2012-10-01 00:00:00+00:00,10267300.0,93640.428,8948027.0,1150441.0,535464.4,
2012-09-01 00:00:00+00:00,10200800.0,94368.875,8877475.0,1140608.0,534970.6,
2012-08-01 00:00:00+00:00,10121300.0,92489.459,8845969.0,1140856.0,533794.7,
2012-07-01 00:00:00+00:00,10051800.0,91907.24,8830667.0,1135085.0,535200.6,
2012-06-01 00:00:00+00:00,9999300.0,92499.12,8775598.0,1127164.0,535067.1,
2012-05-01 00:00:00+00:00,9928400.0,90004.877,8746560.0,1116458.0,536640.4,
2012-04-01 00:00:00+00:00,9884600.0,88960.404,8705181.0,1109100.0,539437.7,
2012-03-01 00:00:00+00:00,9830600.0,89556.55,8722473.0,1103498.0,530640.2,
2012-02-01 00:00:00+00:00,9785700.0,86717.142,8680079.0,1100187.0,524285.1,
2012-01-01 00:00:00+00:00,9733300.0,85589.889,8644925.0,1101093.0,527925.2,
2011-12-01 00:00:00+00:00,9660100.0,85159.09,8606661.0,1092652.0,528018.6,
2011-11-01 00:00:00+00:00,9612600.0,82549.394,8587775.0,1087342.0,519033.3,
2011-10-01 00:00:00+00:00,9562100.0,81682.925,8572574.0,1081983.0,518573.1,
2011-09-01 00:00:00+00:00,9528300.0,78740.62,8592984.0,1072173.0,516472.5,
2011-08-01 00:00:00+00:00,9507600.0,78085.23,8558283.0,1056589.0,516388.5,
2011-07-01 00:00:00+00:00,9316600.0,77292.365,8511835.0,1050106.0,519448.3,
2011-06-01 00:00:00+00:00,9151000.0,78082.085,8492392.0,1046756.0,518026.1,
2011-05-01 00:00:00+00:00,9075500.0,76340.922,8482052.0,1041576.0,521286.7,
2011-04-01 00:00:00+00:00,9004900.0,75738.456,8455827.0,1039058.0,521794.8,
2011-03-01 00:00:00+00:00,8943500.0,75813.088,8456873.0,1038324.0,508264.9,
2011-02-01 00:00:00+00:00,8886900.0,73613.086,8445338.0,1033734.0,499697.1,
2011-01-01 00:00:00+00:00,8823100.0,73388.483,8436323.0,1030902.0,502368.0,
2010-12-01 00:00:00+00:00,8801800.0,72585.179,8422233.0,1026271.0,501479.0,
2010-11-01 00:00:00+00:00,8770000.0,71033.903,8404347.0,1021905.0,493539.5,
2010-10-01 00:00:00+00:00,8749400.0,69977.674,8387810.0,1021905.0,493389.0,
2010-09-01 00:00:00+00:00,8700100.0,69647.15,8370017.0,1017879.0,490866.0,
2010-08-01 00:00:00+00:00,8669100.0,68750.692,8368518.0,1011831.0,491644.3,
2010-07-01 00:00:00+00:00,8618800.0,67405.148,8329899.0,1007715.0,493769.6,
2010-06-01 00:00:00+00:00,8609000.0,67392.172,8312975.0,1002080.0,493509.5,
2010-05-01 00:00:00+00:00,8589900.0,66335.137,8283507.0,997451.0,497199.1,
2010-04-01 00:00:00+00:00,8535200.0,65656.122,8264154.0,989074.0,496428.0,
2010-03-01 00:00:00+00:00,8504500.0,64994.746,8231165.0,986936.0,487801.4,
2010-02-01 00:00:00+00:00,8507400.0,63607.226,8229462.0,983979.0,482517.2,
2010-01-01 00:00:00+00:00,8458100.0,62560.929,8220701.0,975658.0,486663.8,
2009-12-01 00:00:00+00:00,8496000.0,61022.452,8208711.0,973178.0,486668.3,
2009-11-01 00:00:00+00:00,8500800.0,59460.472,8180443.0,971191.0,479702.6,
2009-10-01 00:00:00+00:00,8471100.0,58664.329,8194428.0,966135.0,479181.3,
2009-09-01 00:00:00+00:00,8444200.0,58540.534,8191538.0,961070.0,479377.7,
2009-08-01 00:00:00+00:00,8445000.0,57669.895,8176771.0,956599.0,481078.0,
2009-07-01 00:00:00+00:00,8445100.0,57310.285,8183299.0,947480.0,483820.6,
2009-06-01 00:00:00+00:00,8440500.0,56891.62,8154141.0,938147.0,485362.3,
2009-05-01 00:00:00+00:00,8430700.0,54826.351,8141241.0,933454.0,487709.1,
2009-04-01 00:00:00+00:00,8372900.0,54048.121,8147389.0,929636.0,489049.4,
2009-03-01 00:00:00+00:00,8369300.0,53062.671,8094323.0,922942.0,483017.9,
2009-02-01 00:00:00+00:00,8303100.0,50670.807,8111334.0,912115.0,478296.6,
2009-01-01 00:00:00+00:00,8273700.0,49613.531,8087758.0,903771.0,481265.6,
2008-12-01 00:00:00+00:00,8192100.0,47516.66,8041538.0,890130.0,481755.0,
2008-11-01 00:00:00+00:00,8015800.0,45864.466,8034441.0,875162.0,474474.0,
2008-10-01 00:00:00+00:00,7965300.0,45313.332,8009622.0,857854.0,473753.9,
2008-09-01 00:00:00+00:00,7859500.0,45289.871,7868040.0,844120.0,475236.1,
2008-08-01 00:00:00+00:00,7790200.0,44884.668,7788144.0,833535.0,477526.5,
2008-07-01 00:00:00+00:00,7775400.0,44636.217,7751938.0,825523.0,480924.6,
2008-06-01 00:00:00+00:00,7728900.0,44314.102,7699352.0,820575.0,482803.6,
2008-05-01 00:00:00+00:00,7711200.0,43622.16,7673421.0,814519.0,484041.8,
2008-04-01 00:00:00+00:00,7699200.0,42931.372,7616619.0,808471.0,486413.1,
2008-03-01 00:00:00+00:00,7656200.0,42305.453,7536726.0,802399.0,482933.0,
2008-02-01 00:00:00+00:00,7590600.0,42103.784,7504851.0,794492.0,479707.6,
2008-01-01 00:00:00+00:00,7505500.0,41784.617,7441484.0,788838.0,485169.0,
2007-12-01 00:00:00+00:00,7471600.0,40340.13,7355442.0,780487.0,486783.9,
2007-11-01 00:00:00+00:00,7441800.0,39975.791,7320781.0,773678.0,478022.8,
2007-10-01 00:00:00+00:00,7417200.0,39420.417,7267619.0,770536.0,478807.1,
2007-09-01 00:00:00+00:00,7403200.0,39309.891,7164700.0,772206.0,477582.4,
2007-08-01 00:00:00+00:00,7385100.0,38720.504,7099209.0,767320.0,478794.6,
2007-07-01 00:00:00+00:00,7309000.0,38388.488,7057926.0,761954.0,484597.3,
2007-06-01 00:00:00+00:00,7278600.0,37783.215,6985998.0,753454.0,484391.6,
2007-05-01 00:00:00+00:00,7245400.0,36971.815,6918862.0,747087.0,487148.8,
2007-04-01 00:00:00+00:00,7231300.0,36732.645,6850529.0,746339.0,490536.0,
2007-03-01 00:00:00+00:00,7159100.0,36410.466,6824746.0,743529.0,484288.8,
2007-02-01 00:00:00+00:00,7125300.0,35865.925,6739798.0,738811.0,479673.3,
2007-01-01 00:00:00+00:00,7109600.0,35149.877,6705335.0,736061.0,483577.4,
2006-12-01 00:00:00+00:00,7071600.0,34557.79,6663696.0,732277.0,484242.3,
2006-11-01 00:00:00+00:00,7028400.0,33750.42,6555358.0,727521.0,476011.7,
2006-10-01 00:00:00+00:00,6993300.0,33274.72,6500209.0,721908.0,477493.5,
2006-09-01 00:00:00+00:00,6944200.0,33186.54,6487413.0,715579.0,479267.8,
2006-08-01 00:00:00+00:00,6917100.0,32788.57,6407669.0,709288.0,481366.6,
2006-07-01 00:00:00+00:00,6886300.0,32401.08,6369005.0,703197.0,486100.0,
2006-06-01 00:00:00+00:00,6844900.0,32275.64,6362898.0,697245.0,485155.1,
2006-05-01 00:00:00+00:00,6806900.0,31670.98,6317689.0,692716.0,489129.3,
2006-04-01 00:00:00+00:00,6800100.0,31370.23,6295738.0,690942.0,492658.5,
2006-03-01 00:00:00+00:00,6762900.0,31049.07,6221565.0,686893.0,484529.7,
2006-02-01 00:00:00+00:00,6748600.0,30451.63,6176009.0,682747.0,479344.6,
2006-01-01 00:00:00+00:00,6724300.0,30357.17,6124714.0,675768.0,483580.1,
2005-12-01 00:00:00+00:00,6681900.0,29875.55,6093186.0,672112.0,483809.2,
2005-11-01 00:00:00+00:00,6655000.0,29235.04,6027064.0,666629.0,473265.6,
2005-10-01 00:00:00+00:00,6638600.0,28759.16,6001860.0,664071.0,472897.2,
2005-09-01 00:00:00+00:00,6604300.0,28743.83,5980748.0,658960.0,471515.2,
2005-08-01 00:00:00+00:00,6570200.0,28128.82,5914509.0,655388.0,470044.4,
2005-07-01 00:00:00+00:00,6537400.0,27696.63,5885266.0,653304.0,471628.1,
2005-06-01 00:00:00+00:00,6505800.0,27578.55,5824959.0,654613.0,467354.4,
2005-05-01 00:00:00+00:00,6473300.0,26924.05,5762299.0,652344.0,469844.7,
2005-04-01 00:00:00+00:00,6455900.0,26699.27,5721454.0,649838.0,470879.7,
2005-03-01 00:00:00+00:00,6441900.0,26458.89,5679341.0,647367.0,463597.6,
2005-02-01 00:00:00+00:00,6432800.0,25935.73,5653315.0,645169.0,456416.2,
2005-01-01 00:00:00+00:00,6424500.0,25770.85,5623288.0,641075.0,460868.1,
2004-12-01 00:00:00+00:00,6418300.0,25320.77,5573540.0,635539.0,460215.6,
2004-11-01 00:00:00+00:00,6399800.0,24713.56,5542737.0,628867.0,450428.0,
2004-10-01 00:00:00+00:00,6373300.0,24374.0,5518152.0,626786.0,450266.8,
2004-09-01 00:00:00+00:00,6345300.0,24375.7,5484081.0,623951.0,448893.1,
2004-08-01 00:00:00+00:00,6310600.0,23972.92,5438154.0,623626.0,450226.0,
2004-07-01 00:00:00+00:00,6284300.0,23484.24,5421035.0,621352.0,451505.2,
2004-06-01 00:00:00+00:00,6270500.0,23842.75,5385279.0,620306.0,447191.8,
2004-05-01 00:00:00+00:00,6268100.0,23484.24,5355734.0,615416.0,450936.4,
2004-04-01 00:00:00+00:00,6191200.0,23362.79,5341144.0,611755.0,449572.7,
2004-03-01 00:00:00+00:00,6150100.0,23165.46,5316424.0,609348.0,442706.7,
2004-02-01 00:00:00+00:00,6114300.0,22705.07,5281581.0,606208.0,438216.9,
2004-01-01 00:00:00+00:00,6075500.0,22510.19,5259980.0,603175.0,441476.9,
2003-12-01 00:00:00+00:00,6067300.0,21922.68,5238327.0,598539.0,441165.3,
2003-11-01 00:00:00+00:00,6069100.0,21435.88,5217471.0,594909.0,432121.1,
2003-10-01 00:00:00+00:00,6063600.0,21250.54,5200531.0,591607.0,430537.7,
2003-09-01 00:00:00+00:00,6072800.0,21161.15,5167505.0,590916.0,430589.8,
2003-08-01 00:00:00+00:00,6100800.0,20869.24,5160933.0,588349.0,432544.6,
2003-07-01 00:00:00+00:00,6042700.0,20438.11,5123636.0,584727.0,433133.8,
2003-06-01 00:00:00+00:00,5996000.0,20307.17,5096544.0,579346.0,430627.0,
2003-05-01 00:00:00+00:00,5959300.0,19781.2,5088934.0,575166.0,432123.7,
2003-04-01 00:00:00+00:00,5898800.0,19447.7,5048210.0,573040.0,431058.0,
2003-03-01 00:00:00+00:00,5861400.0,19283.24,5000011.0,570805.0,,
2003-02-01 00:00:00+00:00,5840700.0,18844.437,4968610.0,568834.0,,
2003-01-01 00:00:00+00:00,5804600.0,18891.84,4922129.0,566798.0,,
2002-12-01 00:00:00+00:00,5772000.0,18324.69,4915147.0,563919.0,,
2002-11-01 00:00:00+00:00,5750600.0,17801.84,4890882.0,562739.0,,
2002-10-01 00:00:00+00:00,5700400.0,17553.47,4847022.0,560767.0,,
2002-09-01 00:00:00+00:00,5656000.0,17525.49,4821013.0,556275.0,,
2002-08-01 00:00:00+00:00,5631600.0,17152.42,4785365.0,553743.0,,
2002-07-01 00:00:00+00:00,5589100.0,16912.3,4761547.0,550782.0,,
2002-06-01 00:00:00+00:00,5546500.0,16786.94,4735880.0,547665.0,,
2002-05-01 00:00:00+00:00,5521500.0,16426.84,4719009.0,544352.0,,
2002-04-01 00:00:00+00:00,5495400.0,16282.52,4697507.0,544079.0,,
2002-03-01 00:00:00+00:00,5495200.0,16230.09,4662027.0,542672.0,,
2002-02-01 00:00:00+00:00,5483400.0,15918.3,4650397.0,540326.0,,
2002-01-01 00:00:00+00:00,5454100.0,15785.35,4645232.0,538555.0,,
2001-12-01 00:00:00+00:00,5433800.0,15288.85,4615510.0,535753.0,,
2001-11-01 00:00:00+00:00,5380800.0,14723.686,4588671.0,532296.0,,
2001-10-01 00:00:00+00:00,5337100.0,14615.758,4553696.0,527947.0,,
2001-09-01 00:00:00+00:00,5348400.0,14624.85,4533918.0,525497.0,,
2001-08-01 00:00:00+00:00,5237200.0,14378.73,4501923.0,518659.0,,
2001-07-01 00:00:00+00:00,5203400.0,14007.648,4481145.0,517932.0,,
2001-06-01 00:00:00+00:00,5173500.0,14188.56,4467986.0,515690.0,,
2001-05-01 00:00:00+00:00,5133000.0,13721.927,4429759.0,518551.0,,
2001-04-01 00:00:00+00:00,5135900.0,13812.103,4412550.0,515326.0,,
2001-03-01 00:00:00+00:00,5072000.0,13691.512,4382791.0,514506.0,,
2001-02-01 00:00:00+00:00,5014100.0,13439.049,4363192.0,511624.0,,
2001-01-01 00:00:00+00:00,4975700.0,13568.599,4340387.0,508274.0,,
2000-12-01 00:00:00+00:00,4925000.0,13248.752,4226952.0,510405.0,,
2000-11-01 00:00:00+00:00,4880300.0,12888.74,4226830.0,505093.0,,
2000-10-01 00:00:00+00:00,4869200.0,12743.253,4225858.0,504301.0,,
2000-09-01 00:00:00+00:00,4853200.0,12835.261,4212330.0,501896.0,,
2000-08-01 00:00:00+00:00,4817500.0,12567.326,4209465.0,499186.0,,
2000-07-01 00:00:00+00:00,4789400.0,12419.278,4183450.0,497053.0,,
2000-06-01 00:00:00+00:00,4771800.0,12448.678,4171277.0,494850.0,,
2000-05-01 00:00:00+00:00,4753900.0,12190.265,4168507.0,491187.0,,
2000-04-01 00:00:00+00:00,4766100.0,12191.477,4174322.0,490793.0,,
2000-03-01 00:00:00+00:00,4710200.0,12039.958,4149339.0,486890.0,,
2000-02-01 00:00:00+00:00,4679400.0,11935.36,4136412.0,483138.0,,
2000-01-01 00:00:00+00:00,4666200.0,11890.78,4121606.0,478778.0,,
1999-12-01 00:00:00+00:00,4638000.0,11763.81,4078868.0,476000.0,,
1999-11-01 00:00:00+00:00,4610500.0,,4066747.0,471223.0,,
1999-10-01 00:00:00+00:00,4591500.0,,4052935.0,467460.0,,
1999-09-01 00:00:00+00:00,4567700.0,,4029253.0,465086.0,,
1999-08-01 00:00:00+00:00,4551700.0,,4024225.0,463863.0,,
1999-07-01 00:00:00+00:00,4534500.0,,4023726.0,460383.0,,
1999-06-01 00:00:00+00:00,4507200.0,,3988595.0,458635.0,,
1999-05-01 00:00:00+00:00,4485300.0,,3968746.0,459005.0,,
1999-04-01 00:00:00+00:00,4460700.0,,3952443.0,457637.0,,
1999-03-01 00:00:00+00:00,4432100.0,,3930847.0,455243.0,,
1999-02-01 00:00:00+00:00,4425300.0,,3905442.0,453707.0,,
1999-01-01 00:00:00+00:00,4402600.0,,3930982.0,452562.0,,
1998-12-01 00:00:00+00:00,4375200.0,,3848054.0,449237.0,,
1998-11-01 00:00:00+00:00,4346400.0,,3805327.0,448114.0,,
1998-10-01 00:00:00+00:00,4307700.0,,3776275.0,447403.0,,
1998-09-01 00:00:00+00:00,4267600.0,,3756213.0,445747.0,,
1998-08-01 00:00:00+00:00,4228700.0,,3747240.0,444070.0,,
1998-07-01 00:00:00+00:00,4203800.0,,3735036.0,442496.0,,
1998-06-01 00:00:00+00:00,4184100.0,,3742800.0,441642.0,,
1998-05-01 00:00:00+00:00,4164400.0,,3718207.0,441844.0,,
1998-04-01 00:00:00+00:00,4140200.0,,3695000.0,440589.0,,
1998-03-01 00:00:00+00:00,4114300.0,,3666674.0,440915.0,,
1998-02-01 00:00:00+00:00,4088900.0,,3656642.0,442836.0,,
1998-01-01 00:00:00+00:00,4056200.0,,3638426.0,444811.0,,
1997-12-01 00:00:00+00:00,4032900.0,,3615677.0,445465.0,,
1997-11-01 00:00:00+00:00,4014800.0,,3600773.0,446053.0,,
1997-10-01 00:00:00+00:00,3992300.0,,3595263.0,445044.0,,
1997-09-01 00:00:00+00:00,3973100.0,,3570962.0,445832.0,,
1997-08-01 00:00:00+00:00,3957400.0,,3558109.0,446333.0,,
1997-07-01 00:00:00+00:00,3923900.0,,3548645.0,446916.0,,
1997-06-01 00:00:00+00:00,3906000.0,,3533982.0,449574.0,,
1997-05-01 00:00:00+00:00,3889200.0,,3514659.0,448940.0,,
1997-04-01 00:00:00+00:00,3877000.0,,3498629.0,448517.0,,
1997-03-01 00:00:00+00:00,3861200.0,,3496684.0,447800.0,,
1997-02-01 00:00:00+00:00,3846300.0,,3493517.0,449193.0,,
1997-01-01 00:00:00+00:00,3834600.0,,3482856.0,449267.0,,
1996-12-01 00:00:00+00:00,3818600.0,,3485231.0,448420.0,,
1996-11-01 00:00:00+00:00,3795100.0,,3455104.0,447730.0,,
1996-10-01 00:00:00+00:00,3772800.0,,3436406.0,448984.0,,
1996-09-01 00:00:00+00:00,3753400.0,,3430659.0,449021.0,,
1996-08-01 00:00:00+00:00,3744000.0,,3412208.0,447620.0,,
1996-07-01 00:00:00+00:00,3737100.0,,3397399.0,447130.0,,
1996-06-01 00:00:00+00:00,3722500.0,,3382265.0,449427.0,,
1996-05-01 00:00:00+00:00,3709600.0,,3368180.0,448036.0,,
1996-04-01 00:00:00+00:00,3697700.0,,3358564.0,446481.0,,
1996-03-01 00:00:00+00:00,3686900.0,,3337370.0,446272.0,,
1996-02-01 00:00:00+00:00,3661800.0,,3329074.0,444600.0,,
1996-01-01 00:00:00+00:00,3647900.0,,3319911.0,442368.0,,
1995-12-01 00:00:00+00:00,3629500.0,,3312463.0,441103.0,,
1995-11-01 00:00:00+00:00,3619900.0,,3280691.0,439932.0,,
1995-10-01 00:00:00+00:00,3613400.0,,3269129.0,438894.0,,
1995-09-01 00:00:00+00:00,3602100.0,,3256397.0,439200.0,,
1995-08-01 00:00:00+00:00,3589000.0,,3233209.0,436340.0,,
1995-07-01 00:00:00+00:00,3567400.0,,3220407.0,434937.0,,
1995-06-01 00:00:00+00:00,3548900.0,,3212302.0,433633.0,,
1995-05-01 00:00:00+00:00,3524200.0,,3197971.0,430736.0,,
1995-04-01 00:00:00+00:00,3499200.0,,3182541.0,429643.0,,
1995-03-01 00:00:00+00:00,3491100.0,,3176992.0,427895.0,,
1995-02-01 00:00:00+00:00,3489900.0,,3172336.0,426238.0,,
1995-01-01 00:00:00+00:00,3492400.0,,3158136.0,425149.0,,
1994-12-01 00:00:00+00:00,3486400.0,,3159101.0,422101.0,,
1994-11-01 00:00:00+00:00,3487200.0,,3167131.0,420678.0,,
1994-10-01 00:00:00+00:00,3484300.0,,3169833.0,420713.0,,
1994-09-01 00:00:00+00:00,3486100.0,,3162985.0,419883.0,,
1994-08-01 00:00:00+00:00,3485700.0,,3157950.0,418221.0,,
1994-07-01 00:00:00+00:00,3488200.0,,3155590.0,416308.0,,
1994-06-01 00:00:00+00:00,3479500.0,,3145542.0,413231.0,,
1994-05-01 00:00:00+00:00,3490800.0,,3135071.0,411805.0,,
1994-04-01 00:00:00+00:00,3481300.0,,3133464.0,411389.0,,
1994-03-01 00:00:00+00:00,3480100.0,,3125371.0,409985.0,,
1994-02-01 00:00:00+00:00,3475700.0,,3101072.0,413595.0,,
1994-01-01 00:00:00+00:00,3474900.0,,3085865.0,413158.0,,
1993-12-01 00:00:00+00:00,3474500.0,,3067025.0,411462.0,,
1993-11-01 00:00:00+00:00,3470100.0,,3037935.0,409862.0,,
1993-10-01 00:00:00+00:00,3456700.0,,3013455.0,409564.0,,
1993-09-01 00:00:00+00:00,3452200.0,,2989060.0,410679.0,,
1993-08-01 00:00:00+00:00,3445700.0,,2977872.0,409971.0,,
1993-07-01 00:00:00+00:00,3442000.0,,2962145.0,408307.0,,
1993-06-01 00:00:00+00:00,3442400.0,,2950419.0,408896.0,,
1993-05-01 00:00:00+00:00,3436900.0,,2937506.0,406760.0,,
1993-04-01 00:00:00+00:00,3411300.0,,2918598.0,404748.0,,
1993-03-01 00:00:00+00:00,3411700.0,,2905799.0,402996.0,,
1993-02-01 00:00:00+00:00,3414500.0,,2876975.0,401586.0,,
1993-01-01 00:00:00+00:00,3419100.0,,2861813.0,400222.0,,
1992-12-01 00:00:00+00:00,3424700.0,,2853356.0,400820.0,,
1992-11-01 00:00:00+00:00,3426500.0,,2860628.0,400521.0,,
1992-10-01 00:00:00+00:00,3423800.0,,2839113.0,398606.0,,
1992-09-01 00:00:00+00:00,3410300.0,,2836589.0,400887.0,,
1992-08-01 00:00:00+00:00,3398800.0,,2803439.0,398941.0,,
1992-07-01 00:00:00+00:00,3393900.0,,2792853.0,397322.0,,
1992-06-01 00:00:00+00:00,3393400.0,,2784130.0,394188.0,,
1992-05-01 00:00:00+00:00,3398600.0,,2778249.0,394351.0,,
1992-04-01 00:00:00+00:00,3399700.0,,2764811.0,394118.0,,
1992-03-01 00:00:00+00:00,3403900.0,,2747609.0,392743.0,,
1992-02-01 00:00:00+00:00,3400000.0,,2729621.0,392335.0,,
1992-01-01 00:00:00+00:00,3381200.0,,2720803.0,390429.0,,
1991-12-01 00:00:00+00:00,3372200.0,,2722085.0,387836.0,,
1991-11-01 00:00:00+00:00,3365500.0,,2704447.0,386166.0,,
1991-10-01 00:00:00+00:00,3360100.0,,2683318.0,385595.0,,
1991-09-01 00:00:00+00:00,3354900.0,,2672023.0,385573.0,,
1991-08-01 00:00:00+00:00,3355000.0,,2665240.0,383972.0,,
1991-07-01 00:00:00+00:00,3356100.0,,2650528.0,383169.0,,
1991-06-01 00:00:00+00:00,3351900.0,,2639742.0,381438.0,,
1991-05-01 00:00:00+00:00,3343000.0,,2630099.0,382616.0,,
1991-04-01 00:00:00+00:00,3332400.0,,2615487.0,380377.0,,
1991-03-01 00:00:00+00:00,3321900.0,,2601696.0,378484.0,,
1991-02-01 00:00:00+00:00,3304500.0,,2601663.0,375786.0,,
1991-01-01 00:00:00+00:00,3287700.0,,2583655.0,373948.0,,
1990-12-01 00:00:00+00:00,3271800.0,,2573883.0,370573.0,,
1990-11-01 00:00:00+00:00,3262600.0,,2560619.0,367855.0,,
1990-10-01 00:00:00+00:00,3259300.0,,2548320.0,365010.0,,
1990-09-01 00:00:00+00:00,3254600.0,,2539282.0,363225.0,,
1990-08-01 00:00:00+00:00,3242000.0,,2521801.0,361491.0,,
1990-07-01 00:00:00+00:00,3224500.0,,2506891.0,357911.0,,
1990-06-01 00:00:00+00:00,3213700.0,,2494707.0,356279.0,,
1990-05-01 00:00:00+00:00,3200600.0,,2386578.0,356115.0,,
1990-04-01 00:00:00+00:00,3201600.0,,2378067.0,353102.0,,
1990-03-01 00:00:00+00:00,3190100.0,,2371264.0,352152.0,,
1990-02-01 00:00:00+00:00,3179200.0,,2368976.0,350539.0,,
1990-01-01 00:00:00+00:00,3166800.0,,2360748.0,346086.0,,
1989-12-01 00:00:00+00:00,3152500.0,,2343345.0,342158.0,,
1989-11-01 00:00:00+00:00,3133300.0,,2326287.0,339016.0,,
1989-10-01 00:00:00+00:00,3114100.0,,2312607.0,334344.0,,
1989-09-01 00:00:00+00:00,3092500.0,,2303555.0,331421.0,,
1989-08-01 00:00:00+00:00,3074400.0,,2292824.0,327717.0,,
1989-07-01 00:00:00+00:00,3052400.0,,2280165.0,324231.0,,
1989-06-01 00:00:00+00:00,3027900.0,,2263203.0,320689.0,,
1989-05-01 00:00:00+00:00,3011600.0,,2240671.0,316354.0,,
1989-04-01 00:00:00+00:00,3006000.0,,2224430.0,312149.0,,
1989-03-01 00:00:00+00:00,2999700.0,,2222161.0,309219.0,,
1989-02-01 00:00:00+00:00,2992200.0,,2197853.0,305828.0,,
1989-01-01 00:00:00+00:00,2991700.0,,2185797.0,303153.0,,
1988-12-01 00:00:00+00:00,2988200.0,,2173774.0,300376.0,,
1988-11-01 00:00:00+00:00,2980200.0,,2167024.0,297392.0,,
1988-10-01 00:00:00+00:00,2965300.0,,2154925.0,293948.0,,
1988-09-01 00:00:00+00:00,2956900.0,,2139817.0,291440.0,,
1988-08-01 00:00:00+00:00,2952000.0,,2131825.0,288402.0,,
1988-07-01 00:00:00+00:00,2947200.0,,2116901.0,284527.0,,
1988-06-01 00:00:00+00:00,2938400.0,,2100900.0,281543.0,,
1988-05-01 00:00:00+00:00,2926000.0,,2090533.0,277324.0,,
1988-04-01 00:00:00+00:00,2910700.0,,2076081.0,274764.0,,
1988-03-01 00:00:00+00:00,2890700.0,,2057427.0,272413.0,,
1988-02-01 00:00:00+00:00,2870400.0,,2046281.0,269742.0,,
1988-01-01 00:00:00+00:00,2847400.0,,2037581.0,267369.0,,
1987-12-01 00:00:00+00:00,2826400.0,,2027444.0,265919.0,,
1987-11-01 00:00:00+00:00,2818900.0,,2024128.0,263777.0,,
1987-10-01 00:00:00+00:00,2814800.0,,2016290.0,268159.0,,
1987-09-01 00:00:00+00:00,2799500.0,,2002177.0,266095.0,,
1987-08-01 00:00:00+00:00,2788200.0,,1992865.0,264015.0,,
1987-07-01 00:00:00+00:00,2779000.0,,1985755.0,262616.0,,
1987-06-01 00:00:00+00:00,2774600.0,,1975973.0,260581.0,,
1987-05-01 00:00:00+00:00,2772900.0,,1962800.0,258484.0,,
1987-04-01 00:00:00+00:00,2767700.0,,1952955.0,256778.0,,
1987-03-01 00:00:00+00:00,2753700.0,,1940390.0,254413.0,,
1987-02-01 00:00:00+00:00,2747500.0,,1927091.0,252294.0,,
1987-01-01 00:00:00+00:00,2743900.0,,1918425.0,248258.0,,
1986-12-01 00:00:00+00:00,2728000.0,,1903734.0,244868.0,,
1986-11-01 00:00:00+00:00,2701300.0,,1896941.0,241920.0,,
1986-10-01 00:00:00+00:00,2687400.0,,1889296.0,238535.0,,
1986-09-01 00:00:00+00:00,2667800.0,,1872837.0,236110.0,,
1986-08-01 00:00:00+00:00,2646500.0,,1858580.0,234394.0,,
1986-07-01 00:00:00+00:00,2626600.0,,1847233.0,232474.0,,
1986-06-01 00:00:00+00:00,2605000.0,,1832456.0,230075.0,,
1986-05-01 00:00:00+00:00,2584800.0,,1824547.0,228313.0,,
1986-04-01 00:00:00+00:00,2557800.0,,1815354.0,225944.0,,
1986-03-01 00:00:00+00:00,2533100.0,,1818276.0,222244.0,,
1986-02-01 00:00:00+00:00,2512900.0,,1800828.0,221316.0,,
1986-01-01 00:00:00+00:00,2502100.0,,1792537.0,221320.0,,
1985-12-01 00:00:00+00:00,2492100.0,,1784034.0,219948.0,,
1985-11-01 00:00:00+00:00,2477800.0,,1760581.0,218972.0,,
1985-10-01 00:00:00+00:00,2468000.0,,1755357.0,216619.0,,
1985-09-01 00:00:00+00:00,2456400.0,,1746936.0,214664.0,,
1985-08-01 00:00:00+00:00,2444000.0,,1738364.0,212431.0,,
1985-07-01 00:00:00+00:00,2429500.0,,1731220.0,210379.0,,
1985-06-01 00:00:00+00:00,2412600.0,,1722006.0,208615.0,,
1985-05-01 00:00:00+00:00,2389500.0,,1715317.0,207225.0,,
1985-04-01 00:00:00+00:00,2375400.0,,1709983.0,205233.0,,
1985-03-01 00:00:00+00:00,2366200.0,,1700138.0,203588.0,,
1985-02-01 00:00:00+00:00,2354100.0,,1691806.0,202240.0,,
1985-01-01 00:00:00+00:00,2332400.0,,1676415.0,200775.0,,
1984-12-01 00:00:00+00:00,2306400.0,,1661882.0,198799.0,,
1984-11-01 00:00:00+00:00,2281400.0,,1649653.0,197100.0,,
1984-10-01 00:00:00+00:00,2258900.0,,1638411.0,196000.0,,
1984-09-01 00:00:00+00:00,2244400.0,,1631220.0,194220.0,,
1984-08-01 00:00:00+00:00,2230400.0,,1617813.0,192900.0,,
1984-07-01 00:00:00+00:00,2223500.0,,1603857.0,191983.0,,
1984-06-01 00:00:00+00:00,2215100.0,,1591965.0,190557.0,,
1984-05-01 00:00:00+00:00,2204100.0,,1583749.0,188987.0,,
1984-04-01 00:00:00+00:00,2191700.0,,1568820.0,187528.0,,
1984-03-01 00:00:00+00:00,2175200.0,,1559014.0,186526.0,,
1984-02-01 00:00:00+00:00,2158200.0,,1549774.0,185164.0,,
1984-01-01 00:00:00+00:00,2138200.0,,1543563.0,184451.0,,
1983-12-01 00:00:00+00:00,2123500.0,,1537092.0,183901.0,,
1983-11-01 00:00:00+00:00,2112300.0,,1526253.0,184076.0,,
1983-10-01 00:00:00+00:00,2099200.0,,1513481.0,183116.0,,
1983-09-01 00:00:00+00:00,2083200.0,,1503408.0,182606.0,,
1983-08-01 00:00:00+00:00,2074000.0,,1498206.0,181430.0,,
1983-07-01 00:00:00+00:00,2064800.0,,1486582.0,179994.0,,
1983-06-01 00:00:00+00:00,2053500.0,,1474969.0,178843.0,,
1983-05-01 00:00:00+00:00,2043100.0,,1464343.0,178031.0,,
1983-04-01 00:00:00+00:00,2028600.0,,1453878.0,178207.0,,
1983-03-01 00:00:00+00:00,2015200.0,,1443423.0,177360.0,,
1983-02-01 00:00:00+00:00,1996800.0,,1435898.0,176731.0,,
1983-01-01 00:00:00+00:00,1959400.0,,1425088.0,175485.0,,
1982-12-01 00:00:00+00:00,1905900.0,,1414556.0,173573.0,,
1982-11-01 00:00:00+00:00,1883700.0,,1401761.0,173598.0,,
1982-10-01 00:00:00+00:00,1869700.0,,1389853.0,171673.0,,
1982-09-01 00:00:00+00:00,1858400.0,,1382740.0,170649.0,,
1982-08-01 00:00:00+00:00,1845200.0,,1372472.0,170127.0,,
1982-07-01 00:00:00+00:00,1831500.0,,1358609.0,169601.0,,
1982-06-01 00:00:00+00:00,1826000.0,,1347524.0,169413.0,,
1982-05-01 00:00:00+00:00,1815400.0,,1334764.0,168518.0,,
1982-04-01 00:00:00+00:00,1803900.0,,1326733.0,167173.0,,
1982-03-01 00:00:00+00:00,1786500.0,,1313351.0,166103.0,,
1982-02-01 00:00:00+00:00,1774500.0,,1299092.0,165200.0,,
1982-01-01 00:00:00+00:00,1770400.0,,1287848.0,163703.0,,
1981-12-01 00:00:00+00:00,1755500.0,,1273805.0,161525.0,,
1981-11-01 00:00:00+00:00,1736100.0,,1264026.0,161705.0,,
1981-10-01 00:00:00+00:00,1721800.0,,1253958.0,164333.0,,
1981-09-01 00:00:00+00:00,1706000.0,,1246150.0,162543.0,,
1981-08-01 00:00:00+00:00,1694300.0,,1234000.0,160540.0,,
1981-07-01 00:00:00+00:00,1681900.0,,1230470.0,157808.0,,
1981-06-01 00:00:00+00:00,1670300.0,,1223076.0,155501.0,,
1981-05-01 00:00:00+00:00,1664200.0,,1215847.0,153442.0,,
1981-04-01 00:00:00+00:00,1659200.0,,1204188.0,152929.0,,
1981-03-01 00:00:00+00:00,1636600.0,,1194414.0,150734.0,,
1981-02-01 00:00:00+00:00,1618700.0,,1186668.0,148558.0,,
1981-01-01 00:00:00+00:00,1606900.0,,1175008.0,146677.0,,
1980-12-01 00:00:00+00:00,1599800.0,,1165452.0,145702.0,,
1980-11-01 00:00:00+00:00,1595800.0,,1160031.0,145094.0,,
1980-10-01 00:00:00+00:00,1584800.0,,1145159.0,142418.0,,
1980-09-01 00:00:00+00:00,1574000.0,,1133419.0,140038.0,,
1980-08-01 00:00:00+00:00,1561500.0,,1127098.0,137679.0,,
1980-07-01 00:00:00+00:00,1545500.0,,1120452.0,136082.0,,
1980-06-01 00:00:00+00:00,1529200.0,,1109205.0,134370.0,,
1980-05-01 00:00:00+00:00,1512300.0,,1100958.0,132757.0,,
1980-04-01 00:00:00+00:00,1502200.0,,1093263.0,132246.0,,
1980-03-01 00:00:00+00:00,1499800.0,,1088333.0,130468.0,,
1980-02-01 00:00:00+00:00,1494600.0,,1078232.0,127971.0,,
1980-01-01 00:00:00+00:00,1482700.0,,1070496.0,125979.0,,
1979-12-01 00:00:00+00:00,1473700.0,,,123787.0,,
1979-11-01 00:00:00+00:00,1465900.0,,,122963.0,,
1979-10-01 00:00:00+00:00,1460400.0,,,120107.0,,
1979-09-01 00:00:00+00:00,1454100.0,,,118071.0,,
1979-08-01 00:00:00+00:00,1446600.0,,,116464.0,,
1979-07-01 00:00:00+00:00,1434800.0,,,114809.0,,
1979-06-01 00:00:00+00:00,1423000.0,,,112770.0,,
1979-05-01 00:00:00+00:00,1410200.0,,,110879.0,,
1979-04-01 00:00:00+00:00,1402100.0,,,110072.0,,
1979-03-01 00:00:00+00:00,1387800.0,,,108556.0,,
1979-02-01 00:00:00+00:00,1377800.0,,,107462.0,,
1979-01-01 00:00:00+00:00,1371600.0,,,106060.0,,
1978-12-01 00:00:00+00:00,1366000.0,,,104413.0,,
1978-11-01 00:00:00+00:00,1359100.0,,,104723.0,,
1978-10-01 00:00:00+00:00,1352300.0,,,102096.0,,
1978-09-01 00:00:00+00:00,1345000.0,,,100896.0,,
1978-08-01 00:00:00+00:00,1333500.0,,,99566.0,,
1978-07-01 00:00:00+00:00,1324100.0,,,98539.0,,
1978-06-01 00:00:00+00:00,1318500.0,,,97419.0,,
1978-05-01 00:00:00+00:00,1310500.0,,,96189.0,,
1978-04-01 00:00:00+00:00,1300400.0,,,95912.0,,
1978-03-01 00:00:00+00:00,1292200.0,,,94674.0,,
1978-02-01 00:00:00+00:00,1285500.0,,,93898.0,,
1978-01-01 00:00:00+00:00,1279700.0,,,92838.0,,
1977-12-01 00:00:00+00:00,1270300.0,,,91825.0,,
1977-11-01 00:00:00+00:00,1262400.0,,,90947.0,,
1977-10-01 00:00:00+00:00,1254000.0,,,90662.0,,
1977-09-01 00:00:00+00:00,1246200.0,,,89678.0,,
1977-08-01 00:00:00+00:00,1237000.0,,,88644.0,,
1977-07-01 00:00:00+00:00,1226700.0,,,87458.0,,
1977-06-01 00:00:00+00:00,1217800.0,,,86721.0,,
1977-05-01 00:00:00+00:00,1209000.0,,,85856.0,,
1977-04-01 00:00:00+00:00,1199600.0,,,85297.0,,
1977-03-01 00:00:00+00:00,1188500.0,,,84262.0,,
1977-02-01 00:00:00+00:00,1177600.0,,,83082.0,,
1977-01-01 00:00:00+00:00,1165200.0,,,82179.0,,
1976-12-01 00:00:00+00:00,1152000.0,,,80853.0,,
1976-11-01 00:00:00+00:00,1138200.0,,,80077.0,,
1976-10-01 00:00:00+00:00,1125000.0,,,79000.0,,
1976-09-01 00:00:00+00:00,1110800.0,,,77972.0,,
1976-08-01 00:00:00+00:00,1098700.0,,,77093.0,,
1976-07-01 00:00:00+00:00,1086300.0,,,75946.0,,
1976-06-01 00:00:00+00:00,1077600.0,,,74924.0,,
1976-05-01 00:00:00+00:00,1072100.0,,,73578.0,,
1976-04-01 00:00:00+00:00,1060800.0,,,73074.0,,
1976-03-01 00:00:00+00:00,1050000.0,,,72183.0,,
1976-02-01 00:00:00+00:00,1040300.0,,,71010.0,,
1976-01-01 00:00:00+00:00,1026600.0,,,70256.0,,
1975-12-01 00:00:00+00:00,1016200.0,,,70033.0,,
1975-11-01 00:00:00+00:00,1006900.0,,,68634.0,,
1975-10-01 00:00:00+00:00,997800.0,,,68735.0,,
1975-09-01 00:00:00+00:00,991500.0,,,68202.0,,
1975-08-01 00:00:00+00:00,983100.0,,,66908.0,,
1975-07-01 00:00:00+00:00,975100.0,,,66258.0,,
1975-06-01 00:00:00+00:00,963000.0,,,65396.0,,
1975-05-01 00:00:00+00:00,947900.0,,,64771.0,,
1975-04-01 00:00:00+00:00,935100.0,,,64899.0,,
1975-03-01 00:00:00+00:00,925000.0,,,63548.0,,
1975-02-01 00:00:00+00:00,914100.0,,,62873.0,,
1975-01-01 00:00:00+00:00,906300.0,,,61778.0,,
1974-12-01 00:00:00+00:00,902100.0,,,60489.0,,
1974-11-01 00:00:00+00:00,898600.0,,,60373.0,,
1974-10-01 00:00:00+00:00,893300.0,,,60524.0,,
1974-09-01 00:00:00+00:00,887900.0,,,59997.0,,
1974-08-01 00:00:00+00:00,884100.0,,,59171.0,,
1974-07-01 00:00:00+00:00,881400.0,,,58238.0,,
1974-06-01 00:00:00+00:00,877800.0,,,57256.0,,
1974-05-01 00:00:00+00:00,874600.0,,,57073.0,,
1974-04-01 00:00:00+00:00,872900.0,,,55976.0,,
1974-03-01 00:00:00+00:00,870100.0,,,54743.0,,
1974-02-01 00:00:00+00:00,864200.0,,,53773.0,,
1974-01-01 00:00:00+00:00,859700.0,,,52874.0,,
1973-12-01 00:00:00+00:00,855500.0,,,51894.0,,
1973-11-01 00:00:00+00:00,848900.0,,,50985.0,,
1973-10-01 00:00:00+00:00,842600.0,,,49818.0,,
1973-09-01 00:00:00+00:00,839300.0,,,48923.0,,
1973-08-01 00:00:00+00:00,838800.0,,,48232.0,,
1973-07-01 00:00:00+00:00,836500.0,,,47672.0,,
1973-06-01 00:00:00+00:00,833300.0,,,46886.0,,
1973-05-01 00:00:00+00:00,826800.0,,,46186.0,,
1973-04-01 00:00:00+00:00,819700.0,,,45879.0,,
1973-03-01 00:00:00+00:00,815300.0,,,45501.0,,
1973-02-01 00:00:00+00:00,814100.0,,,44934.0,,
1973-01-01 00:00:00+00:00,810300.0,,,44366.0,,
1972-12-01 00:00:00+00:00,802300.0,,,43639.0,,
1972-11-01 00:00:00+00:00,793900.0,,,43085.0,,
1972-10-01 00:00:00+00:00,786900.0,,,42943.0,,
1972-09-01 00:00:00+00:00,778300.0,,,42404.0,,
1972-08-01 00:00:00+00:00,768700.0,,,41501.0,,
1972-07-01 00:00:00+00:00,759500.0,,,41285.0,,
1972-06-01 00:00:00+00:00,749700.0,,,40919.0,,
1972-05-01 00:00:00+00:00,743300.0,,,40485.0,,
1972-04-01 00:00:00+00:00,738400.0,,,40516.0,,
1972-03-01 00:00:00+00:00,733500.0,,,39841.0,,
1972-02-01 00:00:00+00:00,725700.0,,,39530.0,,
1972-01-01 00:00:00+00:00,717700.0,,,39177.0,,
1971-12-01 00:00:00+00:00,710300.0,,,38429.0,,
1971-11-01 00:00:00+00:00,704600.0,,,38430.0,,
1971-10-01 00:00:00+00:00,698400.0,,,38320.0,,
1971-09-01 00:00:00+00:00,692500.0,,,37999.0,,
1971-08-01 00:00:00+00:00,685500.0,,,37801.0,,
1971-07-01 00:00:00+00:00,679600.0,,,37373.0,,
1971-06-01 00:00:00+00:00,673000.0,,,36891.0,,
1971-05-01 00:00:00+00:00,666700.0,,,36527.0,,
1971-04-01 00:00:00+00:00,658400.0,,,36248.0,,
1971-03-01 00:00:00+00:00,649900.0,,,35893.0,,
1971-02-01 00:00:00+00:00,641000.0,,,35312.0,,
1971-01-01 00:00:00+00:00,632900.0,,,34782.0,,
1970-12-01 00:00:00+00:00,626500.0,,,34420.0,,
1970-11-01 00:00:00+00:00,621100.0,,,34113.0,,
1970-10-01 00:00:00+00:00,616400.0,,,33863.0,,
1970-09-01 00:00:00+00:00,611200.0,,,33422.0,,
1970-08-01 00:00:00+00:00,604900.0,,,33248.0,,
1970-07-01 00:00:00+00:00,599100.0,,,32877.0,,
1970-06-01 00:00:00+00:00,595200.0,,,32799.0,,
1970-05-01 00:00:00+00:00,591500.0,,,32402.0,,
1970-04-01 00:00:00+00:00,588400.0,,,32617.0,,
1970-03-01 00:00:00+00:00,587300.0,,,32020.0,,
1970-02-01 00:00:00+00:00,586300.0,,,31957.0,,
1970-01-01 00:00:00+00:00,589600.0,,,31779.0,,
1969-12-01 00:00:00+00:00,587900.0,,,31569.0,,
1969-11-01 00:00:00+00:00,585400.0,,,31312.0,,
1969-10-01 00:00:00+00:00,583400.0,,,31062.0,,
1969-09-01 00:00:00+00:00,582100.0,,,30996.0,,
1969-08-01 00:00:00+00:00,580100.0,,,30453.0,,
1969-07-01 00:00:00+00:00,579500.0,,,30339.0,,
1969-06-01 00:00:00+00:00,578500.0,,,30144.0,,
1969-05-01 00:00:00+00:00,576500.0,,,30186.0,,
1969-04-01 00:00:00+00:00,575700.0,,,29905.0,,
1969-03-01 00:00:00+00:00,574400.0,,,29818.0,,
1969-02-01 00:00:00+00:00,571900.0,,,29559.0,,
1969-01-01 00:00:00+00:00,569300.0,,,29429.0,,
1968-12-01 00:00:00+00:00,566800.0,,,28964.0,,
1968-11-01 00:00:00+00:00,562400.0,,,28672.0,,
1968-10-01 00:00:00+00:00,557600.0,,,28314.0,,
1968-09-01 00:00:00+00:00,553600.0,,,28017.0,,
1968-08-01 00:00:00+00:00,549400.0,,,27871.0,,
1968-07-01 00:00:00+00:00,545600.0,,,27316.0,,
1968-06-01 00:00:00+00:00,542600.0,,,26892.0,,
1968-05-01 00:00:00+00:00,538900.0,,,26602.0,,
1968-04-01 00:00:00+00:00,535700.0,,,26199.0,,
1968-03-01 00:00:00+00:00,533200.0,,,25914.0,,
1968-02-01 00:00:00+00:00,530400.0,,,25788.0,,
1968-01-01 00:00:00+00:00,527400.0,,,25523.0,,
1967-12-01 00:00:00+00:00,524800.0,,,,,
1967-11-01 00:00:00+00:00,521200.0,,,,,
1967-10-01 00:00:00+00:00,518200.0,,,,,
1967-09-01 00:00:00+00:00,514700.0,,,,,
1967-08-01 00:00:00+00:00,510800.0,,,,,
1967-07-01 00:00:00+00:00,506300.0,,,,,
1967-06-01 00:00:00+00:00,502000.0,,,,,
1967-05-01 00:00:00+00:00,497200.0,,,,,
1967-04-01 00:00:00+00:00,492100.0,,,,,
1967-03-01 00:00:00+00:00,489700.0,,,,,
1967-02-01 00:00:00+00:00,485100.0,,,,,
1967-01-01 00:00:00+00:00,481600.0,,,,,
1966-12-01 00:00:00+00:00,480200.0,,,,,
1966-11-01 00:00:00+00:00,477300.0,,,,,
1966-10-01 00:00:00+00:00,475700.0,,,,,
1966-09-01 00:00:00+00:00,475400.0,,,,,
1966-08-01 00:00:00+00:00,472600.0,,,,,
1966-07-01 00:00:00+00:00,470900.0,,,,,
1966-06-01 00:00:00+00:00,471200.0,,,,,
1966-05-01 00:00:00+00:00,470100.0,,,,,
1966-04-01 00:00:00+00:00,469300.0,,,,,
1966-03-01 00:00:00+00:00,467200.0,,,,,
1966-02-01 00:00:00+00:00,464600.0,,,,,
1966-01-01 00:00:00+00:00,462000.0,,,,,
1965-12-01 00:00:00+00:00,459200.0,,,,,
1965-11-01 00:00:00+00:00,455700.0,,,,,
1965-10-01 00:00:00+00:00,452600.0,,,,,
1965-09-01 00:00:00+00:00,449500.0,,,,,
1965-08-01 00:00:00+00:00,445800.0,,,,,
1965-07-01 00:00:00+00:00,442900.0,,,,,
1965-06-01 00:00:00+00:00,440100.0,,,,,
1965-05-01 00:00:00+00:00,437100.0,,,,,
1965-04-01 00:00:00+00:00,435400.0,,,,,
1965-03-01 00:00:00+00:00,433200.0,,,,,
1965-02-01 00:00:00+00:00,430400.0,,,,,
1965-01-01 00:00:00+00:00,427500.0,,,,,
1964-12-01 00:00:00+00:00,424700.0,,,,,
1964-11-01 00:00:00+00:00,422000.0,,,,,
1964-10-01 00:00:00+00:00,419100.0,,,,,
1964-09-01 00:00:00+00:00,416900.0,,,,,
1964-08-01 00:00:00+00:00,413400.0,,,,,
1964-07-01 00:00:00+00:00,410100.0,,,,,
1964-06-01 00:00:00+00:00,407100.0,,,,,
1964-05-01 00:00:00+00:00,404200.0,,,,,
1964-04-01 00:00:00+00:00,401700.0,,,,,
1964-03-01 00:00:00+00:00,399800.0,,,,,
1964-02-01 00:00:00+00:00,397600.0,,,,,
1964-01-01 00:00:00+00:00,395200.0,,,,,
1963-12-01 00:00:00+00:00,393200.0,,,,,
1963-11-01 00:00:00+00:00,391500.0,,,,,
1963-10-01 00:00:00+00:00,388300.0,,,,,
1963-09-01 00:00:00+00:00,386000.0,,,,,
1963-08-01 00:00:00+00:00,383600.0,,,,,
1963-07-01 00:00:00+00:00,381100.0,,,,,
1963-06-01 00:00:00+00:00,378400.0,,,,,
1963-05-01 00:00:00+00:00,376100.0,,,,,
1963-04-01 00:00:00+00:00,373300.0,,,,,
1963-03-01 00:00:00+00:00,370700.0,,,,,
1963-02-01 00:00:00+00:00,367900.0,,,,,
1963-01-01 00:00:00+00:00,365200.0,,,,,
1962-12-01 00:00:00+00:00,362700.0,,,,,
1962-11-01 00:00:00+00:00,359800.0,,,,,
1962-10-01 00:00:00+00:00,357200.0,,,,,
1962-09-01 00:00:00+00:00,354900.0,,,,,
1962-08-01 00:00:00+00:00,352800.0,,,,,
1962-07-01 00:00:00+00:00,350800.0,,,,,
1962-06-01 00:00:00+00:00,349300.0,,,,,
1962-05-01 00:00:00+00:00,347500.0,,,,,
1962-04-01 00:00:00+00:00,345500.0,,,,,
1962-03-01 00:00:00+00:00,343100.0,,,,,
1962-02-01 00:00:00+00:00,340100.0,,,,,
1962-01-01 00:00:00+00:00,337500.0,,,,,
1961-12-01 00:00:00+00:00,335500.0,,,,,
1961-11-01 00:00:00+00:00,333400.0,,,,,
1961-10-01 00:00:00+00:00,331100.0,,,,,
1961-09-01 00:00:00+00:00,329500.0,,,,,
1961-08-01 00:00:00+00:00,327600.0,,,,,
1961-07-01 00:00:00+00:00,325600.0,,,,,
1961-06-01 00:00:00+00:00,324300.0,,,,,
1961-05-01 00:00:00+00:00,322200.0,,,,,
1961-04-01 00:00:00+00:00,319900.0,,,,,
1961-03-01 00:00:00+00:00,318300.0,,,,,
1961-02-01 00:00:00+00:00,316500.0,,,,,
1961-01-01 00:00:00+00:00,314100.0,,,,,
1960-12-01 00:00:00+00:00,312400.0,,,,,
1960-11-01 00:00:00+00:00,310900.0,,,,,
1960-10-01 00:00:00+00:00,309500.0,,,,,
1960-09-01 00:00:00+00:00,308400.0,,,,,
1960-08-01 00:00:00+00:00,306900.0,,,,,
1960-07-01 00:00:00+00:00,304100.0,,,,,
1960-06-01 00:00:00+00:00,302300.0,,,,,
1960-05-01 00:00:00+00:00,300900.0,,,,,
1960-04-01 00:00:00+00:00,300100.0,,,,,
1960-03-01 00:00:00+00:00,299300.0,,,,,
1960-02-01 00:00:00+00:00,298400.0,,,,,
1960-01-01 00:00:00+00:00,298200.0,,,,,
1959-12-01 00:00:00+00:00,297800.0,,,,,
1959-11-01 00:00:00+00:00,297100.0,,,,,
1959-10-01 00:00:00+00:00,296500.0,,,,,
1959-09-01 00:00:00+00:00,296700.0,,,,,
1959-08-01 00:00:00+00:00,296400.0,,,,,
1959-07-01 00:00:00+00:00,295200.0,,,,,
1959-06-01 00:00:00+00:00,294100.0,,,,,
1959-05-01 00:00:00+00:00,292200.0,,,,,
1959-04-01 00:00:00+00:00,290100.0,,,,,
1959-03-01 00:00:00+00:00,289200.0,,,,,
1959-02-01 00:00:00+00:00,287700.0,,,,,
1959-01-01 00:00:00+00:00,286600.0,,,,,
