date,AUS,CAN,COL,JPN,KOR,RUS,USA
2025-10-01 00:00:00,,19965.9,,,24548.54,,
2025-09-01 00:00:00,13881.39,19886.4,22468.9,58810.0,24647.52,,152252.9
2025-08-01 00:00:00,13868.24,19829.1,22379.7,58620.0,24563.95,,151921.8
2025-07-01 00:00:00,13873.63,19876.2,22640.5,58890.0,24609.76,,151763.3
2025-06-01 00:00:00,13850.14,19947.3,22445.05,59010.0,24621.24,,151956.6
2025-05-01 00:00:00,13821.55,19852.7,22476.04,58950.0,24672.71,,151823.8
2025-04-01 00:00:00,13835.77,19826.4,22482.36,58560.0,24690.57,,152072.5
2025-03-01 00:00:00,13752.87,19855.9,22310.44,58520.0,24673.68,,151726.0
2025-02-01 00:00:00,13769.74,19867.9,22130.38,58750.0,24669.73,,151717.6
2025-01-01 00:00:00,13797.88,19883.7,22267.65,58950.0,24688.39,,152386.5
2024-12-01 00:00:00,13761.92,19797.2,21855.56,58850.0,24674.27,,150714.4
2024-11-01 00:00:00,13703.42,19746.8,21859.98,58840.0,24692.17,,150193.2
2024-10-01 00:00:00,13699.47,19719.6,21640.25,58740.0,24713.94,,150173.4
2024-09-01 00:00:00,13698.7,19707.7,21740.9,58590.0,24730.55,,150456.4
2024-08-01 00:00:00,13663.15,19667.4,21944.74,58580.0,24773.02,,150050.9
2024-07-01 00:00:00,13624.43,19623.0,21854.69,58430.0,24718.62,,150127.2
2024-06-01 00:00:00,13566.8,19625.6,21620.79,58580.0,24739.09,,149996.7
2024-05-01 00:00:00,13534.4,19647.4,21949.24,58270.0,24754.42,,150023.9
2024-04-01 00:00:00,13507.01,19638.5,21919.46,58220.0,24840.3,,149997.8
2024-03-01 00:00:00,13506.29,19561.7,21381.23,58300.0,24844.54,,150037.9
2024-02-01 00:00:00,13508.12,19545.8,21319.59,58350.0,24864.63,,149775.5
2024-01-01 00:00:00,13454.41,19488.6,21411.52,58360.0,24889.85,,150069.2
2023-12-01 00:00:00,13445.14,19472.8,21293.01,58490.0,24884.0,,150224.3
2023-11-01 00:00:00,13487.75,19448.4,21430.84,58540.0,24863.97,,150880.0
2023-10-01 00:00:00,13440.58,19428.7,21337.92,58350.0,24929.72,,150523.0
2023-09-01 00:00:00,13401.7,19407.2,21668.33,58440.0,24896.92,,150560.6
2023-08-01 00:00:00,13412.81,19355.3,21736.22,58390.0,24931.58,,150626.9
2023-07-01 00:00:00,13353.42,19326.3,21969.82,58390.0,24883.15,,150287.8
2023-06-01 00:00:00,13339.25,19306.8,21931.37,58430.0,24963.31,,150208.5
2023-05-01 00:00:00,13319.5,19232.6,21560.54,58340.0,24966.61,,149986.0
2023-04-01 00:00:00,13259.57,19225.7,21882.53,58320.0,24879.46,,149792.6
2023-03-01 00:00:00,13268.61,19205.0,21581.47,58120.0,24901.51,,149551.0
2023-02-01 00:00:00,13159.52,19148.6,21161.76,57930.0,24800.37,,149430.6
2023-01-01 00:00:00,13150.42,19103.9,20983.72,58170.0,24796.3,,149242.2
2022-12-01 00:00:00,13108.6,19002.8,20925.83,58020.0,24814.59,,148709.3
2022-11-01 00:00:00,13109.6,18943.9,20768.64,57950.0,24815.69,,148098.5
2022-10-01 00:00:00,13052.07,18910.6,20903.08,58230.0,24837.73,,148016.3
2022-09-01 00:00:00,13014.59,18826.8,21003.18,58200.0,24845.02,,148207.8
2022-08-01 00:00:00,13020.57,18794.1,20915.2,58050.0,24872.13,,148330.7
2022-07-01 00:00:00,12951.9,18817.0,21090.8,58170.0,24874.32,,148030.8
2022-06-01 00:00:00,12930.29,18800.7,21002.02,58050.0,24866.53,,147726.2
2022-05-01 00:00:00,12841.97,18814.1,21330.52,58270.0,24901.46,,147815.8
2022-04-01 00:00:00,12795.46,18738.9,21248.1,58340.0,24836.46,,147265.0
2022-03-01 00:00:00,12763.9,18699.3,20637.61,58080.0,24800.9,,147267.5
2022-02-01 00:00:00,12712.65,18684.7,20626.2,57970.0,24763.06,,146695.2
2022-01-01 00:00:00,12668.24,18377.9,20214.97,57850.0,24659.01,,146405.8
2021-12-01 00:00:00,12593.12,18612.1,19946.77,57980.0,24581.89,70897.8,145460.4
2021-11-01 00:00:00,12518.13,18565.6,19705.73,57730.0,24484.15,70573.4,145088.4
2021-10-01 00:00:00,12161.21,18435.4,19546.72,57740.0,24421.63,70760.64,144225.3
2021-09-01 00:00:00,12194.88,18379.2,19576.79,57930.0,24410.2,70541.82,143702.0
2021-08-01 00:00:00,12336.47,18203.1,19484.51,58150.0,24350.37,70336.91,143090.9
2021-07-01 00:00:00,12453.63,18117.2,19650.32,58210.0,24339.94,70407.7,143081.4
2021-06-01 00:00:00,12436.16,18020.2,19216.89,57980.0,24312.57,70296.7,141941.8
2021-05-01 00:00:00,12402.17,17755.6,19404.35,58030.0,24253.75,70383.46,141837.3
2021-04-01 00:00:00,12319.68,17791.4,19256.35,58120.0,24228.05,69706.39,141013.5
2021-03-01 00:00:00,12324.71,17971.2,19171.09,58100.0,24174.68,69205.84,140649.7
2021-02-01 00:00:00,12254.56,17751.5,19236.01,58230.0,23981.49,69183.66,140401.5
2021-01-01 00:00:00,12184.59,17515.0,18748.06,58170.0,23825.98,69110.3,139869.6
2020-12-01 00:00:00,12180.25,17747.0,19827.83,58050.0,23946.18,68766.85,140098.8
2020-11-01 00:00:00,12154.04,17808.9,19820.77,58240.0,24101.18,68807.05,139856.9
2020-10-01 00:00:00,12066.45,17797.8,19674.46,57920.0,23998.38,68794.44,139895.4
2020-09-01 00:00:00,11933.09,17724.7,19168.84,57830.0,23966.57,68954.34,137916.5
2020-08-01 00:00:00,11979.15,17299.5,18760.46,57840.0,24079.84,69019.11,137543.2
2020-07-01 00:00:00,11856.95,17047.7,17564.66,57690.0,24036.36,68955.74,134295.9
2020-06-01 00:00:00,11732.63,16664.1,17743.16,57890.0,24004.07,69155.59,133154.3
2020-05-01 00:00:00,11521.5,15620.5,16973.54,57860.0,23966.96,69372.64,128731.8
2020-04-01 00:00:00,11797.03,15316.0,16388.0,57840.0,23943.29,69661.89,124456.7
2020-03-01 00:00:00,12350.07,17203.4,19628.76,58520.0,24178.42,70369.33,144746.3
2020-02-01 00:00:00,12340.03,18282.5,20773.95,58670.0,24600.6,70396.77,147626.5
2020-01-01 00:00:00,12336.27,18280.8,20959.51,58570.0,24742.15,70579.39,147629.7
2019-12-01 00:00:00,12333.39,18275.2,20894.07,58680.0,24705.0,70598.73,147908.3
2019-11-01 00:00:00,12282.32,18214.2,20959.4,58710.0,24611.12,70753.74,147863.3
2019-10-01 00:00:00,12277.72,18229.3,20907.81,58810.0,24644.71,70358.88,147896.6
2019-09-01 00:00:00,12308.89,18247.3,20834.93,58630.0,24605.33,70201.22,147951.4
2019-08-01 00:00:00,12295.4,18233.6,20761.09,58680.0,24614.74,70181.48,147417.8
2019-07-01 00:00:00,12244.21,18177.6,21104.56,58690.0,24564.55,70607.81,147096.4
2019-06-01 00:00:00,12214.13,18204.6,21414.24,58660.0,24568.48,70432.34,147136.1
2019-05-01 00:00:00,12205.35,18189.0,21293.29,58560.0,24553.01,70333.84,146877.1
2019-04-01 00:00:00,12207.69,18146.5,21200.41,58530.0,24547.13,70463.99,146641.5
2019-03-01 00:00:00,12193.75,18036.6,20936.44,58510.0,24573.38,70374.89,146454.6
2019-02-01 00:00:00,12162.51,18070.9,20780.1,58470.0,24521.11,70939.82,146593.4
2019-01-01 00:00:00,12146.26,18047.0,20827.83,58290.0,24509.84,70807.88,146533.3
2018-12-01 00:00:00,12111.6,18048.4,20903.08,58280.0,24501.05,71181.79,146844.0
2018-11-01 00:00:00,12090.63,18065.0,20414.2,58450.0,24522.68,71267.01,146689.8
2018-10-01 00:00:00,12067.26,18026.6,20719.08,58420.0,24482.29,71007.18,146596.7
2018-09-01 00:00:00,12043.68,17999.5,20951.16,58330.0,24487.25,71217.19,146258.8
2018-08-01 00:00:00,12038.47,17927.9,21128.73,58240.0,24408.11,71187.27,145901.8
2018-07-01 00:00:00,11982.27,17940.8,21111.28,58200.0,24464.46,71047.12,146448.8
2018-06-01 00:00:00,11985.71,17871.7,21045.46,58190.0,24495.69,71289.85,146033.0
2018-05-01 00:00:00,11926.92,17807.3,21087.11,58390.0,24492.05,71373.56,145971.0
2018-04-01 00:00:00,11920.67,17792.7,21362.95,58290.0,24556.63,71488.52,145446.5
2018-03-01 00:00:00,11922.23,17816.7,20753.28,58120.0,24546.53,71404.64,145488.3
2018-02-01 00:00:00,11901.36,17753.3,20332.74,57940.0,24535.41,71445.8,145620.8
2018-01-01 00:00:00,11911.47,17751.7,20580.92,57860.0,24640.45,71322.64,145106.9
2017-12-01 00:00:00,11867.21,17791.3,20547.73,57640.0,24577.77,70975.5,144724.0
2017-11-01 00:00:00,11864.47,17750.8,20498.63,57580.0,24558.12,71041.48,144675.5
2017-10-01 00:00:00,11819.31,17681.0,20571.75,57450.0,24568.67,71176.82,144574.6
2017-09-01 00:00:00,11828.42,17629.1,20470.01,57500.0,24589.66,71115.8,144956.0
2017-08-01 00:00:00,11786.28,17637.6,20659.37,57480.0,24567.04,70931.42,144344.8
2017-07-01 00:00:00,11735.46,17626.3,20672.38,57490.0,24597.99,70960.29,144402.4
2017-06-01 00:00:00,11712.02,17601.3,20966.08,57440.0,24556.73,71051.85,144145.4
2017-05-01 00:00:00,11682.3,17548.5,20675.72,57320.0,24563.85,71290.06,143831.7
2017-04-01 00:00:00,11653.16,17515.1,21002.95,57240.0,24581.72,71395.06,143918.6
2017-03-01 00:00:00,11613.44,17494.3,20431.5,57000.0,24586.84,71388.83,143723.0
2017-02-01 00:00:00,11554.34,17475.0,20404.02,57040.0,24528.93,71221.12,143229.8
2017-01-01 00:00:00,11579.74,17461.2,20507.78,57300.0,24432.78,71360.61,143041.6
2016-12-01 00:00:00,11544.12,17354.0,20276.41,57230.0,24472.3,71853.35,143280.7
2016-11-01 00:00:00,11526.68,17347.8,20519.88,57050.0,24422.75,71651.69,143172.5
2016-10-01 00:00:00,11507.77,17334.2,20330.15,57160.0,24404.64,71419.23,142927.7
2016-09-01 00:00:00,11501.26,17292.8,20383.34,57150.0,24392.13,71542.35,142831.7
2016-08-01 00:00:00,11504.0,17261.3,20366.3,57160.0,24427.13,71469.25,142700.8
2016-07-01 00:00:00,11526.66,17200.4,20147.7,57090.0,24370.22,71387.05,142520.1
2016-06-01 00:00:00,11508.24,17224.5,20433.84,56950.0,24329.49,71406.85,142230.3
2016-05-01 00:00:00,11488.52,17234.8,20390.7,56790.0,24271.08,71145.36,142316.7
2016-04-01 00:00:00,11484.24,17218.7,20601.94,56870.0,24231.59,71351.63,141921.9
2016-03-01 00:00:00,11493.43,17175.5,20061.38,56840.0,24216.31,71168.27,142174.9
2016-02-01 00:00:00,11485.21,17170.4,20334.8,56820.0,24260.92,71321.09,142039.5
2016-01-01 00:00:00,11469.35,17168.7,20237.83,57000.0,24299.22,71021.59,141873.6
2015-12-01 00:00:00,11453.93,17153.5,20275.59,56800.0,24329.52,71736.04,141474.5
2015-11-01 00:00:00,11433.78,17144.6,20542.2,56680.0,24263.26,71572.78,141049.3
2015-10-01 00:00:00,11418.16,17175.4,20251.96,56890.0,24279.52,71556.77,140701.4
2015-09-01 00:00:00,11351.98,17190.1,20185.02,56850.0,24261.38,71708.95,140484.3
2015-08-01 00:00:00,11337.29,17198.8,20225.35,56610.0,24206.46,71715.45,140654.4
2015-07-01 00:00:00,11338.74,17185.0,20357.31,56640.0,24201.06,71630.48,140377.8
2015-06-01 00:00:00,11313.76,17163.4,20228.42,56720.0,24120.1,71213.9,140407.0
2015-05-01 00:00:00,11319.08,17169.8,20299.55,56610.0,24133.92,71452.7,140480.8
2015-04-01 00:00:00,11270.27,17135.3,20221.08,56580.0,24126.76,71065.9,140085.9
2015-03-01 00:00:00,11283.81,17168.9,20155.02,56740.0,24092.75,71132.59,139559.7
2015-02-01 00:00:00,11255.63,17164.3,19905.11,56760.0,24170.24,71083.85,139773.0
2015-01-01 00:00:00,11197.33,17140.6,19959.69,56590.0,24124.25,71466.21,139728.2
2014-12-01 00:00:00,11194.81,17160.1,19669.17,56900.0,24048.13,70879.23,139320.2
2014-11-01 00:00:00,11126.9,17130.4,19946.44,56780.0,24035.32,70775.31,139359.1
2014-10-01 00:00:00,11129.67,17119.5,19971.86,56790.0,24001.3,70918.47,139390.7
2014-09-01 00:00:00,11130.48,17089.6,19939.8,56920.0,24015.94,70518.62,138743.0
2014-08-01 00:00:00,11132.87,17047.5,19884.18,56890.0,24048.16,70529.66,138598.8
2014-07-01 00:00:00,11129.03,17095.4,19773.0,56800.0,23974.26,70732.29,138397.8
2014-06-01 00:00:00,11117.23,17051.7,19785.46,56870.0,23871.18,70696.1,138375.0
2014-05-01 00:00:00,11088.47,17023.5,19845.45,57070.0,23836.76,70530.94,138053.0
2014-04-01 00:00:00,11104.69,17022.9,19772.74,56910.0,23927.67,70674.9,137787.4
2014-03-01 00:00:00,11120.88,17042.9,19598.0,57000.0,23836.24,70932.49,137652.5
2014-02-01 00:00:00,11069.24,17000.4,19459.68,56920.0,23896.15,70752.2,137211.5
2014-01-01 00:00:00,11058.72,17007.5,19691.36,56840.0,23831.3,70653.11,137165.2
2013-12-01 00:00:00,11028.67,17002.5,19628.64,57030.0,23696.14,70567.23,136942.3
2013-11-01 00:00:00,11059.2,17041.5,19362.52,57100.0,23669.42,70560.94,136743.3
2013-10-01 00:00:00,11073.57,17019.2,19568.41,56860.0,23630.53,70509.68,136102.5
2013-09-01 00:00:00,11072.68,17013.4,19481.62,56840.0,23588.17,70280.03,136721.8
2013-08-01 00:00:00,11067.0,17045.3,19543.33,56890.0,23508.07,70504.87,136518.3
2013-07-01 00:00:00,11054.32,17024.8,19583.87,56900.0,23460.26,70342.63,136536.1
2013-06-01 00:00:00,11074.8,17050.7,19287.41,56850.0,23450.07,70187.51,136257.7
2013-05-01 00:00:00,11044.3,17067.2,19606.43,56860.0,23397.84,70380.62,136218.8
2013-04-01 00:00:00,11066.82,17027.5,19210.66,56990.0,23370.77,70768.44,135959.8
2013-03-01 00:00:00,11044.96,17004.8,19064.36,56870.0,23245.57,71008.0,135737.7
2013-02-01 00:00:00,11066.85,17081.0,19062.46,56770.0,23153.81,71010.55,135752.6
2013-01-01 00:00:00,11080.16,17020.3,19273.54,56810.0,23212.85,70940.11,135669.0
2012-12-01 00:00:00,11022.71,17024.9,19171.27,56500.0,23191.74,70910.22,135835.1
2012-11-01 00:00:00,11006.26,16973.6,18983.24,56780.0,23232.69,70854.17,135701.7
2012-10-01 00:00:00,11003.76,16956.4,19028.03,56790.0,23272.73,70781.43,136107.4
2012-09-01 00:00:00,11002.58,16955.1,18962.77,56650.0,23273.31,70865.22,135704.4
2012-08-01 00:00:00,10974.55,16899.2,19232.04,56870.0,23233.86,70845.44,135085.0
2012-07-01 00:00:00,10977.0,16849.7,19006.3,56960.0,23262.46,70903.05,135108.4
2012-06-01 00:00:00,10959.01,16819.5,19311.72,56990.0,23264.65,71017.41,135237.4
2012-05-01 00:00:00,10976.86,16829.8,19100.99,56860.0,23297.57,71003.48,135147.2
2012-04-01 00:00:00,10946.26,16840.4,18995.47,56930.0,23211.08,70788.03,134866.3
2012-03-01 00:00:00,10953.55,16783.1,19168.83,56870.0,23197.49,70234.63,134803.7
2012-02-01 00:00:00,10907.7,16710.8,19004.17,56940.0,23144.42,70362.74,134664.2
2012-01-01 00:00:00,10934.76,16723.7,18971.01,56930.0,23082.4,70516.08,134492.2
2011-12-01 00:00:00,10872.2,16716.4,18853.87,57110.0,23112.63,70516.67,133898.6
2011-11-01 00:00:00,10896.39,16693.1,18900.48,57170.0,23052.61,70308.87,133837.7
2011-10-01 00:00:00,10897.23,16718.8,18986.41,57180.0,23046.03,70084.2,133614.8
2011-09-01 00:00:00,10896.51,16734.2,18765.84,57150.0,22808.85,70263.57,133544.5
2011-08-01 00:00:00,10876.25,16737.6,18396.57,56920.0,23027.56,70224.52,133425.6
2011-07-01 00:00:00,10873.84,16717.4,18395.76,57090.0,22975.04,70079.08,132898.8
2011-06-01 00:00:00,10875.84,16687.1,18295.08,57250.0,23004.24,69908.9,132837.9
2011-05-01 00:00:00,10847.73,16653.8,18317.29,57280.0,22958.55,69987.28,133100.5
2011-04-01 00:00:00,10849.39,16690.3,18125.05,57240.0,22859.46,69716.44,133045.2
2011-03-01 00:00:00,10882.82,16662.8,18320.0,57270.0,22822.6,70004.99,133054.3
2011-02-01 00:00:00,10845.0,16689.1,17922.27,57580.0,22750.85,69803.57,132763.2
2011-01-01 00:00:00,10853.76,16687.7,18268.17,57420.0,22626.58,69719.82,132800.9
2010-12-01 00:00:00,10848.83,16626.5,17961.27,57340.0,22682.51,69256.41,133026.8
2010-11-01 00:00:00,10815.46,16600.3,18051.87,57190.0,22610.13,69650.59,132750.7
2010-10-01 00:00:00,10785.04,16541.6,17848.5,57320.0,22556.35,69601.38,132835.1
2010-09-01 00:00:00,10768.6,16552.0,18141.07,57450.0,22507.71,69505.93,132986.1
2010-08-01 00:00:00,10735.15,16540.5,17941.25,57380.0,22538.31,69247.85,133009.0
2010-07-01 00:00:00,10695.34,16536.3,17786.25,57310.0,22557.57,69325.16,132780.7
2010-06-01 00:00:00,10678.84,16534.3,17708.22,57080.0,22482.37,69375.82,132768.1
2010-05-01 00:00:00,10630.53,16468.5,17520.52,57160.0,22535.7,68953.3,132864.9
2010-04-01 00:00:00,10631.79,16436.4,17695.97,57170.0,22422.46,68882.2,133014.9
2010-03-01 00:00:00,10620.59,16389.9,17511.23,57360.0,22337.38,68733.25,132568.7
2010-02-01 00:00:00,10613.46,16377.8,17722.4,57260.0,22269.69,68625.12,132397.8
2010-01-01 00:00:00,10630.43,16370.0,17486.15,57350.0,22263.33,68442.44,132379.8
2009-12-01 00:00:00,10580.03,16340.8,17544.93,57260.0,22219.45,68746.95,132050.9
2009-11-01 00:00:00,10560.51,16367.2,17516.52,57220.0,22229.05,68402.59,132524.5
2009-10-01 00:00:00,10525.96,16290.1,17265.66,57300.0,22185.36,68591.49,132339.6
2009-09-01 00:00:00,10509.47,16286.6,17034.27,57430.0,22206.03,68439.83,132679.2
2009-08-01 00:00:00,10482.13,16251.2,17062.33,57470.0,22139.48,68313.66,133332.3
2009-07-01 00:00:00,10487.52,16243.8,17249.46,57270.0,22093.46,,133830.7
2009-06-01 00:00:00,10468.71,16262.5,17240.19,57280.0,22169.27,,133998.0
2009-05-01 00:00:00,10493.69,16292.1,17306.4,57400.0,22034.67,,134160.2
2009-04-01 00:00:00,10519.21,16298.6,17088.55,57590.0,22072.94,,134818.3
2009-03-01 00:00:00,10488.31,16329.8,16975.92,57610.0,22037.07,,134777.8
2009-02-01 00:00:00,10525.86,16374.1,16752.99,57940.0,22089.97,,135622.0
2009-01-01 00:00:00,10509.31,16428.6,16443.37,58250.0,22142.06,,136044.3
2008-12-01 00:00:00,10521.61,16567.2,16476.05,58260.0,22180.36,,137315.6
2008-11-01 00:00:00,10519.91,16579.8,15907.23,58510.0,22244.15,,137855.0
2008-10-01 00:00:00,10540.13,16631.2,15948.21,58420.0,22245.47,,138614.4
2008-09-01 00:00:00,10511.88,16589.0,16437.07,58450.0,22222.18,,138814.3
2008-08-01 00:00:00,10514.33,16592.9,16299.37,58500.0,22272.24,,139068.4
2008-07-01 00:00:00,10468.83,16563.3,16328.19,58480.0,22283.72,,139416.3
2008-06-01 00:00:00,10487.45,16588.3,15956.15,58690.0,22297.19,,139760.4
2008-05-01 00:00:00,10433.1,16572.8,16493.72,58740.0,22277.12,,139873.5
2008-04-01 00:00:00,10450.08,16555.7,16517.9,58740.0,22280.81,,140122.3
2008-03-01 00:00:00,10410.44,16588.5,16518.74,58700.0,22259.88,,140253.5
2008-02-01 00:00:00,10398.56,16582.2,16419.66,58540.0,22217.54,,140178.8
2008-01-01 00:00:00,10359.21,16558.5,16227.3,58690.0,22241.03,,140524.1
2007-12-01 00:00:00,10334.57,16535.2,16145.93,58990.0,22190.25,,140531.2
2007-11-01 00:00:00,10303.62,16515.9,16382.32,58950.0,22207.12,,140796.5
2007-10-01 00:00:00,10268.8,16496.5,16309.04,58700.0,22151.94,,140382.3
2007-09-01 00:00:00,10269.23,16460.7,16128.8,58610.0,22105.67,,140594.7
2007-08-01 00:00:00,10227.6,16465.2,16072.23,58840.0,22078.0,,140274.3
2007-07-01 00:00:00,10193.98,16457.0,16035.12,59040.0,22086.0,,140495.9
2007-06-01 00:00:00,10182.9,16386.4,15985.89,59140.0,22058.98,,140435.4
2007-05-01 00:00:00,10177.95,16348.9,15814.62,59080.0,22033.09,,140219.9
2007-04-01 00:00:00,10142.82,16322.0,16007.67,59100.0,22032.54,,140016.9
2007-03-01 00:00:00,10111.75,16329.0,15665.88,58910.0,22047.04,,140509.6
2007-02-01 00:00:00,10076.08,16305.1,15812.45,58810.0,21980.12,,140370.4
2007-01-01 00:00:00,10054.25,16286.4,15591.46,58560.0,21982.63,,140514.5
2006-12-01 00:00:00,10058.67,16234.2,,58660.0,21923.98,,140362.5
2006-11-01 00:00:00,10013.68,16157.4,,58790.0,21899.87,,139966.4
2006-10-01 00:00:00,9990.443,16156.5,,58810.0,21847.85,,139943.0
2006-09-01 00:00:00,10011.61,16145.3,,58800.0,21841.65,,139486.2
2006-08-01 00:00:00,9966.893,16116.0,,58790.0,21827.06,,139539.3
2006-07-01 00:00:00,9948.22,16127.7,,58790.0,21812.51,,139291.5
2006-06-01 00:00:00,9909.114,16112.6,,58820.0,21803.41,,139113.1
2006-05-01 00:00:00,9872.521,16125.0,,58910.0,21814.35,,138672.9
2006-04-01 00:00:00,9841.37,16058.1,,58750.0,21790.76,,138415.5
2006-03-01 00:00:00,9836.903,16024.7,,58850.0,21771.89,,138343.2
2006-02-01 00:00:00,9788.968,15974.9,,58850.0,21725.75,,138163.3
2006-01-01 00:00:00,9760.726,15952.1,,58660.0,21743.91,,137873.5
2005-12-01 00:00:00,9758.741,15925.5,,58490.0,21634.25,,137667.9
2005-11-01 00:00:00,9747.745,15923.9,,58370.0,21660.37,,137400.0
2005-10-01 00:00:00,9739.792,15891.5,,58750.0,21586.69,,137448.7
2005-09-01 00:00:00,9737.068,15858.0,,58940.0,21541.4,,137268.5
2005-08-01 00:00:00,9747.397,15858.6,,58700.0,21536.02,,137306.0
2005-07-01 00:00:00,9699.397,15811.6,,58740.0,21527.51,,136834.4
2005-06-01 00:00:00,9701.822,15786.8,,58660.0,21511.92,,136465.9
2005-05-01 00:00:00,9658.905,15754.0,,58700.0,21539.52,,136384.3
2005-04-01 00:00:00,9666.982,15764.3,,58520.0,21508.78,,136047.9
2005-03-01 00:00:00,9625.107,15751.5,,58440.0,21543.15,,135741.3
2005-02-01 00:00:00,9593.515,15757.4,,58470.0,21478.44,,135487.1
2005-01-01 00:00:00,9554.604,15749.0,,58670.0,21474.06,,135524.4
2004-12-01 00:00:00,9520.439,15719.9,,58520.0,21550.71,,135370.5
2004-11-01 00:00:00,9507.917,15715.0,,58440.0,21474.73,,135337.2
2004-10-01 00:00:00,9475.817,15702.7,,58540.0,21503.66,,134956.0
2004-09-01 00:00:00,9423.938,15689.9,,58540.0,21521.41,,134688.6
2004-08-01 00:00:00,9370.398,15652.2,,58610.0,21326.95,,134700.2
2004-07-01 00:00:00,9375.503,15648.6,,58420.0,21401.92,,134597.3
2004-06-01 00:00:00,9365.144,15656.9,,58300.0,21436.97,,134171.0
2004-05-01 00:00:00,9367.384,15627.5,,58430.0,21373.12,,134126.1
2004-04-01 00:00:00,9350.501,15598.8,,58600.0,21445.04,,134084.7
2004-03-01 00:00:00,9330.738,15550.0,,58520.0,21475.79,,133641.2
2004-02-01 00:00:00,9305.032,15544.9,,58450.0,21494.83,,133744.3
2004-01-01 00:00:00,9297.853,15537.7,,58520.0,21425.49,,133669.3
2003-12-01 00:00:00,9307.091,15542.4,,58700.0,21258.19,,133695.0
2003-11-01 00:00:00,9276.418,15497.2,,58520.0,21151.21,,133663.4
2003-10-01 00:00:00,9283.583,15450.5,,58390.0,21110.81,,133378.4
2003-09-01 00:00:00,9261.987,15399.6,,58380.0,21057.96,,133020.8
2003-08-01 00:00:00,9248.749,15385.8,,58370.0,21099.22,,133063.3
2003-07-01 00:00:00,9187.053,15382.0,,58440.0,21128.54,,132893.8
2003-06-01 00:00:00,9201.117,15346.3,,58530.0,21049.91,,133117.2
2003-05-01 00:00:00,9215.481,15312.1,,58220.0,21055.37,,132965.5
2003-04-01 00:00:00,9197.431,15316.2,,58200.0,21048.27,,133120.8
2003-03-01 00:00:00,9187.696,15337.4,,58400.0,21065.24,,132876.1
2003-02-01 00:00:00,9249.571,15331.7,,58300.0,21070.45,,132900.1
2003-01-01 00:00:00,9212.173,15280.4,,58300.0,21079.63,,132917.9
2002-12-01 00:00:00,9167.793,15263.8,,58360.0,21167.28,,132351.9
2002-11-01 00:00:00,9138.496,15218.4,,58510.0,21106.74,,132210.5
2002-10-01 00:00:00,9085.495,15177.3,,58540.0,21153.7,,132583.6
2002-09-01 00:00:00,9078.227,15169.0,,58450.0,21187.62,,132762.4
2002-08-01 00:00:00,9075.884,15172.1,,58480.0,21139.82,,132355.4
2002-07-01 00:00:00,9010.081,15093.2,,58530.0,21136.41,,131917.3
2002-06-01 00:00:00,9008.319,15049.8,,58430.0,21119.11,,131952.6
2002-05-01 00:00:00,8976.604,14981.6,,58280.0,21076.58,,132131.7
2002-04-01 00:00:00,8963.829,14931.2,,58560.0,21113.17,,131806.5
2002-03-01 00:00:00,8959.563,14886.4,,58750.0,20978.82,,132098.5
2002-02-01 00:00:00,8968.085,14811.8,,58770.0,20990.28,,132250.7
2002-01-01 00:00:00,8926.029,14794.7,,58810.0,20882.17,,131574.1
2001-12-01 00:00:00,8906.709,14733.8,,58900.0,20803.71,,131990.0
2001-11-01 00:00:00,8926.683,14767.1,,59120.0,20793.54,,131986.8
2001-10-01 00:00:00,8894.949,14752.4,,58960.0,20726.65,,132064.9
2001-09-01 00:00:00,8882.195,14742.8,,58860.0,20715.73,,132464.9
2001-08-01 00:00:00,8902.0,14724.2,,59170.0,20675.16,,131991.0
2001-07-01 00:00:00,8875.584,14727.9,,59280.0,20645.42,,132796.2
2001-06-01 00:00:00,8873.06,14719.4,,59330.0,20612.09,,132649.7
2001-05-01 00:00:00,8871.136,14741.4,,59520.0,20615.72,,132854.6
2001-04-01 00:00:00,8871.755,14720.0,,59490.0,20546.85,,133027.3
2001-03-01 00:00:00,8808.883,14704.0,,59600.0,20224.69,,133474.9
2001-02-01 00:00:00,8814.529,14682.4,,59860.0,20123.69,,133348.8
2001-01-01 00:00:00,8815.303,14698.0,,59760.0,20128.15,,133396.8
2000-12-01 00:00:00,8798.59,14706.2,,59700.0,20309.46,,133444.7
2000-11-01 00:00:00,8764.711,14667.5,,59750.0,20352.33,,133009.8
2000-10-01 00:00:00,8818.459,14637.1,,59750.0,20386.76,,132860.4
2000-09-01 00:00:00,8839.529,14594.6,,59670.0,20308.78,,132680.7
2000-08-01 00:00:00,8847.633,14560.3,,59580.0,20323.83,,132575.0
2000-07-01 00:00:00,8845.892,14545.4,,59600.0,20311.46,,132434.3
2000-06-01 00:00:00,8777.568,14533.9,,59630.0,20171.24,,132896.5
2000-05-01 00:00:00,8736.608,14523.5,,59780.0,20125.25,,132438.4
2000-04-01 00:00:00,8732.402,14511.8,,59680.0,20033.58,,133033.0
2000-03-01 00:00:00,8685.46,14487.3,,59400.0,19987.36,,132402.0
2000-02-01 00:00:00,8648.153,14471.9,,59500.0,19925.94,,132424.1
2000-01-01 00:00:00,8607.647,14439.6,,59590.0,19869.31,,132326.7
1999-12-01 00:00:00,8645.361,14399.9,,59750.0,19926.51,,130564.5
1999-11-01 00:00:00,8612.61,14345.3,,59780.0,19904.69,,130330.3
1999-10-01 00:00:00,8600.013,14305.5,,59710.0,19854.08,,130100.8
1999-09-01 00:00:00,8562.963,14259.1,,59950.0,19798.07,,129741.3
1999-08-01 00:00:00,8556.471,14237.3,,59880.0,19561.84,,129788.2
1999-07-01 00:00:00,8546.829,14209.6,,59570.0,19388.7,,129609.9
1999-06-01 00:00:00,8529.353,14159.6,,59610.0,19401.08,,129510.8
1999-05-01 00:00:00,8492.104,14146.3,,59800.0,,,129484.5
1999-04-01 00:00:00,8492.96,14116.0,,59830.0,,,129016.3
1999-03-01 00:00:00,8491.175,14069.1,,59860.0,,,129148.6
1999-02-01 00:00:00,8468.914,14052.9,,59830.0,,,129041.7
1999-01-01 00:00:00,8456.065,14057.7,,59930.0,,,129166.1
1998-12-01 00:00:00,8453.427,13990.3,,60040.0,,,128758.2
1998-11-01 00:00:00,8436.021,13976.2,,60100.0,,,128403.9
1998-10-01 00:00:00,8456.126,13940.2,,60170.0,,,128193.9
1998-09-01 00:00:00,8438.608,13913.8,,60200.0,,,128228.4
1998-08-01 00:00:00,8401.044,13874.6,,60350.0,,,127894.2
1998-07-01 00:00:00,8372.633,13835.5,,60380.0,,,127636.4
1998-06-01 00:00:00,8373.526,13783.4,,60410.0,,,127625.7
1998-05-01 00:00:00,8365.145,13768.5,,60440.0,,,127587.0
1998-04-01 00:00:00,8349.02,13772.0,,60370.0,,,127434.7
1998-03-01 00:00:00,8321.199,13745.0,,60590.0,,,127209.8
1998-02-01 00:00:00,8322.155,13710.1,,60670.0,,,127113.5
1998-01-01 00:00:00,8304.272,13645.3,,60860.0,,,126859.9
1997-12-01 00:00:00,8289.677,13666.1,,60770.0,,,126863.0
1997-11-01 00:00:00,8304.804,13646.8,,60630.0,,,126821.8
1997-10-01 00:00:00,8255.043,13621.9,,60920.0,,,126460.1
1997-09-01 00:00:00,8255.486,13600.6,,60890.0,,,126330.3
1997-08-01 00:00:00,8204.163,13585.4,,60840.0,,,126354.9
1997-07-01 00:00:00,8215.254,13507.5,,61010.0,,,126121.9
1997-06-01 00:00:00,8211.767,13478.1,,61040.0,,,125657.3
1997-05-01 00:00:00,8213.563,13418.2,,60880.0,,,125579.1
1997-04-01 00:00:00,8209.097,13378.2,,60930.0,,,125236.9
1997-03-01 00:00:00,8216.289,13369.8,,60920.0,,,125199.2
1997-02-01 00:00:00,8217.199,13340.8,,60960.0,,,124555.6
1997-01-01 00:00:00,8212.369,13332.1,,60790.0,,,124414.5
1996-12-01 00:00:00,8204.438,13285.8,,60440.0,,,124195.1
1996-11-01 00:00:00,8179.39,13247.2,,60460.0,,,124109.2
1996-10-01 00:00:00,8185.997,13227.5,,60450.0,,,124139.5
1996-09-01 00:00:00,8171.854,13219.6,,60560.0,,,123820.2
1996-08-01 00:00:00,8186.858,13272.0,,60500.0,,,123457.4
1996-07-01 00:00:00,8182.143,13237.0,,60600.0,,,123218.4
1996-06-01 00:00:00,8179.595,13222.8,,60480.0,,,122895.0
1996-05-01 00:00:00,8180.503,13218.3,,60190.0,,,122601.6
1996-04-01 00:00:00,8173.821,13207.6,,60300.0,,,122285.0
1996-03-01 00:00:00,8154.517,13172.3,,60330.0,,,122151.7
1996-02-01 00:00:00,8178.047,13192.4,,60120.0,,,121901.5
1996-01-01 00:00:00,8174.179,13162.0,,60090.0,,,121502.3
1995-12-01 00:00:00,8170.454,13162.8,,60130.0,,,121549.3
1995-11-01 00:00:00,8169.404,13131.6,,60120.0,,,121629.6
1995-10-01 00:00:00,8100.332,13164.7,,60190.0,,,121634.0
1995-09-01 00:00:00,8108.142,13135.4,,60310.0,,,121392.8
1995-08-01 00:00:00,8127.761,13108.9,,60130.0,,,121288.1
1995-07-01 00:00:00,8082.887,13083.9,,60210.0,,,121295.9
1995-06-01 00:00:00,8080.449,13101.1,,60190.0,,,121032.3
1995-05-01 00:00:00,8050.778,13066.4,,60170.0,,,120919.4
1995-04-01 00:00:00,8040.137,13080.5,,60200.0,,,121168.1
1995-03-01 00:00:00,7985.368,13091.1,,60240.0,,,121141.0
1995-02-01 00:00:00,7985.976,13066.8,,60200.0,,,121112.8
1995-01-01 00:00:00,7935.986,13060.0,,60200.0,,,120763.7
1994-12-01 00:00:00,7920.117,13055.8,,60180.0,,,120918.6
1994-11-01 00:00:00,7878.649,13067.6,,60210.0,,,120687.1
1994-10-01 00:00:00,7870.796,12992.3,,60150.0,,,120404.4
1994-09-01 00:00:00,7872.934,12972.1,,60150.0,,,120007.7
1994-08-01 00:00:00,7824.892,12922.9,,60240.0,,,119699.2
1994-07-01 00:00:00,7837.445,12899.9,,60200.0,,,119253.7
1994-06-01 00:00:00,7761.275,12841.5,,60300.0,,,119092.1
1994-05-01 00:00:00,7747.417,12807.4,,60510.0,,,119230.8
1994-04-01 00:00:00,7703.58,12747.0,,60410.0,,,118643.9
1994-03-01 00:00:00,7701.154,12718.5,,60180.0,,,118376.8
1994-02-01 00:00:00,7686.388,12690.9,,60170.0,,,118416.3
1994-01-01 00:00:00,7659.913,12652.2,,60360.0,,,118087.4
1993-12-01 00:00:00,7637.563,12659.3,,60510.0,,,118127.6
1993-11-01 00:00:00,7633.028,12690.5,,60490.0,,,117771.2
1993-10-01 00:00:00,7621.016,12649.5,,60440.0,,,117360.7
1993-09-01 00:00:00,7570.059,12646.1,,60360.0,,,117190.9
1993-08-01 00:00:00,7553.528,12619.8,,60450.0,,,117321.0
1993-07-01 00:00:00,7534.542,12598.9,,60400.0,,,117094.3
1993-06-01 00:00:00,7528.686,12600.2,,60310.0,,,117004.0
1993-05-01 00:00:00,7523.585,12569.7,,60330.0,,,116767.5
1993-04-01 00:00:00,7523.535,12577.2,,60360.0,,,116251.4
1993-03-01 00:00:00,7538.617,12597.0,,60230.0,,,116225.5
1993-02-01 00:00:00,7497.989,12600.3,,60230.0,,,116033.6
1993-01-01 00:00:00,7560.611,12576.9,,60370.0,,,115734.7
1992-12-01 00:00:00,7505.939,12553.8,,60550.0,,,115748.7
1992-11-01 00:00:00,7482.238,12538.0,,60610.0,,,115462.7
1992-10-01 00:00:00,7541.988,12551.5,,60540.0,,,115315.4
1992-09-01 00:00:00,7534.068,12508.3,,60270.0,,,115392.6
1992-08-01 00:00:00,7564.533,12484.3,,60310.0,,,115453.4
1992-07-01 00:00:00,7548.134,12527.9,,60140.0,,,115501.7
1992-06-01 00:00:00,7527.608,12521.6,,60140.0,,,115208.3
1992-05-01 00:00:00,7514.689,12542.5,,60130.0,,,115039.1
1992-04-01 00:00:00,7526.832,12544.0,,60150.0,,,115019.2
1992-03-01 00:00:00,7528.887,12541.4,,60290.0,,,114662.5
1992-02-01 00:00:00,7546.033,12578.7,,60490.0,,,114480.1
1992-01-01 00:00:00,7525.132,12592.3,,60120.0,,,114598.9
1991-12-01 00:00:00,7515.746,12616.3,,60190.0,,,114321.6
1991-11-01 00:00:00,7506.488,12632.9,,60110.0,,,114426.8
1991-10-01 00:00:00,7518.694,12685.4,,59980.0,,,114491.8
1991-09-01 00:00:00,7542.363,12662.9,,60070.0,,,114618.9
1991-08-01 00:00:00,7534.67,12675.0,,59990.0,,,114202.2
1991-07-01 00:00:00,7532.113,12677.0,,59800.0,,,114421.3
1991-06-01 00:00:00,7567.058,12687.8,,59860.0,,,114497.5
1991-05-01 00:00:00,7589.072,12683.2,,59680.0,,,114169.8
1991-04-01 00:00:00,7596.671,12667.1,,59650.0,,,114628.6
1991-03-01 00:00:00,7600.647,12615.9,,59630.0,,,114337.6
1991-02-01 00:00:00,7655.808,12655.3,,59520.0,,,114421.8
1991-01-01 00:00:00,7641.642,12700.0,,59520.0,,,114559.3
1990-12-01 00:00:00,7711.758,12751.2,,59250.0,,,114991.9
1990-11-01 00:00:00,7714.118,12797.1,,59230.0,,,114904.9
1990-10-01 00:00:00,7722.162,12864.4,,59300.0,,,115284.4
1990-09-01 00:00:00,7742.406,12905.9,,59200.0,,,115276.3
1990-08-01 00:00:00,7769.47,12922.6,,58860.0,,,115380.9
1990-07-01 00:00:00,7807.203,12938.3,,58960.0,,,115513.3
1990-06-01 00:00:00,7795.431,12943.7,,58830.0,,,115669.3
1990-05-01 00:00:00,7793.507,12900.6,,58940.0,,,115714.3
1990-04-01 00:00:00,7769.195,12944.6,,58680.0,,,115403.9
1990-03-01 00:00:00,7768.508,12917.6,,58800.0,,,115591.5
1990-02-01 00:00:00,7750.611,12927.4,,58640.0,,,115481.6
1990-01-01 00:00:00,7750.685,12897.7,,58440.0,,,115447.3
1989-12-01 00:00:00,7739.055,12884.3,,58410.0,,,114615.7
1989-11-01 00:00:00,7752.354,12882.6,,58270.0,,,114778.3
1989-10-01 00:00:00,7687.948,12866.9,,58150.0,,,114435.1
1989-09-01 00:00:00,7690.75,12861.4,,58040.0,,,114267.2
1989-08-01 00:00:00,7680.271,12861.1,,58050.0,,,114349.5
1989-07-01 00:00:00,7642.688,12800.4,,58150.0,,,114043.4
1989-06-01 00:00:00,7612.661,12787.1,,58080.0,,,113949.3
1989-05-01 00:00:00,7608.851,12767.6,,57830.0,,,113644.8
1989-04-01 00:00:00,7566.061,12769.0,,57700.0,,,113521.9
1989-03-01 00:00:00,7536.333,12784.5,,57570.0,,,113603.0
1989-02-01 00:00:00,7511.56,12740.2,,57510.0,,,113378.9
1989-01-01 00:00:00,7460.992,12730.6,,57330.0,,,113303.0
1988-12-01 00:00:00,7429.897,12670.4,,57350.0,,,112950.2
1988-11-01 00:00:00,7395.113,12619.3,,57140.0,,,112755.0
1988-10-01 00:00:00,7360.476,12598.0,,57000.0,,,112520.9
1988-09-01 00:00:00,7358.218,12553.0,,56990.0,,,112239.1
1988-08-01 00:00:00,7316.545,12558.8,,56960.0,,,112089.3
1988-07-01 00:00:00,7291.144,12539.8,,56950.0,,,111858.8
1988-06-01 00:00:00,7272.995,12521.0,,56910.0,,,111667.3
1988-05-01 00:00:00,7246.595,12517.2,,56930.0,,,111152.3
1988-04-01 00:00:00,7256.761,12499.9,,56800.0,,,111326.1
1988-03-01 00:00:00,7225.534,12483.8,,56520.0,,,110921.6
1988-02-01 00:00:00,7185.668,12465.9,,56450.0,,,110998.4
1988-01-01 00:00:00,7198.705,12420.1,,56610.0,,,110823.7
1987-12-01 00:00:00,7148.09,12417.5,,56590.0,,,110688.0
1987-11-01 00:00:00,7058.988,12347.2,,56460.0,,,110436.6
1987-10-01 00:00:00,7068.186,12302.4,,56230.0,,,110231.2
1987-09-01 00:00:00,7045.424,12241.7,,56230.0,,,109859.9
1987-08-01 00:00:00,7060.276,12194.2,,56300.0,,,109907.5
1987-07-01 00:00:00,7084.259,12165.0,,56000.0,,,109540.7
1987-06-01 00:00:00,7038.5,12139.0,,55890.0,,,109183.1
1987-05-01 00:00:00,7004.521,12127.2,,55790.0,,,109426.1
1987-04-01 00:00:00,6990.877,12072.8,,55830.0,,,108825.6
1987-03-01 00:00:00,6978.813,12027.2,,55810.0,,,108422.4
1987-02-01 00:00:00,6965.056,11971.5,,55600.0,,,108276.1
1987-01-01 00:00:00,6940.614,11933.1,,55540.0,,,107927.8
1986-12-01 00:00:00,6951.075,11919.4,,55580.0,,,107805.5
1986-11-01 00:00:00,6924.109,11915.2,,55660.0,,,107567.5
1986-10-01 00:00:00,6930.467,11881.7,,55770.0,,,107463.0
1986-09-01 00:00:00,6911.884,11867.7,,55670.0,,,107186.7
1986-08-01 00:00:00,6890.479,11859.8,,55730.0,,,107117.0
1986-07-01 00:00:00,6904.566,11857.2,,55650.0,,,106858.7
1986-06-01 00:00:00,6920.628,11853.5,,55430.0,,,106701.1
1986-05-01 00:00:00,6882.827,11822.4,,55290.0,,,106165.3
1986-04-01 00:00:00,6880.125,11846.4,,55440.0,,,105937.7
1986-03-01 00:00:00,6815.59,11763.6,,55520.0,,,105965.5
1986-02-01 00:00:00,6805.659,11746.1,,55540.0,,,105550.5
1986-01-01 00:00:00,6788.521,11738.5,,55460.0,,,105778.7
1985-12-01 00:00:00,6747.973,11690.3,,55020.0,,,105343.6
1985-11-01 00:00:00,6770.57,11639.7,,55210.0,,,105176.8
1985-10-01 00:00:00,6671.224,11567.4,,55240.0,,,105002.2
1985-09-01 00:00:00,6680.984,11553.1,,55250.0,,,104851.4
1985-08-01 00:00:00,6649.853,11538.6,,55060.0,,,104405.9
1985-07-01 00:00:00,6611.613,11501.6,,55100.0,,,104144.3
1985-06-01 00:00:00,6579.457,11456.6,,55000.0,,,103848.6
1985-05-01 00:00:00,6565.665,11452.4,,55150.0,,,104105.6
1985-04-01 00:00:00,6533.472,11400.6,,55130.0,,,104078.2
1985-03-01 00:00:00,6518.671,11365.8,,54960.0,,,104069.3
1985-02-01 00:00:00,6543.607,11340.1,,55090.0,,,103711.3
1985-01-01 00:00:00,6486.926,11315.6,,55180.0,,,103453.1
1984-12-01 00:00:00,6473.459,11272.0,,55070.0,,,103372.4
1984-11-01 00:00:00,6469.584,11229.3,,55060.0,,,103098.4
1984-10-01 00:00:00,6454.008,11218.6,,55130.0,,,102800.3
1984-09-01 00:00:00,6447.492,11205.4,,55130.0,,,102690.3
1984-08-01 00:00:00,6427.997,11174.4,,54840.0,,,102400.2
1984-07-01 00:00:00,6439.534,11181.9,,54770.0,,,102578.9
1984-06-01 00:00:00,6419.962,11146.3,,54820.0,,,102689.0
1984-05-01 00:00:00,6401.858,11073.1,,54600.0,,,102272.8
1984-04-01 00:00:00,6375.983,11021.7,,54570.0,,,101551.1
1984-03-01 00:00:00,6366.771,11037.3,,54460.0,,,101116.6
1984-02-01 00:00:00,6310.313,11038.6,,54390.0,,,100883.9
1984-01-01 00:00:00,6303.236,11004.1,,54280.0,,,100263.5
1983-12-01 00:00:00,6300.658,11029.6,,54470.0,,,100045.8
1983-11-01 00:00:00,6277.943,11011.0,,54540.0,,,99723.69
1983-10-01 00:00:00,6241.479,11002.9,,54530.0,,,99091.51
1983-09-01 00:00:00,6226.793,11013.0,,54500.0,,,99078.73
1983-08-01 00:00:00,6211.743,10957.1,,54500.0,,,98669.48
1983-07-01 00:00:00,6210.091,10903.0,,54480.0,,,98244.47
1983-06-01 00:00:00,6190.251,10851.3,,54470.0,,,97675.97
1983-05-01 00:00:00,6189.297,10782.1,,54430.0,,,96766.66
1983-04-01 00:00:00,6155.38,10757.2,,54210.0,,,96730.23
1983-03-01 00:00:00,6179.047,10715.7,,54270.0,,,96403.69
1983-02-01 00:00:00,6207.181,10660.0,,54280.0,,,96253.58
1983-01-01 00:00:00,6214.482,10644.9,,54270.0,,,96332.33
1982-12-01 00:00:00,6208.465,10621.6,,54210.0,,,96201.2
1982-11-01 00:00:00,6266.663,10608.7,,53810.0,,,96220.66
1982-10-01 00:00:00,6316.818,10622.7,,53680.0,,,96335.32
1982-09-01 00:00:00,6312.177,10634.8,,53500.0,,,96621.66
1982-08-01 00:00:00,6336.468,10646.7,,53460.0,,,96732.05
1982-07-01 00:00:00,6339.032,10702.6,,53330.0,,,96529.87
1982-06-01 00:00:00,6342.024,10765.0,,53340.0,,,96536.73
1982-05-01 00:00:00,6358.7,10853.1,,53540.0,,,96914.32
1982-04-01 00:00:00,6378.051,10896.3,,53480.0,,,96605.09
1982-03-01 00:00:00,6368.209,10972.2,,53580.0,,,96734.54
1982-02-01 00:00:00,6366.508,10998.1,,53430.0,,,96858.94
1982-01-01 00:00:00,6388.762,11036.4,,53230.0,,,96862.91
1981-12-01 00:00:00,6346.881,11063.8,,53250.0,,,96854.12
1981-11-01 00:00:00,6340.109,11125.7,,53250.0,,,97306.14
1981-10-01 00:00:00,6348.785,11130.6,,53000.0,,,97430.49
1981-09-01 00:00:00,6368.004,11156.1,,52990.0,,,97241.14
1981-08-01 00:00:00,6346.226,11212.1,,53100.0,,,97654.63
1981-07-01 00:00:00,6331.418,11193.3,,53000.0,,,97647.98
1981-06-01 00:00:00,6336.679,11215.4,,52890.0,,,97358.96
1981-05-01 00:00:00,6320.018,11179.2,,52840.0,,,97846.34
1981-04-01 00:00:00,6314.371,11133.8,,53020.0,,,97865.59
1981-03-01 00:00:00,6285.565,11100.9,,52910.0,,,97418.2
1981-02-01 00:00:00,6282.204,11107.7,,52770.0,,,97152.46
1981-01-01 00:00:00,6270.857,11027.2,,52870.0,,,97046.02
1980-12-01 00:00:00,6259.802,10968.7,,52780.0,,,96724.68
1980-11-01 00:00:00,6243.579,10954.5,,52750.0,,,96603.86
1980-10-01 00:00:00,6215.847,10916.2,,52820.0,,,96458.84
1980-09-01 00:00:00,6224.703,10877.8,,52960.0,,,96375.5
1980-08-01 00:00:00,6222.916,10820.2,,52810.0,,,95989.85
1980-07-01 00:00:00,6216.017,10778.8,,52780.0,,,96018.24
1980-06-01 00:00:00,6187.748,10775.9,,52710.0,,,95977.76
1980-05-01 00:00:00,6182.46,10728.6,,52410.0,,,96025.02
1980-04-01 00:00:00,6157.542,10759.5,,52420.0,,,96298.48
1980-03-01 00:00:00,6146.882,10726.8,,52330.0,,,96576.38
1980-02-01 00:00:00,6132.342,10719.3,,52320.0,,,96767.0
1980-01-01 00:00:00,6116.224,10714.5,,52310.0,,,96724.54
1979-12-01 00:00:00,6094.241,10683.0,,52260.0,,,96883.41
1979-11-01 00:00:00,6096.154,10670.8,,52350.0,,,96467.27
1979-10-01 00:00:00,6064.505,10633.3,,52420.0,,,96422.98
1979-09-01 00:00:00,6030.904,10588.3,,52130.0,,,96420.68
1979-08-01 00:00:00,6026.772,10584.3,,52240.0,,,95818.23
1979-07-01 00:00:00,6013.6,10540.9,,52210.0,,,95986.18
1979-06-01 00:00:00,6016.6,10480.7,,52150.0,,,95649.37
1979-05-01 00:00:00,5989.746,10446.9,,52140.0,,,95309.48
1979-04-01 00:00:00,5979.596,10390.2,,51900.0,,,95203.8
1979-03-01 00:00:00,5974.61,10369.7,,51790.0,,,95415.73
1979-02-01 00:00:00,5980.034,10322.2,,51940.0,,,95181.75
1979-01-01 00:00:00,5965.907,10322.0,,51980.0,,,94911.67
1978-12-01 00:00:00,5964.854,10264.0,,51740.0,,,94604.52
1978-11-01 00:00:00,5943.797,10226.5,,51700.0,,,94462.4
1978-10-01 00:00:00,5949.799,10202.9,,51640.0,,,94274.96
1978-09-01 00:00:00,5947.283,10145.7,,51460.0,,,93829.28
1978-08-01 00:00:00,5947.227,10120.5,,51400.0,,,93530.94
1978-07-01 00:00:00,5943.028,10097.3,,51420.0,,,93082.7
1978-06-01 00:00:00,5946.095,10041.9,,51700.0,,,93257.75
1978-05-01 00:00:00,5943.0,9988.1,,51680.0,,,92696.9
1978-04-01 00:00:00,5932.829,9968.0,,51350.0,,,92442.63
1978-03-01 00:00:00,5905.456,9938.8,,51310.0,,,91933.29
1978-02-01 00:00:00,5899.341,9907.2,,51270.0,,,91621.03
1978-01-01 00:00:00,,9863.7,,51070.0,,,91422.96
1977-12-01 00:00:00,,9846.4,,51300.0,,,91202.48
1977-11-01 00:00:00,,9818.3,,51180.0,,,90761.37
1977-10-01 00:00:00,,9801.4,,50960.0,,,90255.67
1977-09-01 00:00:00,,9780.7,,51070.0,,,89940.55
1977-08-01 00:00:00,,9761.0,,50930.0,,,89651.02
1977-07-01 00:00:00,,9737.1,,50980.0,,,89275.05
1977-06-01 00:00:00,,9737.0,,50770.0,,,89225.42
1977-05-01 00:00:00,,9753.4,,50760.0,,,88822.58
1977-04-01 00:00:00,,9737.8,,50950.0,,,88475.06
1977-03-01 00:00:00,,9711.1,,50700.0,,,88035.91
1977-02-01 00:00:00,,9715.2,,50600.0,,,87608.56
1977-01-01 00:00:00,,9716.1,,50680.0,,,87323.9
1976-12-01 00:00:00,,9704.7,,50630.0,,,87129.2
1976-11-01 00:00:00,,9663.1,,50370.0,,,86902.77
1976-10-01 00:00:00,,9612.2,,50350.0,,,86654.96
1976-09-01 00:00:00,,9632.9,,50510.0,,,86423.43
1976-08-01 00:00:00,,9607.6,,50460.0,,,86450.16
1976-07-01 00:00:00,,9584.4,,50280.0,,,86315.08
1976-06-01 00:00:00,,9577.3,,49980.0,,,85903.95
1976-05-01 00:00:00,,9567.9,,49920.0,,,85858.95
1976-04-01 00:00:00,,9572.6,,50090.0,,,85614.23
1976-03-01 00:00:00,,9533.2,,50270.0,,,85114.01
1976-02-01 00:00:00,,9492.2,,50170.0,,,84807.8
1976-01-01 00:00:00,,9465.6,,50140.0,,,84600.04
1975-12-01 00:00:00,,,,50140.0,,,84038.13
1975-11-01 00:00:00,,,,49920.0,,,83689.75
1975-10-01 00:00:00,,,,49870.0,,,83702.21
1975-09-01 00:00:00,,,,49940.0,,,83498.09
1975-08-01 00:00:00,,,,49980.0,,,83438.09
1975-07-01 00:00:00,,,,49950.0,,,83080.41
1975-06-01 00:00:00,,,,49910.0,,,82740.52
1975-05-01 00:00:00,,,,49900.0,,,82628.37
1975-04-01 00:00:00,,,,49490.0,,,82441.15
1975-03-01 00:00:00,,,,49560.0,,,82519.36
1975-02-01 00:00:00,,,,49520.0,,,82538.01
1975-01-01 00:00:00,,,,49470.0,,,82896.88
1974-12-01 00:00:00,,,,49600.0,,,83324.03
1974-11-01 00:00:00,,,,49820.0,,,83656.53
1974-10-01 00:00:00,,,,49840.0,,,84022.49
1974-09-01 00:00:00,,,,49890.0,,,84081.06
1974-08-01 00:00:00,,,,49810.0,,,84056.29
1974-07-01 00:00:00,,,,49650.0,,,84157.95
1974-06-01 00:00:00,,,,50050.0,,,84074.23
1974-05-01 00:00:00,,,,50200.0,,,83997.36
1974-04-01 00:00:00,,,,50290.0,,,83857.9
1974-03-01 00:00:00,,,,50180.0,,,83946.48
1974-02-01 00:00:00,,,,50160.0,,,83827.67
1974-01-01 00:00:00,,,,49960.0,,,83707.72
1973-12-01 00:00:00,,,,49980.0,,,83509.37
1973-11-01 00:00:00,,,,50530.0,,,83365.22
1973-10-01 00:00:00,,,,50670.0,,,83198.91
1973-09-01 00:00:00,,,,50180.0,,,82715.96
1973-08-01 00:00:00,,,,50000.0,,,82288.34
1973-07-01 00:00:00,,,,50180.0,,,82319.17
1973-06-01 00:00:00,,,,50150.0,,,82227.92
1973-05-01 00:00:00,,,,49740.0,,,81724.58
1973-04-01 00:00:00,,,,49890.0,,,81600.33
1973-03-01 00:00:00,,,,50020.0,,,81445.24
1973-02-01 00:00:00,,,,50390.0,,,81040.95
1973-01-01 00:00:00,,,,50330.0,,,80445.36
1972-12-01 00:00:00,,,,49980.0,,,80483.16
1972-11-01 00:00:00,,,,49510.0,,,80060.84
1972-10-01 00:00:00,,,,49580.0,,,79698.42
1972-09-01 00:00:00,,,,49360.0,,,79568.38
1972-08-01 00:00:00,,,,49440.0,,,79529.28
1972-07-01 00:00:00,,,,49270.0,,,79110.22
1972-06-01 00:00:00,,,,48720.0,,,79015.05
1972-05-01 00:00:00,,,,48850.0,,,78832.02
1972-04-01 00:00:00,,,,48680.0,,,78542.87
1972-03-01 00:00:00,,,,48620.0,,,78499.29
1972-02-01 00:00:00,,,,48850.0,,,78135.27
1972-01-01 00:00:00,,,,49040.0,,,78031.93
1971-12-01 00:00:00,,,,48980.0,,,77501.67
1971-11-01 00:00:00,,,,49030.0,,,77288.55
1971-10-01 00:00:00,,,,48780.0,,,76927.07
1971-09-01 00:00:00,,,,48780.0,,,76656.88
1971-08-01 00:00:00,,,,48970.0,,,76452.12
1971-07-01 00:00:00,,,,48970.0,,,76180.05
1971-06-01 00:00:00,,,,49000.0,,,75712.3
1971-05-01 00:00:00,,,,48980.0,,,75978.48
1971-04-01 00:00:00,,,,49110.0,,,75855.95
1971-03-01 00:00:00,,,,49310.0,,,75647.8
1971-02-01 00:00:00,,,,48860.0,,,75820.62
1971-01-01 00:00:00,,,,48890.0,,,75860.29
1970-12-01 00:00:00,,,,48830.0,,,75573.05
1970-11-01 00:00:00,,,,48590.0,,,75575.26
1970-10-01 00:00:00,,,,48650.0,,,75547.45
1970-09-01 00:00:00,,,,48880.0,,,75403.07
1970-08-01 00:00:00,,,,48680.0,,,75517.77
1970-07-01 00:00:00,,,,48790.0,,,75624.53
1970-06-01 00:00:00,,,,48760.0,,,75359.1
1970-05-01 00:00:00,,,,48680.0,,,75387.05
1970-04-01 00:00:00,,,,48660.0,,,75642.68
1970-03-01 00:00:00,,,,48560.0,,,75709.18
1970-02-01 00:00:00,,,,48380.0,,,75591.06
1970-01-01 00:00:00,,,,48210.0,,,75717.3
1969-12-01 00:00:00,,,,48280.0,,,
1969-11-01 00:00:00,,,,48250.0,,,
1969-10-01 00:00:00,,,,48330.0,,,
1969-09-01 00:00:00,,,,48470.0,,,
1969-08-01 00:00:00,,,,48240.0,,,
1969-07-01 00:00:00,,,,48110.0,,,
1969-06-01 00:00:00,,,,48150.0,,,
1969-05-01 00:00:00,,,,48120.0,,,
1969-04-01 00:00:00,,,,47950.0,,,
1969-03-01 00:00:00,,,,47800.0,,,
1969-02-01 00:00:00,,,,47750.0,,,
1969-01-01 00:00:00,,,,47640.0,,,
1968-12-01 00:00:00,,,,47780.0,,,
1968-11-01 00:00:00,,,,48120.0,,,
1968-10-01 00:00:00,,,,48060.0,,,
1968-09-01 00:00:00,,,,47880.0,,,
1968-08-01 00:00:00,,,,48080.0,,,
1968-07-01 00:00:00,,,,47900.0,,,
1968-06-01 00:00:00,,,,47940.0,,,
1968-05-01 00:00:00,,,,47860.0,,,
1968-04-01 00:00:00,,,,47610.0,,,
1968-03-01 00:00:00,,,,47190.0,,,
1968-02-01 00:00:00,,,,47060.0,,,
1968-01-01 00:00:00,,,,47220.0,,,
