date,EA,IN,IT,JP,MX,KR,TR,US
2025-10-01 00:00:00+00:00,123.32,,118.2,,,113.79,2724.0,
2025-09-01 00:00:00+00:00,123.0,,118.2,110.8,,113.36,2660.0,330.5
2025-08-01 00:00:00+00:00,122.82,,116.0,110.9,,112.84,2577.0,329.8
2025-07-01 00:00:00+00:00,122.46,,116.2,110.5,,113.47,2534.0,328.7
2025-06-01 00:00:00+00:00,122.66,,118.2,110.3,,113.17,2490.9,327.6
2025-05-01 00:00:00+00:00,122.19,,117.7,110.0,,113.1,2443.6,326.9
2025-04-01 00:00:00+00:00,122.22,191.2,117.6,109.7,,112.93,2385.6,326.4
2025-03-01 00:00:00+00:00,120.99,189.91,115.9,109.2,,112.52,2308.5,325.7
2025-02-01 00:00:00+00:00,119.83,189.61,113.3,108.7,,112.29,2275.2,325.5
2025-01-01 00:00:00+00:00,119.18,188.33,113.5,108.5,,112.14,2234.9,324.7
2024-12-01 00:00:00+00:00,120.32,187.76,115.8,108.4,,111.59,2116.7,323.3
2024-11-01 00:00:00+00:00,119.78,187.84,115.6,108.4,,111.44,2094.6,322.6
2024-10-01 00:00:00+00:00,120.47,187.48,116.0,108.1,,111.39,2062.9,321.7
2024-09-01 00:00:00+00:00,120.17,186.42,115.8,107.5,,111.18,2006.9,320.8
2024-08-01 00:00:00+00:00,120.09,185.95,113.7,107.4,,111.4,1937.7,319.8
2024-07-01 00:00:00+00:00,119.7,185.47,113.9,106.9,134.75,111.27,1881.4,318.9
2024-06-01 00:00:00+00:00,119.89,184.26,115.9,106.6,134.33,110.95,1836.3,318.3
2024-05-01 00:00:00+00:00,119.47,184.04,115.5,106.6,134.04,110.91,1805.2,318.1
2024-04-01 00:00:00+00:00,118.95,183.44,115.1,106.5,133.8,110.66,1739.7,317.6
2024-03-01 00:00:00+00:00,118.12,182.5,113.8,106.2,133.52,110.42,1679.9,316.8
2024-02-01 00:00:00+00:00,116.83,182.17,111.6,105.9,132.95,110.34,1622.7,315.6
2024-01-01 00:00:00+00:00,116.05,181.71,111.5,105.8,132.29,110.01,1566.8,314.4
2023-12-01 00:00:00+00:00,117.14,181.16,113.8,105.9,131.76,109.6,1456.4,313.2
2023-11-01 00:00:00+00:00,116.61,181.12,113.3,105.9,131.18,109.4,1423.6,312.4
2023-10-01 00:00:00+00:00,117.31,180.67,113.8,105.8,130.84,109.4,1396.2,311.4
2023-09-01 00:00:00+00:00,117.05,180.04,113.7,105.4,130.33,109.02,1346.1,310.6
2023-08-01 00:00:00+00:00,116.78,180.05,111.1,105.2,129.86,109.16,1278.5,309.6
2023-07-01 00:00:00+00:00,116.38,179.33,111.2,104.9,129.51,108.91,1174.2,309.0
2023-06-01 00:00:00+00:00,116.55,178.69,113.5,104.4,129.01,108.61,1071.3,308.3
2023-05-01 00:00:00+00:00,116.14,178.56,113.0,104.3,128.62,108.51,1031.6,307.6
2023-04-01 00:00:00+00:00,115.87,177.77,112.6,104.0,128.21,108.12,989.6,306.5
2023-03-01 00:00:00+00:00,114.74,176.71,111.3,103.2,127.71,107.81,958.8,305.1
2023-02-01 00:00:00+00:00,113.32,176.23,108.8,102.6,127.05,107.6,938.6,304.1
2023-01-01 00:00:00+00:00,112.38,175.51,108.5,102.2,126.28,107.29,919.0,302.7
2022-12-01 00:00:00+00:00,113.26,174.6,110.5,102.1,125.38,106.65,853.5,301.4
2022-11-01 00:00:00+00:00,112.6,174.06,109.7,102.0,124.57,106.35,838.0,300.3
2022-10-01 00:00:00+00:00,112.6,173.34,109.6,101.7,124.01,106.1,822.5,299.4
2022-09-01 00:00:00+00:00,111.98,172.27,109.2,101.1,123.24,105.7,796.8,298.3
2022-08-01 00:00:00+00:00,110.92,171.71,106.8,100.9,122.42,105.84,775.6,296.6
2022-07-01 00:00:00+00:00,110.33,170.95,106.2,100.6,121.45,105.52,752.2,295.1
2022-06-01 00:00:00+00:00,110.5,169.88,108.2,100.1,120.7,105.09,727.1,294.0
2022-05-01 00:00:00+00:00,110.25,169.73,107.5,100.1,119.77,104.57,703.6,292.0
2022-04-01 00:00:00+00:00,109.73,169.12,106.9,99.9,119.07,104.05,680.2,290.5
2022-03-01 00:00:00+00:00,108.59,167.09,105.7,99.5,118.16,103.68,650.6,289.0
2022-02-01 00:00:00+00:00,107.3,166.06,103.1,99.2,117.32,103.59,623.3,288.3
2022-01-01 00:00:00+00:00,106.73,165.24,103.1,99.0,116.43,103.17,600.8,286.8
2021-12-01 00:00:00+00:00,107.68,164.56,105.4,99.1,115.72,102.51,561.8,285.2
2021-11-01 00:00:00+00:00,107.26,164.2,104.8,99.2,114.8,102.06,496.1,283.4
2021-10-01 00:00:00+00:00,107.22,163.55,104.8,99.2,114.38,101.83,482.5,281.6
2021-09-01 00:00:00+00:00,106.9,162.51,104.6,99.3,113.82,101.58,474.1,279.7
2021-08-01 00:00:00+00:00,106.35,162.15,102.6,99.3,113.3,101.7,467.0,279.0
2021-07-01 00:00:00+00:00,106.06,161.31,102.7,99.4,112.82,101.45,465.2,278.6
2021-06-01 00:00:00+00:00,106.53,160.26,104.6,99.2,112.28,101.14,462.4,277.6
2021-05-01 00:00:00+00:00,106.26,160.25,104.4,99.3,111.64,101.12,450.9,275.5
2021-04-01 00:00:00+00:00,106.04,157.92,104.6,99.1,111.06,101.01,446.4,273.6
2021-03-01 00:00:00+00:00,105.47,157.08,103.8,100.2,110.65,100.82,438.5,271.5
2021-02-01 00:00:00+00:00,104.46,156.92,101.4,100.1,110.06,100.7,432.7,270.8
2021-01-01 00:00:00+00:00,104.36,155.92,101.8,100.2,109.63,100.56,430.8,270.4
2020-12-01 00:00:00+00:00,104.93,155.07,103.8,99.9,109.24,100.26,426.0,270.3
2020-11-01 00:00:00+00:00,104.53,154.67,103.5,99.9,108.64,100.16,421.8,270.0
2020-10-01 00:00:00+00:00,105.07,154.43,103.6,99.9,108.73,99.5,413.0,269.3
2020-09-01 00:00:00+00:00,104.93,153.48,103.2,99.8,108.47,100.16,405.2,268.9
2020-08-01 00:00:00+00:00,104.71,153.21,101.8,99.8,108.13,100.36,400.0,268.4
2020-07-01 00:00:00+00:00,105.31,152.47,103.6,100.0,107.79,100.17,396.9,267.4
2020-06-01 00:00:00+00:00,105.59,151.1,104.3,100.0,107.37,100.02,393.6,265.8
2020-05-01 00:00:00+00:00,105.26,150.37,104.2,100.2,106.97,99.93,385.4,265.4
2020-04-01 00:00:00+00:00,105.26,149.93,104.3,100.1,106.65,99.79,379.1,265.7
2020-03-01 00:00:00+00:00,104.49,148.27,103.1,100.2,106.27,99.75,375.1,267.1
2020-02-01 00:00:00+00:00,103.31,148.02,99.9,100.1,105.96,100.07,372.3,267.4
2020-01-01 00:00:00+00:00,102.91,147.81,100.5,100.2,105.58,99.84,373.0,266.7
2019-12-01 00:00:00+00:00,104.69,146.91,103.4,100.3,105.23,99.62,372.6,266.0
2019-11-01 00:00:00+00:00,104.27,146.31,103.2,100.3,104.8,99.53,372.4,265.5
2019-10-01 00:00:00+00:00,104.83,145.83,103.7,100.2,104.57,99.76,370.5,265.0
2019-09-01 00:00:00+00:00,104.71,145.59,103.7,99.9,104.32,99.53,364.0,264.4
2019-08-01 00:00:00+00:00,104.32,145.07,101.5,99.9,104.0,99.97,360.2,263.9
2019-07-01 00:00:00+00:00,104.08,144.42,101.5,99.6,103.79,99.84,360.0,263.3
2019-06-01 00:00:00+00:00,104.72,143.34,103.8,99.6,103.53,99.64,352.6,262.7
2019-05-01 00:00:00+00:00,104.32,143.31,103.6,99.8,103.21,99.71,349.4,262.2
2019-04-01 00:00:00+00:00,104.37,143.12,103.7,99.8,103.04,99.69,344.8,262.0
2019-03-01 00:00:00+00:00,103.42,142.73,102.5,99.5,102.58,99.54,339.5,261.6
2019-02-01 00:00:00+00:00,102.07,142.44,99.4,99.4,102.22,99.69,338.6,261.2
2019-01-01 00:00:00+00:00,101.8,141.75,100.0,99.3,101.79,99.22,339.5,260.8
2018-12-01 00:00:00+00:00,103.35,141.57,102.8,99.4,101.58,99.0,339.3,260.1
2018-11-01 00:00:00+00:00,102.92,141.24,102.5,99.5,101.11,99.01,340.9,259.4
2018-10-01 00:00:00+00:00,103.72,141.07,103.0,99.5,100.86,99.14,347.4,258.9
2018-09-01 00:00:00+00:00,103.66,139.7,103.2,99.3,100.54,99.06,338.5,258.4
2018-08-01 00:00:00+00:00,103.34,139.07,100.9,99.4,100.22,99.14,317.1,257.9
2018-07-01 00:00:00+00:00,103.18,138.26,101.1,99.1,99.97,98.97,309.8,257.7
2018-06-01 00:00:00+00:00,103.56,137.69,103.4,99.1,99.69,98.96,307.0,257.4
2018-05-01 00:00:00+00:00,103.51,137.64,103.1,99.3,99.46,99.14,301.5,257.1
2018-04-01 00:00:00+00:00,103.04,136.8,103.0,99.2,99.2,99.0,296.5,256.6
2018-03-01 00:00:00+00:00,102.63,135.82,102.2,99.0,99.06,98.81,288.9,256.3
2018-02-01 00:00:00+00:00,101.07,135.19,99.0,99.0,98.73,98.61,286.6,255.7
2018-01-01 00:00:00+00:00,100.67,134.71,99.4,98.9,98.25,98.19,285.2,255.2
2017-12-01 00:00:00+00:00,102.4,134.09,102.3,99.2,97.97,97.96,283.9,254.3
2017-11-01 00:00:00+00:00,101.97,133.57,101.8,99.2,97.57,97.81,282.4,253.8
2017-10-01 00:00:00+00:00,102.51,132.79,102.3,99.2,97.23,98.14,279.4,253.5
2017-09-01 00:00:00+00:00,102.68,132.12,102.7,99.0,96.99,97.96,272.9,252.8
2017-08-01 00:00:00+00:00,102.28,131.17,100.3,99.0,96.71,98.13,270.5,252.5
2017-07-01 00:00:00+00:00,102.02,130.24,100.2,98.8,96.47,97.98,269.2,252.0
2017-06-01 00:00:00+00:00,102.57,129.36,102.7,98.9,96.21,97.73,267.9,251.7
2017-05-01 00:00:00+00:00,102.25,129.46,102.5,99.0,95.92,97.79,267.7,251.4
2017-04-01 00:00:00+00:00,102.29,128.96,102.8,98.9,95.65,97.6,264.1,251.2
2017-03-01 00:00:00+00:00,101.5,129.03,101.5,98.6,95.23,97.5,259.2,250.9
2017-02-01 00:00:00+00:00,100.07,128.66,98.5,98.5,94.68,97.48,256.0,251.0
2017-01-01 00:00:00+00:00,99.7,128.09,98.7,98.5,93.97,97.23,254.3,250.5
2016-12-01 00:00:00+00:00,101.47,127.46,101.8,98.8,93.43,96.63,252.8,249.92
2016-11-01 00:00:00+00:00,101.04,127.35,101.4,98.9,93.01,96.51,251.9,249.48
2016-10-01 00:00:00+00:00,101.62,127.0,101.8,99.0,92.8,96.6,249.84,249.14
2016-09-01 00:00:00+00:00,101.51,126.36,101.6,98.8,92.54,96.64,245.89,248.84
2016-08-01 00:00:00+00:00,101.04,125.59,99.1,98.8,92.11,96.71,245.55,248.42
2016-07-01 00:00:00+00:00,100.8,125.14,99.3,98.7,91.93,96.53,245.61,247.83
2016-06-01 00:00:00+00:00,101.37,124.59,101.7,98.9,91.77,96.32,245.3,247.54
2016-05-01 00:00:00+00:00,101.32,124.22,101.6,98.9,91.54,96.3,244.71,247.14
2016-04-01 00:00:00+00:00,101.02,123.66,101.5,98.9,91.35,96.07,241.42,246.55
2016-03-01 00:00:00+00:00,100.8,122.84,100.9,98.6,91.14,95.9,236.83,245.91
2016-02-01 00:00:00+00:00,99.24,122.64,97.8,98.4,90.82,95.78,235.86,245.51
2016-01-01 00:00:00+00:00,98.84,121.97,98.2,98.3,90.5,95.56,235.99,244.96
2015-12-01 00:00:00+00:00,100.61,121.55,101.1,98.7,90.32,95.11,235.21,244.55
2015-11-01 00:00:00+00:00,100.25,121.41,101.0,98.7,90.04,94.9,235.48,244.24
2015-10-01 00:00:00+00:00,100.87,121.05,101.6,98.7,90.01,94.85,233.4,243.77
2015-09-01 00:00:00+00:00,100.71,120.5,101.2,98.6,89.79,94.75,228.34,243.32
2015-08-01 00:00:00+00:00,100.24,120.07,98.7,98.4,89.46,94.97,226.5,242.82
2015-07-01 00:00:00+00:00,99.93,119.65,98.8,98.2,89.28,94.78,225.96,242.57
2015-06-01 00:00:00+00:00,100.57,119.29,101.2,98.2,89.12,94.35,225.72,242.06
2015-05-01 00:00:00+00:00,100.52,,101.0,98.2,88.94,94.38,224.97,241.69
2015-04-01 00:00:00+00:00,100.3,117.79,100.9,98.1,88.83,94.19,220.65,241.35
2015-03-01 00:00:00+00:00,99.77,117.37,100.1,97.7,88.7,94.14,216.27,240.76
2015-02-01 00:00:00+00:00,98.38,116.69,97.3,97.4,88.46,94.0,214.96,240.17
2015-01-01 00:00:00+00:00,97.87,116.44,97.3,97.4,88.16,93.88,215.26,239.81
2014-12-01 00:00:00+00:00,99.7,115.86,100.6,97.6,88.19,92.66,214.79,239.58
2014-11-01 00:00:00+00:00,99.35,115.92,100.3,97.6,87.99,92.54,215.61,239.46
2014-10-01 00:00:00+00:00,99.42,115.74,100.6,97.7,87.85,92.56,214.29,239.19
2014-09-01 00:00:00+00:00,99.42,,100.3,97.5,87.7,92.51,210.97,238.79
2014-08-01 00:00:00+00:00,98.87,,97.7,97.5,87.44,92.59,210.38,238.4
2014-07-01 00:00:00+00:00,98.55,,97.8,97.4,87.26,92.46,210.56,238.2
2014-06-01 00:00:00+00:00,99.38,,100.5,97.4,87.1,92.29,209.95,237.84
2014-05-01 00:00:00+00:00,99.25,,100.4,97.4,86.91,92.32,209.31,237.53
2014-04-01 00:00:00+00:00,99.38,,100.6,97.3,86.83,92.1,206.21,237.07
2014-03-01 00:00:00+00:00,99.13,,99.6,95.3,86.58,91.97,201.93,236.62
2014-02-01 00:00:00+00:00,97.71,,96.4,95.0,86.39,91.79,199.54,236.18
2014-01-01 00:00:00+00:00,97.25,,96.8,94.9,86.15,91.64,198.15,235.96
2013-12-01 00:00:00+00:00,98.96,,99.9,95.2,85.42,91.38,197.54,235.76
2013-11-01 00:00:00+00:00,98.69,,99.7,95.2,85.14,91.32,197.76,235.36
2013-10-01 00:00:00+00:00,98.72,,100.1,95.2,85.03,91.09,196.53,234.92
2013-09-01 00:00:00+00:00,98.67,,99.8,94.9,84.86,90.99,193.1,234.7
2013-08-01 00:00:00+00:00,97.95,,97.3,94.9,84.59,90.71,191.82,234.34
2013-07-01 00:00:00+00:00,97.78,,97.3,94.8,84.51,90.75,191.86,233.88
2013-06-01 00:00:00+00:00,98.63,,99.8,94.8,84.49,90.74,191.47,233.35
2013-05-01 00:00:00+00:00,98.58,,99.6,94.8,84.38,90.68,190.68,233.0
2013-04-01 00:00:00+00:00,98.39,,99.5,94.8,84.21,90.34,187.91,232.83
2013-03-01 00:00:00+00:00,98.42,,98.8,94.5,84.14,90.4,184.72,232.79
2013-02-01 00:00:00+00:00,96.76,,95.6,94.2,83.89,90.53,184.02,232.57
2013-01-01 00:00:00+00:00,96.46,,95.9,94.2,83.47,90.3,184.17,232.23
2012-12-01 00:00:00+00:00,98.26,,99.0,94.5,83.11,89.94,184.48,231.73
2012-11-01 00:00:00+00:00,97.76,,98.6,94.7,83.01,89.8,184.44,231.33
2012-10-01 00:00:00+00:00,97.9,,98.9,94.9,82.97,89.66,182.84,231.02
2012-09-01 00:00:00+00:00,97.67,,98.6,94.9,82.78,89.62,180.54,230.66
2012-08-01 00:00:00+00:00,96.89,,96.1,94.9,82.64,89.54,180.33,230.23
2012-07-01 00:00:00+00:00,96.73,,96.4,94.9,82.45,89.39,180.84,229.97
2012-06-01 00:00:00+00:00,97.49,,98.5,95.0,82.19,89.38,181.36,229.62
2012-05-01 00:00:00+00:00,97.43,,98.3,95.2,82.02,89.29,180.63,229.22
2012-04-01 00:00:00+00:00,97.44,,98.3,95.3,81.8,89.02,178.22,228.9
2012-03-01 00:00:00+00:00,96.98,,97.4,95.2,81.68,89.05,174.59,228.48
2012-02-01 00:00:00+00:00,95.53,,94.3,94.9,81.48,89.31,173.9,228.03
2012-01-01 00:00:00+00:00,95.19,,94.3,94.8,81.13,88.97,174.21,227.88
2011-12-01 00:00:00+00:00,96.82,,97.4,95.0,80.77,88.76,174.35,227.4
2011-11-01 00:00:00+00:00,96.39,,97.2,95.1,80.36,88.59,174.45,226.9
2011-10-01 00:00:00+00:00,96.49,,97.5,95.4,80.11,88.42,172.31,226.51
2011-09-01 00:00:00+00:00,96.23,,96.8,95.4,79.9,88.42,169.24,226.12
2011-08-01 00:00:00+00:00,95.43,,94.3,95.3,79.69,88.5,168.27,225.86
2011-07-01 00:00:00+00:00,95.11,,93.9,95.3,79.59,88.33,168.23,225.22
2011-06-01 00:00:00+00:00,96.0,,96.4,95.4,79.41,88.16,168.82,224.7
2011-05-01 00:00:00+00:00,95.92,,96.1,95.6,79.26,87.99,167.77,224.18
2011-04-01 00:00:00+00:00,95.94,,96.1,95.6,79.12,87.65,164.65,223.73
2011-03-01 00:00:00+00:00,95.45,,95.0,95.4,79.06,87.47,161.79,223.45
2011-02-01 00:00:00+00:00,94.1,,92.4,95.3,78.82,87.22,160.84,223.21
2011-01-01 00:00:00+00:00,93.77,,92.4,95.3,78.51,86.87,160.68,222.8
2010-12-01 00:00:00+00:00,95.27,,95.0,95.7,78.15,86.44,161.26,222.34
2010-11-01 00:00:00+00:00,94.88,,94.7,95.8,77.82,86.19,161.26,222.15
2010-10-01 00:00:00+00:00,94.97,,94.9,96.0,77.63,86.19,160.04,221.83
2010-09-01 00:00:00+00:00,94.69,,94.0,95.7,77.48,86.19,158.22,221.71
2010-08-01 00:00:00+00:00,94.3,,93.2,95.7,77.2,86.1,158.46,221.51
2010-07-01 00:00:00+00:00,93.98,,92.9,95.7,77.13,85.93,159.56,221.36
2010-06-01 00:00:00+00:00,94.54,,94.2,96.1,76.97,85.76,160.37,221.19
2010-05-01 00:00:00+00:00,94.52,,94.1,96.2,76.86,85.67,160.21,220.96
2010-04-01 00:00:00+00:00,94.42,,94.1,96.4,76.68,85.5,157.68,220.82
2010-03-01 00:00:00+00:00,94.22,,93.0,96.6,76.6,85.41,155.91,220.78
2010-02-01 00:00:00+00:00,93.18,,91.3,96.4,76.33,85.41,154.98,220.73
2010-01-01 00:00:00+00:00,92.77,,91.3,96.6,76.02,85.24,155.73,220.63
2009-12-01 00:00:00+00:00,94.28,,93.4,97.0,75.45,85.03,156.58,220.88
2009-11-01 00:00:00+00:00,93.82,,93.2,97.2,75.1,84.88,157.27,220.67
2009-10-01 00:00:00+00:00,93.9,,93.2,97.3,75.0,84.65,156.13,220.5
2009-09-01 00:00:00+00:00,93.58,,92.5,97.4,74.75,84.65,152.58,219.92
2009-08-01 00:00:00+00:00,93.39,,91.5,97.3,74.46,84.5,152.04,219.5
2009-07-01 00:00:00+00:00,93.07,,91.3,97.3,74.35,84.43,152.69,219.26
2009-06-01 00:00:00+00:00,93.6,,92.7,97.5,74.12,84.35,152.81,219.11
2009-05-01 00:00:00+00:00,93.64,,92.7,97.6,73.93,84.2,151.92,218.9
2009-04-01 00:00:00+00:00,93.61,,92.5,97.6,73.79,83.9,149.25,218.71
2009-03-01 00:00:00+00:00,93.15,,91.6,97.6,73.47,83.97,147.91,218.25
2009-02-01 00:00:00+00:00,92.48,,90.1,97.4,73.1,83.6,148.95,217.79
2009-01-01 00:00:00+00:00,92.03,,89.9,97.6,72.76,83.22,149.98,217.35
2008-12-01 00:00:00+00:00,93.25,,91.9,98.1,72.44,83.22,150.79,216.93
2008-11-01 00:00:00+00:00,92.85,,91.7,98.2,72.03,82.92,151.35,216.95
2008-10-01 00:00:00+00:00,92.82,,91.8,98.3,71.7,82.61,149.97,216.79
2008-09-01 00:00:00+00:00,92.45,,91.0,98.2,71.5,82.54,147.6,216.71
2008-08-01 00:00:00+00:00,92.18,,90.3,98.0,71.08,82.24,146.53,216.39
2008-07-01 00:00:00+00:00,91.87,,90.1,97.8,70.79,82.24,147.13,215.96
2008-06-01 00:00:00+00:00,92.31,,91.2,97.8,70.51,81.86,148.39,215.42
2008-05-01 00:00:00+00:00,92.22,,91.0,97.7,70.18,81.71,147.25,214.94
2008-04-01 00:00:00+00:00,91.98,,90.7,97.5,69.85,81.4,143.32,214.56
2008-03-01 00:00:00+00:00,91.82,,90.3,97.2,69.57,81.25,140.13,214.42
2008-02-01 00:00:00+00:00,90.95,,88.6,96.8,69.23,80.35,138.93,213.94
2008-01-01 00:00:00+00:00,90.58,,88.5,96.9,68.94,80.04,139.7,213.77
2007-12-01 00:00:00+00:00,91.56,,89.9,97.3,68.64,79.66,140.97,213.17
2007-11-01 00:00:00+00:00,91.13,,89.7,97.2,68.38,79.51,140.94,212.66
2007-10-01 00:00:00+00:00,91.06,,89.6,97.2,68.22,79.44,139.65,212.08
2007-09-01 00:00:00+00:00,90.75,,89.0,97.1,68.0,79.29,137.5,211.55
2007-08-01 00:00:00+00:00,90.47,,88.2,97.0,67.68,79.29,136.8,211.12
2007-07-01 00:00:00+00:00,90.33,,88.4,96.9,67.5,79.21,138.1,210.77
2007-06-01 00:00:00+00:00,90.68,,89.2,97.0,67.29,79.06,139.5,210.39
2007-05-01 00:00:00+00:00,90.65,,89.1,97.1,67.1,79.06,138.52,210.06
2007-04-01 00:00:00+00:00,90.49,,88.8,97.0,66.97,78.99,136.0,209.75
2007-03-01 00:00:00+00:00,90.02,,88.1,96.8,66.84,78.83,133.71,209.42
2007-02-01 00:00:00+00:00,89.38,,86.8,96.5,66.64,78.23,133.15,209.13
2007-01-01 00:00:00+00:00,89.03,,86.7,96.7,66.39,77.85,133.75,208.6
2006-12-01 00:00:00+00:00,89.85,,88.1,97.2,66.08,77.62,134.52,208.1
2006-11-01 00:00:00+00:00,89.43,,88.0,97.2,65.82,77.55,134.55,207.8
2006-10-01 00:00:00+00:00,89.4,,87.9,97.3,65.65,77.4,133.63,207.6
2006-09-01 00:00:00+00:00,89.11,,87.5,97.3,65.5,77.4,130.99,207.2
2006-08-01 00:00:00+00:00,88.77,,86.6,97.1,65.14,77.25,129.06,206.8
2006-07-01 00:00:00+00:00,88.67,,86.9,97.1,65.03,77.25,129.07,206.3
2006-06-01 00:00:00+00:00,89.0,,87.6,97.2,64.86,77.09,128.9,205.9
2006-05-01 00:00:00+00:00,88.93,,87.5,97.2,64.66,77.17,127.19,205.4
2006-04-01 00:00:00+00:00,88.81,,87.3,97.1,64.58,76.94,123.94,204.8
2006-03-01 00:00:00+00:00,88.37,,86.5,96.9,64.36,76.87,121.68,204.3
2006-02-01 00:00:00+00:00,87.75,,85.1,96.6,64.11,76.34,122.13,203.6
2006-01-01 00:00:00+00:00,87.53,,85.5,96.8,63.9,76.11,123.49,203.2
2005-12-01 00:00:00+00:00,88.49,,86.7,97.4,63.76,75.96,123.86,202.8
2005-11-01 00:00:00+00:00,88.09,,86.6,97.3,63.58,75.81,123.56,202.5
2005-10-01 00:00:00+00:00,88.06,,86.4,97.6,63.45,75.74,122.47,202.0
2005-09-01 00:00:00+00:00,87.81,,86.0,97.6,63.3,75.74,120.28,201.3
2005-08-01 00:00:00+00:00,87.58,,85.4,97.4,62.99,75.74,119.64,201.1
2005-07-01 00:00:00+00:00,87.4,,85.7,97.4,62.91,75.58,119.83,200.9
2005-06-01 00:00:00+00:00,87.73,,86.2,97.6,62.78,75.58,120.81,200.6
2005-05-01 00:00:00+00:00,87.75,,86.1,97.7,62.62,75.58,119.63,200.5
2005-04-01 00:00:00+00:00,87.5,,85.8,97.6,62.5,75.58,117.11,200.2
2005-03-01 00:00:00+00:00,87.23,,85.1,97.5,62.38,75.51,115.25,200.1
2005-02-01 00:00:00+00:00,86.67,,83.8,97.2,62.21,75.13,115.26,199.4
2005-01-01 00:00:00+00:00,86.47,,84.1,97.4,61.97,74.98,115.94,199.0
2004-12-01 00:00:00+00:00,87.31,,85.2,97.9,61.74,74.39,115.28,198.6
2004-11-01 00:00:00+00:00,86.91,,85.1,97.8,61.56,74.13,115.05,198.3
2004-10-01 00:00:00+00:00,86.87,,84.9,98.1,61.42,74.19,113.49,197.9
2004-09-01 00:00:00+00:00,86.68,,84.5,98.1,61.24,74.19,111.33,197.5
2004-08-01 00:00:00+00:00,86.48,,83.8,98.0,60.89,74.19,109.99,196.9
2004-07-01 00:00:00+00:00,86.28,,84.1,97.9,60.72,74.13,109.37,196.8
2004-06-01 00:00:00+00:00,86.53,,84.4,98.1,60.62,73.86,109.2,196.6
2004-05-01 00:00:00+00:00,86.39,,84.2,98.1,60.46,73.8,108.27,196.2
2004-04-01 00:00:00+00:00,86.31,,84.0,98.1,60.32,73.73,106.87,195.9
2004-03-01 00:00:00+00:00,85.88,,83.3,97.9,60.12,73.67,106.09,195.5
2004-02-01 00:00:00+00:00,85.44,,82.3,97.7,59.9,73.08,106.2,194.9
2004-01-01 00:00:00+00:00,85.13,,82.5,97.7,59.63,73.01,105.89,194.6
2003-12-01 00:00:00+00:00,85.7,,83.3,98.4,59.4,72.82,105.03,194.2
2003-11-01 00:00:00+00:00,85.32,,83.3,98.3,59.23,72.42,104.88,194.0
2003-10-01 00:00:00+00:00,85.29,,83.0,98.5,59.08,72.49,104.01,194.0
2003-09-01 00:00:00+00:00,85.11,,82.7,98.4,58.95,72.49,102.97,193.7
2003-08-01 00:00:00+00:00,84.84,,82.1,98.4,58.67,72.29,101.0,193.6
2003-07-01 00:00:00+00:00,84.72,,82.4,98.3,58.46,72.23,100.23,193.4
2003-06-01 00:00:00+00:00,84.93,,82.6,98.3,58.38,72.29,99.87,193.0
2003-05-01 00:00:00+00:00,84.85,,82.5,98.4,58.32,72.23,98.8,192.9
2003-04-01 00:00:00+00:00,84.75,,82.3,98.2,58.16,72.16,97.49,192.5
2003-03-01 00:00:00+00:00,84.39,,81.7,98.0,57.97,71.96,96.01,192.5
2003-02-01 00:00:00+00:00,83.91,,80.5,97.7,57.73,71.25,95.24,192.5
2003-01-01 00:00:00+00:00,83.7,,81.0,97.8,57.45,71.05,94.47,192.4
2002-12-01 00:00:00+00:00,84.36,,81.5,98.5,57.19,70.79,38.48,192.1
2002-11-01 00:00:00+00:00,83.92,,81.4,98.5,57.08,70.59,38.18,191.9
2002-10-01 00:00:00+00:00,83.83,,81.1,98.5,56.97,70.46,37.34,191.5
2002-09-01 00:00:00+00:00,83.63,,80.7,98.6,56.83,70.26,36.2,191.3
2002-08-01 00:00:00+00:00,83.45,,80.1,98.5,56.46,70.07,35.21,191.1
2002-07-01 00:00:00+00:00,83.37,,80.4,98.5,56.27,69.94,34.23,190.5
2002-06-01 00:00:00+00:00,83.44,,80.4,98.7,56.19,69.87,33.5,190.2
2002-05-01 00:00:00+00:00,83.35,,80.3,98.8,56.12,69.87,32.91,190.0
2002-04-01 00:00:00+00:00,83.12,,80.0,98.7,56.02,69.74,32.15,189.7
2002-03-01 00:00:00+00:00,82.87,,79.5,98.6,55.82,69.41,31.15,189.2
2002-02-01 00:00:00+00:00,82.38,,78.6,98.3,55.6,68.82,30.59,189.1
2002-01-01 00:00:00+00:00,82.17,,78.9,98.5,55.21,68.63,30.33,188.7
2001-12-01 00:00:00+00:00,82.55,,79.0,99.0,54.93,68.36,28.91,188.4
2001-11-01 00:00:00+00:00,82.04,,78.9,99.1,54.8,68.17,28.33,188.1
2001-10-01 00:00:00+00:00,81.95,,78.7,99.2,54.67,68.1,27.57,187.4
2001-09-01 00:00:00+00:00,81.69,,78.2,99.3,54.53,68.1,26.34,187.1
2001-08-01 00:00:00+00:00,81.49,,77.8,99.3,54.12,67.97,24.86,186.7
2001-07-01 00:00:00+00:00,81.41,,78.1,99.2,53.94,67.84,23.97,186.4
2001-06-01 00:00:00+00:00,81.44,,78.2,99.4,53.86,67.91,23.3,186.0
2001-05-01 00:00:00+00:00,81.29,,78.1,99.5,53.69,67.84,22.36,185.3
2001-04-01 00:00:00+00:00,81.2,,77.8,99.5,53.49,67.71,21.13,185.1
2001-03-01 00:00:00+00:00,80.81,,77.2,99.2,53.24,67.51,19.31,184.7
2001-02-01 00:00:00+00:00,80.38,,76.3,99.1,52.92,67.05,18.42,184.4
2001-01-01 00:00:00+00:00,80.27,,77.0,99.3,52.52,66.79,18.18,183.9
2000-12-01 00:00:00+00:00,80.74,,77.1,99.9,52.14,66.2,17.7,183.3
2000-11-01 00:00:00+00:00,,,77.1,99.9,51.85,66.01,17.38,183.1
2000-10-01 00:00:00+00:00,,,76.8,100.0,51.52,66.01,16.87,182.6
2000-09-01 00:00:00+00:00,,,76.6,100.1,51.25,65.94,16.39,182.3
2000-08-01 00:00:00+00:00,,,76.6,100.2,50.86,65.61,15.82,181.9
2000-07-01 00:00:00+00:00,,,76.5,100.1,50.65,65.48,15.42,181.5
2000-06-01 00:00:00+00:00,,,76.4,100.4,50.48,65.22,15.11,181.1
2000-05-01 00:00:00+00:00,,,76.2,100.6,50.31,65.16,14.76,180.7
2000-04-01 00:00:00+00:00,,,76.0,100.4,50.09,65.35,14.31,180.3
2000-03-01 00:00:00+00:00,,,76.0,100.3,49.83,65.29,13.82,180.0
2000-02-01 00:00:00+00:00,,,75.9,100.1,49.51,64.83,13.52,179.4
2000-01-01 00:00:00+00:00,,,75.6,100.3,48.97,64.7,13.26,179.3
1999-12-01 00:00:00+00:00,,,75.5,100.8,48.34,,12.5,178.7
1999-11-01 00:00:00+00:00,,,,100.8,47.96,,12.05,178.4
1999-10-01 00:00:00+00:00,,,,100.9,47.65,,11.57,178.1
1999-09-01 00:00:00+00:00,,,,100.9,47.31,,10.92,177.8
1999-08-01 00:00:00+00:00,,,,100.6,46.74,,10.32,177.3
1999-07-01 00:00:00+00:00,,,,100.6,46.39,,9.88,177.1
1999-06-01 00:00:00+00:00,,,,100.9,46.09,,9.5,176.6
1999-05-01 00:00:00+00:00,,,,101.0,45.73,,9.13,176.5
1999-04-01 00:00:00+00:00,,,,100.9,45.29,,8.75,176.3
1999-03-01 00:00:00+00:00,,,,100.6,44.76,,8.4,175.7
1999-02-01 00:00:00+00:00,,,,100.3,44.06,,8.13,175.6
1999-01-01 00:00:00+00:00,,,,100.6,43.27,,7.91,175.6
1998-12-01 00:00:00+00:00,,,,100.9,42.26,,7.56,175.4
1998-11-01 00:00:00+00:00,,,,101.1,41.6,,7.31,174.8
1998-10-01 00:00:00+00:00,,,,101.0,41.13,,7.0,174.4
1998-09-01 00:00:00+00:00,,,,100.8,40.57,,6.63,174.2
1998-08-01 00:00:00+00:00,,,,100.5,39.8,,6.24,174.0
1998-07-01 00:00:00+00:00,,,,100.6,39.39,,5.93,173.5
1998-06-01 00:00:00+00:00,,,,100.8,39.09,,5.64,173.2
1998-05-01 00:00:00+00:00,,,,100.9,38.64,,5.44,172.9
1998-04-01 00:00:00+00:00,,,,100.9,38.22,,5.21,172.5
1998-03-01 00:00:00+00:00,,,,100.6,37.79,,4.89,172.2
1998-02-01 00:00:00+00:00,,,,100.2,37.38,,4.69,171.9
1998-01-01 00:00:00+00:00,,,,100.4,36.67,,4.54,171.6
1997-12-01 00:00:00+00:00,,,,100.9,35.98,,4.3,171.2
1997-11-01 00:00:00+00:00,,,,101.0,35.54,,4.1,170.8
1997-10-01 00:00:00+00:00,,,,101.1,35.19,,3.9,170.6
1997-09-01 00:00:00+00:00,,,,100.9,34.87,,3.6,170.2
1997-08-01 00:00:00+00:00,,,,100.2,34.38,,3.31,169.8
1997-07-01 00:00:00+00:00,,,,100.3,34.1,,3.13,169.7
1997-06-01 00:00:00+00:00,,,,100.5,33.82,,2.94,169.4
1997-05-01 00:00:00+00:00,,,,100.6,33.47,,2.85,169.2
1997-04-01 00:00:00+00:00,,,,100.4,33.04,,2.69,168.9
1997-03-01 00:00:00+00:00,,,,98.5,32.63,,2.57,168.4
1997-02-01 00:00:00+00:00,,,,98.2,32.22,,2.48,168.1
1997-01-01 00:00:00+00:00,,,,98.3,31.67,,2.39,167.8
1996-12-01 00:00:00+00:00,,,,98.8,30.9,,2.27,167.4
1996-11-01 00:00:00+00:00,,,,98.9,30.25,,2.17,167.2
1996-10-01 00:00:00+00:00,,,,98.8,29.89,,2.07,166.8
1996-09-01 00:00:00+00:00,,,,98.7,29.55,,1.94,166.5
1996-08-01 00:00:00+00:00,,,,98.2,29.05,,1.8,166.0
1996-07-01 00:00:00+00:00,,,,98.4,28.66,,1.74,165.7
1996-06-01 00:00:00+00:00,,,,98.6,28.24,,1.69,165.4
1996-05-01 00:00:00+00:00,,,,98.6,27.76,,1.63,165.0
1996-04-01 00:00:00+00:00,,,,98.5,27.26,,1.54,164.6
1996-03-01 00:00:00+00:00,,,,98.1,26.53,,1.44,164.4
1996-02-01 00:00:00+00:00,,,,97.9,25.93,,1.39,164.0
1996-01-01 00:00:00+00:00,,,,97.9,25.33,,1.34,163.7
1995-12-01 00:00:00+00:00,,,,98.4,24.53,,,163.1
1995-11-01 00:00:00+00:00,,,,98.4,23.86,,,163.0
1995-10-01 00:00:00+00:00,,,,98.5,23.384,,,162.7
1995-09-01 00:00:00+00:00,,,,98.3,22.982,,,162.2
1995-08-01 00:00:00+00:00,,,,97.8,22.457,,,161.8
1995-07-01 00:00:00+00:00,,,,97.9,22.046,,,161.4
1995-06-01 00:00:00+00:00,,,,98.2,21.595,,,161.1
1995-05-01 00:00:00+00:00,,,,98.3,20.883,,,160.7
1995-04-01 00:00:00+00:00,,,,98.2,19.9,,,160.4
1995-03-01 00:00:00+00:00,,,,97.8,18.498,,,159.9
1995-02-01 00:00:00+00:00,,,,97.6,17.662,,,159.4
1995-01-01 00:00:00+00:00,,,,97.8,16.89,,,159.0
1994-12-01 00:00:00+00:00,,,,98.1,16.288,,,158.3
1994-11-01 00:00:00+00:00,,,,98.2,16.163,,,158.2
1994-10-01 00:00:00+00:00,,,,98.2,16.079,,,157.8
1994-09-01 00:00:00+00:00,,,,98.1,15.998,,,157.5
1994-08-01 00:00:00+00:00,,,,97.9,15.869,,,157.1
1994-07-01 00:00:00+00:00,,,,98.0,15.79,,,156.7
1994-06-01 00:00:00+00:00,,,,98.4,15.735,,,156.4
1994-05-01 00:00:00+00:00,,,,98.5,15.653,,,155.9
1994-04-01 00:00:00+00:00,,,,98.1,15.564,,,155.5
1994-03-01 00:00:00+00:00,,,,97.5,15.467,,,155.3
1994-02-01 00:00:00+00:00,,,,97.1,15.354,,,154.8
1994-01-01 00:00:00+00:00,,,,97.2,15.226,,,154.5
1993-12-01 00:00:00+00:00,,,,97.6,15.126,,,154.3
1993-11-01 00:00:00+00:00,,,,97.6,15.07,,,153.9
1993-10-01 00:00:00+00:00,,,,97.6,15.015,,,153.4
1993-09-01 00:00:00+00:00,,,,97.4,14.927,,,152.9
1993-08-01 00:00:00+00:00,,,,97.0,14.809,,,152.8
1993-07-01 00:00:00+00:00,,,,97.1,14.714,,,152.3
1993-06-01 00:00:00+00:00,,,,97.4,14.653,,,152.1
1993-05-01 00:00:00+00:00,,,,97.3,14.591,,,151.8
1993-04-01 00:00:00+00:00,,,,97.0,14.526,,,151.4
1993-03-01 00:00:00+00:00,,,,96.4,14.43,,,150.8
1993-02-01 00:00:00+00:00,,,,96.1,14.285,,,150.6
1993-01-01 00:00:00+00:00,,,,96.1,14.127,,,150.1
1992-12-01 00:00:00+00:00,,,,96.6,13.952,,,149.6
1992-11-01 00:00:00+00:00,,,,96.6,13.816,,,149.2
1992-10-01 00:00:00+00:00,,,,96.4,13.718,,,148.8
1992-09-01 00:00:00+00:00,,,,96.2,13.627,,,148.1
1992-08-01 00:00:00+00:00,,,,95.7,13.476,,,147.9
1992-07-01 00:00:00+00:00,,,,95.8,13.36,,,147.6
1992-06-01 00:00:00+00:00,,,,96.1,13.252,,,147.1
1992-05-01 00:00:00+00:00,,,,96.0,13.121,,,146.8
1992-04-01 00:00:00+00:00,,,,95.6,12.964,,,146.3
1992-03-01 00:00:00+00:00,,,,94.7,12.844,,,145.9
1992-02-01 00:00:00+00:00,,,,94.4,12.729,,,145.4
1992-01-01 00:00:00+00:00,,,,94.3,12.59,,,145.1
1991-12-01 00:00:00+00:00,,,,94.6,12.362,,,144.7
1991-11-01 00:00:00+00:00,,,,94.4,12.147,,,144.2
1991-10-01 00:00:00+00:00,,,,94.2,12.032,,,143.7
1991-09-01 00:00:00+00:00,,,,93.9,11.868,,,143.4
1991-08-01 00:00:00+00:00,,,,93.5,11.706,,,142.9
1991-07-01 00:00:00+00:00,,,,93.6,11.6,,,142.3
1991-06-01 00:00:00+00:00,,,,93.6,11.497,,,141.8
1991-05-01 00:00:00+00:00,,,,93.5,11.39,,,141.3
1991-04-01 00:00:00+00:00,,,,93.0,11.282,,,140.9
1991-03-01 00:00:00+00:00,,,,92.4,11.16,,,140.5
1991-02-01 00:00:00+00:00,,,,91.9,10.997,,,140.2
1991-01-01 00:00:00+00:00,,,,92.1,10.788,,,139.5
1990-12-01 00:00:00+00:00,,,,92.1,10.507,,,138.6
1990-11-01 00:00:00+00:00,,,,91.9,10.217,,,138.0
1990-10-01 00:00:00+00:00,,,,91.7,10.001,,,137.6
1990-09-01 00:00:00+00:00,,,,91.4,9.843,,,137.1
1990-08-01 00:00:00+00:00,,,,90.7,9.685,,,136.6
1990-07-01 00:00:00+00:00,,,,90.7,9.513,,,135.8
1990-06-01 00:00:00+00:00,,,,90.7,9.326,,,135.1
1990-05-01 00:00:00+00:00,,,,90.7,9.098,,,134.4
1990-04-01 00:00:00+00:00,,,,90.4,8.892,,,134.0
1990-03-01 00:00:00+00:00,,,,89.7,8.721,,,133.5
1990-02-01 00:00:00+00:00,,,,89.3,8.59,,,132.7
1990-01-01 00:00:00+00:00,,,,89.5,8.435,,,132.1
1989-12-01 00:00:00+00:00,,,,89.6,8.122,,,131.6
1989-11-01 00:00:00+00:00,,,,89.5,7.892,,,131.1
1989-10-01 00:00:00+00:00,,,,89.4,7.771,,,130.6
1989-09-01 00:00:00+00:00,,,,89.2,7.635,,,129.9
1989-08-01 00:00:00+00:00,,,,88.7,7.52,,,129.5
1989-07-01 00:00:00+00:00,,,,88.8,7.434,,,129.2
1989-06-01 00:00:00+00:00,,,,89.0,7.366,,,128.8
1989-05-01 00:00:00+00:00,,,,88.9,7.298,,,128.3
1989-04-01 00:00:00+00:00,,,,88.5,7.223,,,127.8
1989-03-01 00:00:00+00:00,,,,86.8,7.136,,,127.4
1989-02-01 00:00:00+00:00,,,,86.6,7.04,,,126.9
1989-01-01 00:00:00+00:00,,,,86.6,6.901,,,126.5
1988-12-01 00:00:00+00:00,,,,86.9,6.688,,,126.0
1988-11-01 00:00:00+00:00,,,,86.8,6.566,,,125.6
1988-10-01 00:00:00+00:00,,,,86.7,6.511,,,125.2
1988-09-01 00:00:00+00:00,,,,86.4,6.47,,,124.7
1988-08-01 00:00:00+00:00,,,,86.1,6.456,,,124.0
1988-07-01 00:00:00+00:00,,,,86.2,6.392,,,123.6
1988-06-01 00:00:00+00:00,,,,86.4,6.33,,,123.2
1988-05-01 00:00:00+00:00,,,,86.3,6.244,,,122.7
1988-04-01 00:00:00+00:00,,,,86.2,6.126,,,122.3
1988-03-01 00:00:00+00:00,,,,85.7,5.954,,,121.7
1988-02-01 00:00:00+00:00,,,,85.6,5.618,,,121.2
1988-01-01 00:00:00+00:00,,,,85.7,5.089,,,120.9
1987-12-01 00:00:00+00:00,,,,86.1,4.496,,,120.4
1987-11-01 00:00:00+00:00,,,,86.0,3.998,,,120.1
1987-10-01 00:00:00+00:00,,,,86.0,3.658,,,119.8
1987-09-01 00:00:00+00:00,,,,85.8,3.363,,,119.2
1987-08-01 00:00:00+00:00,,,,85.6,3.129,,,118.7
1987-07-01 00:00:00+00:00,,,,85.7,2.916,,,118.3
1987-06-01 00:00:00+00:00,,,,85.8,2.685,,,117.9
1987-05-01 00:00:00+00:00,,,,85.6,2.498,,,117.7
1987-04-01 00:00:00+00:00,,,,85.6,2.33,,,117.3
1987-03-01 00:00:00+00:00,,,,85.2,2.172,,,116.6
1987-02-01 00:00:00+00:00,,,,85.1,2.029,,,116.2
1987-01-01 00:00:00+00:00,,,,85.1,1.887,,,115.9
1986-12-01 00:00:00+00:00,,,,85.5,1.742,,,115.6
1986-11-01 00:00:00+00:00,,,,85.4,1.618,,,115.3
1986-10-01 00:00:00+00:00,,,,85.4,1.515,,,115.0
1986-09-01 00:00:00+00:00,,,,85.1,1.421,,,114.6
1986-08-01 00:00:00+00:00,,,,84.7,1.337,,,114.2
1986-07-01 00:00:00+00:00,,,,85.0,1.265,,,113.8
1986-06-01 00:00:00+00:00,,,,85.1,1.205,,,113.4
1986-05-01 00:00:00+00:00,,,,85.1,1.125,,,113.1
1986-04-01 00:00:00+00:00,,,,84.6,1.063,,,112.9
1986-03-01 00:00:00+00:00,,,,84.2,1.008,,,112.5
1986-02-01 00:00:00+00:00,,,,84.1,0.958,,,112.2
1986-01-01 00:00:00+00:00,,,,84.1,0.91,,,111.9
1985-12-01 00:00:00+00:00,,,,84.3,0.838,,,111.4
1985-11-01 00:00:00+00:00,,,,84.2,0.802,,,111.1
1985-10-01 00:00:00+00:00,,,,84.1,0.766,,,110.5
1985-09-01 00:00:00+00:00,,,,83.9,0.735,,,110.0
1985-08-01 00:00:00+00:00,,,,83.5,0.704,,,109.8
1985-07-01 00:00:00+00:00,,,,83.6,0.673,,,109.4
1985-06-01 00:00:00+00:00,,,,83.7,0.65,,,109.1
1985-05-01 00:00:00+00:00,,,,83.6,0.632,,,108.8
1985-04-01 00:00:00+00:00,,,,83.3,0.615,,,108.4
1985-03-01 00:00:00+00:00,,,,82.8,0.598,,,108.1
1985-02-01 00:00:00+00:00,,,,82.6,0.572,,,107.7
1985-01-01 00:00:00+00:00,,,,82.7,0.547,,,107.1
1984-12-01 00:00:00+00:00,,,,82.8,0.52,,,106.8
1984-11-01 00:00:00+00:00,,,,82.8,0.499,,,106.4
1984-10-01 00:00:00+00:00,,,,82.7,0.483,,,106.2
1984-09-01 00:00:00+00:00,,,,82.1,0.463,,,105.8
1984-08-01 00:00:00+00:00,,,,81.2,0.447,,,105.4
1984-07-01 00:00:00+00:00,,,,81.8,0.435,,,105.0
1984-06-01 00:00:00+00:00,,,,81.8,0.42,,,104.5
1984-05-01 00:00:00+00:00,,,,82.0,0.403,,,104.1
1984-04-01 00:00:00+00:00,,,,81.0,0.392,,,103.7
1984-03-01 00:00:00+00:00,,,,80.5,0.379,,,103.2
1984-02-01 00:00:00+00:00,,,,80.5,0.363,,,102.8
1984-01-01 00:00:00+00:00,,,,80.5,0.343,,,102.5
1983-12-01 00:00:00+00:00,,,,80.8,0.326,,,101.8
1983-11-01 00:00:00+00:00,,,,80.8,0.312,,,101.5
1983-10-01 00:00:00+00:00,,,,80.5,0.295,,,101.0
1983-09-01 00:00:00+00:00,,,,80.2,0.286,,,100.5
1983-08-01 00:00:00+00:00,,,,79.2,0.277,,,100.1
1983-07-01 00:00:00+00:00,,,,79.8,0.264,,,99.8
1983-06-01 00:00:00+00:00,,,,79.9,0.249,,,99.2
1983-05-01 00:00:00+00:00,,,,79.8,0.24,,,98.9
1983-04-01 00:00:00+00:00,,,,79.2,0.23,,,98.6
1983-03-01 00:00:00+00:00,,,,78.6,0.218,,,98.2
1983-02-01 00:00:00+00:00,,,,78.4,0.207,,,98.0
1983-01-01 00:00:00+00:00,,,,78.6,0.195,,,97.6
1982-12-01 00:00:00+00:00,,,,79.0,0.175,,,97.2
1982-11-01 00:00:00+00:00,,,,78.9,0.162,,,97.3
1982-10-01 00:00:00+00:00,,,,78.9,0.153,,,97.5
1982-09-01 00:00:00+00:00,,,,78.6,0.145,,,97.2
1982-08-01 00:00:00+00:00,,,,77.6,0.137,,,97.1
1982-07-01 00:00:00+00:00,,,,78.0,0.125,,,96.7
1982-06-01 00:00:00+00:00,,,,78.1,0.119,,,96.1
1982-05-01 00:00:00+00:00,,,,78.0,0.113,,,95.4
1982-04-01 00:00:00+00:00,,,,77.3,0.107,,,94.7
1982-03-01 00:00:00+00:00,,,,76.8,0.101,,,93.9
1982-02-01 00:00:00+00:00,,,,76.6,0.097,,,93.8
1982-01-01 00:00:00+00:00,,,,76.8,0.093,,,93.3
1981-12-01 00:00:00+00:00,,,,77.1,,,,93.0
1981-11-01 00:00:00+00:00,,,,76.9,,,,92.5
1981-10-01 00:00:00+00:00,,,,76.8,,,,92.1
1981-09-01 00:00:00+00:00,,,,76.4,,,,91.8
1981-08-01 00:00:00+00:00,,,,75.5,,,,90.7
1981-07-01 00:00:00+00:00,,,,75.9,,,,89.8
1981-06-01 00:00:00+00:00,,,,75.9,,,,88.6
1981-05-01 00:00:00+00:00,,,,75.7,,,,87.8
1981-04-01 00:00:00+00:00,,,,74.9,,,,87.0
1981-03-01 00:00:00+00:00,,,,74.3,,,,86.4
1981-02-01 00:00:00+00:00,,,,74.0,,,,85.9
1981-01-01 00:00:00+00:00,,,,74.2,,,,85.4
1980-12-01 00:00:00+00:00,,,,74.2,,,,84.9
1980-11-01 00:00:00+00:00,,,,74.0,,,,83.9
1980-10-01 00:00:00+00:00,,,,73.8,,,,83.0
1980-09-01 00:00:00+00:00,,,,73.3,,,,82.1
1980-08-01 00:00:00+00:00,,,,72.5,,,,81.3
1980-07-01 00:00:00+00:00,,,,72.9,,,,80.8
1980-06-01 00:00:00+00:00,,,,72.7,,,,81.0
1980-05-01 00:00:00+00:00,,,,72.3,,,,80.1
1980-04-01 00:00:00+00:00,,,,71.2,,,,79.5
1980-03-01 00:00:00+00:00,,,,70.3,,,,78.6
1980-02-01 00:00:00+00:00,,,,69.8,,,,77.5
1980-01-01 00:00:00+00:00,,,,69.8,,,,76.7
1979-12-01 00:00:00+00:00,,,,69.5,,,,75.7
1979-11-01 00:00:00+00:00,,,,69.3,,,,74.8
1979-10-01 00:00:00+00:00,,,,69.1,,,,74.0
1979-09-01 00:00:00+00:00,,,,68.8,,,,73.3
1979-08-01 00:00:00+00:00,,,,68.1,,,,72.7
1979-07-01 00:00:00+00:00,,,,68.4,,,,71.9
1979-06-01 00:00:00+00:00,,,,68.3,,,,71.3
1979-05-01 00:00:00+00:00,,,,68.2,,,,70.8
1979-04-01 00:00:00+00:00,,,,67.6,,,,70.3
1979-03-01 00:00:00+00:00,,,,67.1,,,,69.8
1979-02-01 00:00:00+00:00,,,,66.8,,,,69.2
1979-01-01 00:00:00+00:00,,,,66.9,,,,68.5
1978-12-01 00:00:00+00:00,,,,67.1,,,,68.0
1978-11-01 00:00:00+00:00,,,,66.9,,,,67.6
1978-10-01 00:00:00+00:00,,,,66.8,,,,67.2
1978-09-01 00:00:00+00:00,,,,66.6,,,,66.7
1978-08-01 00:00:00+00:00,,,,65.9,,,,66.1
1978-07-01 00:00:00+00:00,,,,66.3,,,,65.6
1978-06-01 00:00:00+00:00,,,,66.1,,,,65.2
1978-05-01 00:00:00+00:00,,,,66.0,,,,64.7
1978-04-01 00:00:00+00:00,,,,65.5,,,,64.3
1978-03-01 00:00:00+00:00,,,,64.8,,,,63.8
1978-02-01 00:00:00+00:00,,,,64.4,,,,63.4
1978-01-01 00:00:00+00:00,,,,64.3,,,,63.1
1977-12-01 00:00:00+00:00,,,,64.4,,,,62.7
1977-11-01 00:00:00+00:00,,,,64.2,,,,62.3
1977-10-01 00:00:00+00:00,,,,64.1,,,,62.0
1977-09-01 00:00:00+00:00,,,,63.8,,,,61.8
1977-08-01 00:00:00+00:00,,,,63.0,,,,61.5
1977-07-01 00:00:00+00:00,,,,63.2,,,,61.2
1977-06-01 00:00:00+00:00,,,,63.0,,,,61.0
1977-05-01 00:00:00+00:00,,,,62.8,,,,60.6
1977-04-01 00:00:00+00:00,,,,62.2,,,,60.3
1977-03-01 00:00:00+00:00,,,,61.1,,,,60.0
1977-02-01 00:00:00+00:00,,,,60.8,,,,59.7
1977-01-01 00:00:00+00:00,,,,60.8,,,,59.3
1976-12-01 00:00:00+00:00,,,,60.7,,,,58.9
1976-11-01 00:00:00+00:00,,,,59.9,,,,58.7
1976-10-01 00:00:00+00:00,,,,59.4,,,,58.5
1976-09-01 00:00:00+00:00,,,,59.1,,,,58.2
1976-08-01 00:00:00+00:00,,,,58.2,,,,57.9
1976-07-01 00:00:00+00:00,,,,58.4,,,,57.6
1976-06-01 00:00:00+00:00,,,,58.2,,,,57.2
1976-05-01 00:00:00+00:00,,,,57.8,,,,57.0
1976-04-01 00:00:00+00:00,,,,57.4,,,,56.7
1976-03-01 00:00:00+00:00,,,,56.3,,,,56.5
1976-02-01 00:00:00+00:00,,,,56.0,,,,56.2
1976-01-01 00:00:00+00:00,,,,55.7,,,,55.9
1975-12-01 00:00:00+00:00,,,,55.1,,,,55.5
1975-11-01 00:00:00+00:00,,,,54.9,,,,55.2
1975-10-01 00:00:00+00:00,,,,54.6,,,,54.8
1975-09-01 00:00:00+00:00,,,,54.3,,,,54.5
1975-08-01 00:00:00+00:00,,,,53.3,,,,54.2
1975-07-01 00:00:00+00:00,,,,53.5,,,,54.0
1975-06-01 00:00:00+00:00,,,,53.2,,,,53.8
1975-05-01 00:00:00+00:00,,,,53.0,,,,53.5
1975-04-01 00:00:00+00:00,,,,52.7,,,,53.3
1975-03-01 00:00:00+00:00,,,,51.8,,,,53.0
1975-02-01 00:00:00+00:00,,,,51.5,,,,52.8
1975-01-01 00:00:00+00:00,,,,51.3,,,,52.3
1974-12-01 00:00:00+00:00,,,,51.1,,,,52.0
1974-11-01 00:00:00+00:00,,,,50.7,,,,51.6
1974-10-01 00:00:00+00:00,,,,50.3,,,,51.2
1974-09-01 00:00:00+00:00,,,,48.6,,,,50.7
1974-08-01 00:00:00+00:00,,,,48.0,,,,50.2
1974-07-01 00:00:00+00:00,,,,47.9,,,,49.5
1974-06-01 00:00:00+00:00,,,,47.2,,,,49.0
1974-05-01 00:00:00+00:00,,,,46.9,,,,48.5
1974-04-01 00:00:00+00:00,,,,46.2,,,,47.9
1974-03-01 00:00:00+00:00,,,,45.4,,,,47.6
1974-02-01 00:00:00+00:00,,,,45.0,,,,47.2
1974-01-01 00:00:00+00:00,,,,43.7,,,,46.9
1973-12-01 00:00:00+00:00,,,,42.4,,,,46.7
1973-11-01 00:00:00+00:00,,,,41.2,,,,46.5
1973-10-01 00:00:00+00:00,,,,40.6,,,,46.3
1973-09-01 00:00:00+00:00,,,,40.1,,,,46.0
1973-08-01 00:00:00+00:00,,,,39.4,,,,45.7
1973-07-01 00:00:00+00:00,,,,39.2,,,,45.5
1973-06-01 00:00:00+00:00,,,,38.8,,,,45.4
1973-05-01 00:00:00+00:00,,,,38.4,,,,45.3
1973-04-01 00:00:00+00:00,,,,37.9,,,,45.1
1973-03-01 00:00:00+00:00,,,,37.3,,,,45.0
1973-02-01 00:00:00+00:00,,,,36.6,,,,44.8
1973-01-01 00:00:00+00:00,,,,36.3,,,,44.6
1972-12-01 00:00:00+00:00,,,,36.1,,,,44.6
1972-11-01 00:00:00+00:00,,,,35.8,,,,44.4
1972-10-01 00:00:00+00:00,,,,35.7,,,,44.4
1972-09-01 00:00:00+00:00,,,,35.3,,,,44.3
1972-08-01 00:00:00+00:00,,,,35.1,,,,44.3
1972-07-01 00:00:00+00:00,,,,35.0,,,,44.1
1972-06-01 00:00:00+00:00,,,,34.9,,,,44.0
1972-05-01 00:00:00+00:00,,,,34.8,,,,43.9
1972-04-01 00:00:00+00:00,,,,34.6,,,,43.8
1972-03-01 00:00:00+00:00,,,,34.3,,,,43.6
1972-02-01 00:00:00+00:00,,,,34.1,,,,43.6
1972-01-01 00:00:00+00:00,,,,33.9,,,,43.5
1971-12-01 00:00:00+00:00,,,,34.0,,,,43.3
1971-11-01 00:00:00+00:00,,,,33.8,,,,43.2
1971-10-01 00:00:00+00:00,,,,33.7,,,,43.1
1971-09-01 00:00:00+00:00,,,,33.6,,,,43.0
1971-08-01 00:00:00+00:00,,,,33.2,,,,43.0
1971-07-01 00:00:00+00:00,,,,33.3,,,,42.9
1971-06-01 00:00:00+00:00,,,,33.2,,,,42.8
1971-05-01 00:00:00+00:00,,,,33.0,,,,42.6
1971-04-01 00:00:00+00:00,,,,32.8,,,,42.4
1971-03-01 00:00:00+00:00,,,,32.3,,,,42.2
1971-02-01 00:00:00+00:00,,,,32.2,,,,42.2
1971-01-01 00:00:00+00:00,,,,32.2,,,,42.1
1970-12-01 00:00:00+00:00,,,,32.1,,,,42.0
1970-11-01 00:00:00+00:00,,,,31.9,,,,41.8
1970-10-01 00:00:00+00:00,,,,31.7,,,,41.5
1970-09-01 00:00:00+00:00,,,,31.3,,,,41.3
1970-08-01 00:00:00+00:00,,,,31.0,,,,41.1
1970-07-01 00:00:00+00:00,,,,31.0,,,,40.9
1970-06-01 00:00:00+00:00,,,,30.9,,,,40.8
1970-05-01 00:00:00+00:00,,,,30.8,,,,40.5
1970-04-01 00:00:00+00:00,,,,30.7,,,,40.4
1970-03-01 00:00:00+00:00,,,,30.4,,,,40.1
1970-02-01 00:00:00+00:00,,,,30.4,,,,39.8
1970-01-01 00:00:00+00:00,,,,30.3,,,,39.6
1969-12-01 00:00:00+00:00,,,,,,,,39.4
1969-11-01 00:00:00+00:00,,,,,,,,39.2
1969-10-01 00:00:00+00:00,,,,,,,,39.1
1969-09-01 00:00:00+00:00,,,,,,,,38.9
1969-08-01 00:00:00+00:00,,,,,,,,38.7
1969-07-01 00:00:00+00:00,,,,,,,,38.5
1969-06-01 00:00:00+00:00,,,,,,,,38.3
1969-05-01 00:00:00+00:00,,,,,,,,38.1
1969-04-01 00:00:00+00:00,,,,,,,,38.1
1969-03-01 00:00:00+00:00,,,,,,,,37.8
1969-02-01 00:00:00+00:00,,,,,,,,37.6
1969-01-01 00:00:00+00:00,,,,,,,,37.3
1968-12-01 00:00:00+00:00,,,,,,,,37.2
1968-11-01 00:00:00+00:00,,,,,,,,37.1
1968-10-01 00:00:00+00:00,,,,,,,,36.9
1968-09-01 00:00:00+00:00,,,,,,,,36.7
1968-08-01 00:00:00+00:00,,,,,,,,36.5
1968-07-01 00:00:00+00:00,,,,,,,,36.4
1968-06-01 00:00:00+00:00,,,,,,,,36.2
1968-05-01 00:00:00+00:00,,,,,,,,36.0
1968-04-01 00:00:00+00:00,,,,,,,,35.9
1968-03-01 00:00:00+00:00,,,,,,,,35.8
1968-02-01 00:00:00+00:00,,,,,,,,35.7
1968-01-01 00:00:00+00:00,,,,,,,,35.5
1967-12-01 00:00:00+00:00,,,,,,,,35.4
1967-11-01 00:00:00+00:00,,,,,,,,35.2
1967-10-01 00:00:00+00:00,,,,,,,,35.1
1967-09-01 00:00:00+00:00,,,,,,,,35.0
1967-08-01 00:00:00+00:00,,,,,,,,34.9
1967-07-01 00:00:00+00:00,,,,,,,,34.7
1967-06-01 00:00:00+00:00,,,,,,,,34.6
1967-05-01 00:00:00+00:00,,,,,,,,34.5
1967-04-01 00:00:00+00:00,,,,,,,,34.4
1967-03-01 00:00:00+00:00,,,,,,,,34.3
1967-02-01 00:00:00+00:00,,,,,,,,34.2
1967-01-01 00:00:00+00:00,,,,,,,,34.2
1966-12-01 00:00:00+00:00,,,,,,,,34.1
1966-11-01 00:00:00+00:00,,,,,,,,34.0
1966-10-01 00:00:00+00:00,,,,,,,,34.0
1966-09-01 00:00:00+00:00,,,,,,,,33.8
1966-08-01 00:00:00+00:00,,,,,,,,33.7
1966-07-01 00:00:00+00:00,,,,,,,,33.6
1966-06-01 00:00:00+00:00,,,,,,,,33.5
1966-05-01 00:00:00+00:00,,,,,,,,33.4
1966-04-01 00:00:00+00:00,,,,,,,,33.3
1966-03-01 00:00:00+00:00,,,,,,,,33.1
1966-02-01 00:00:00+00:00,,,,,,,,33.1
1966-01-01 00:00:00+00:00,,,,,,,,33.0
1965-12-01 00:00:00+00:00,,,,,,,,33.0
1965-11-01 00:00:00+00:00,,,,,,,,32.9
1965-10-01 00:00:00+00:00,,,,,,,,32.8
1965-09-01 00:00:00+00:00,,,,,,,,32.8
1965-08-01 00:00:00+00:00,,,,,,,,32.7
1965-07-01 00:00:00+00:00,,,,,,,,32.7
1965-06-01 00:00:00+00:00,,,,,,,,32.7
1965-05-01 00:00:00+00:00,,,,,,,,32.7
1965-04-01 00:00:00+00:00,,,,,,,,32.7
1965-03-01 00:00:00+00:00,,,,,,,,32.6
1965-02-01 00:00:00+00:00,,,,,,,,32.6
1965-01-01 00:00:00+00:00,,,,,,,,32.6
1964-12-01 00:00:00+00:00,,,,,,,,32.5
1964-11-01 00:00:00+00:00,,,,,,,,32.5
1964-10-01 00:00:00+00:00,,,,,,,,32.4
1964-09-01 00:00:00+00:00,,,,,,,,32.3
1964-08-01 00:00:00+00:00,,,,,,,,32.3
1964-07-01 00:00:00+00:00,,,,,,,,32.3
1964-06-01 00:00:00+00:00,,,,,,,,32.3
1964-05-01 00:00:00+00:00,,,,,,,,32.2
1964-04-01 00:00:00+00:00,,,,,,,,32.2
1964-03-01 00:00:00+00:00,,,,,,,,32.2
1964-02-01 00:00:00+00:00,,,,,,,,32.2
1964-01-01 00:00:00+00:00,,,,,,,,32.2
1963-12-01 00:00:00+00:00,,,,,,,,32.1
1963-11-01 00:00:00+00:00,,,,,,,,32.0
1963-10-01 00:00:00+00:00,,,,,,,,32.0
1963-09-01 00:00:00+00:00,,,,,,,,31.9
1963-08-01 00:00:00+00:00,,,,,,,,31.9
1963-07-01 00:00:00+00:00,,,,,,,,31.8
1963-06-01 00:00:00+00:00,,,,,,,,31.8
1963-05-01 00:00:00+00:00,,,,,,,,31.7
1963-04-01 00:00:00+00:00,,,,,,,,31.7
1963-03-01 00:00:00+00:00,,,,,,,,31.7
1963-02-01 00:00:00+00:00,,,,,,,,31.6
1963-01-01 00:00:00+00:00,,,,,,,,31.5
1962-12-01 00:00:00+00:00,,,,,,,,31.6
1962-11-01 00:00:00+00:00,,,,,,,,31.5
1962-10-01 00:00:00+00:00,,,,,,,,31.5
1962-09-01 00:00:00+00:00,,,,,,,,31.5
1962-08-01 00:00:00+00:00,,,,,,,,31.5
1962-07-01 00:00:00+00:00,,,,,,,,31.4
1962-06-01 00:00:00+00:00,,,,,,,,31.4
1962-05-01 00:00:00+00:00,,,,,,,,31.4
1962-04-01 00:00:00+00:00,,,,,,,,31.3
1962-03-01 00:00:00+00:00,,,,,,,,31.3
1962-02-01 00:00:00+00:00,,,,,,,,31.2
1962-01-01 00:00:00+00:00,,,,,,,,31.2
1961-12-01 00:00:00+00:00,,,,,,,,31.2
1961-11-01 00:00:00+00:00,,,,,,,,31.2
1961-10-01 00:00:00+00:00,,,,,,,,31.1
1961-09-01 00:00:00+00:00,,,,,,,,31.1
1961-08-01 00:00:00+00:00,,,,,,,,31.1
1961-07-01 00:00:00+00:00,,,,,,,,31.0
1961-06-01 00:00:00+00:00,,,,,,,,31.0
1961-05-01 00:00:00+00:00,,,,,,,,30.9
1961-04-01 00:00:00+00:00,,,,,,,,30.9
1961-03-01 00:00:00+00:00,,,,,,,,30.9
1961-02-01 00:00:00+00:00,,,,,,,,30.8
1961-01-01 00:00:00+00:00,,,,,,,,30.8
1960-12-01 00:00:00+00:00,,,,,,,,30.7
1960-11-01 00:00:00+00:00,,,,,,,,30.8
1960-10-01 00:00:00+00:00,,,,,,,,30.8
1960-09-01 00:00:00+00:00,,,,,,,,30.6
1960-08-01 00:00:00+00:00,,,,,,,,30.6
1960-07-01 00:00:00+00:00,,,,,,,,30.6
1960-06-01 00:00:00+00:00,,,,,,,,30.7
1960-05-01 00:00:00+00:00,,,,,,,,30.6
1960-04-01 00:00:00+00:00,,,,,,,,30.6
1960-03-01 00:00:00+00:00,,,,,,,,30.6
1960-02-01 00:00:00+00:00,,,,,,,,30.6
1960-01-01 00:00:00+00:00,,,,,,,,30.5
1959-12-01 00:00:00+00:00,,,,,,,,30.5
1959-11-01 00:00:00+00:00,,,,,,,,30.4
1959-10-01 00:00:00+00:00,,,,,,,,30.4
1959-09-01 00:00:00+00:00,,,,,,,,30.3
1959-08-01 00:00:00+00:00,,,,,,,,30.2
1959-07-01 00:00:00+00:00,,,,,,,,30.2
1959-06-01 00:00:00+00:00,,,,,,,,30.2
1959-05-01 00:00:00+00:00,,,,,,,,30.1
1959-04-01 00:00:00+00:00,,,,,,,,30.0
1959-03-01 00:00:00+00:00,,,,,,,,30.0
1959-02-01 00:00:00+00:00,,,,,,,,29.9
1959-01-01 00:00:00+00:00,,,,,,,,29.9
1958-12-01 00:00:00+00:00,,,,,,,,29.9
1958-11-01 00:00:00+00:00,,,,,,,,29.8
1958-10-01 00:00:00+00:00,,,,,,,,29.7
1958-09-01 00:00:00+00:00,,,,,,,,29.7
1958-08-01 00:00:00+00:00,,,,,,,,29.6
1958-07-01 00:00:00+00:00,,,,,,,,29.6
1958-06-01 00:00:00+00:00,,,,,,,,29.6
1958-05-01 00:00:00+00:00,,,,,,,,29.5
1958-04-01 00:00:00+00:00,,,,,,,,29.5
1958-03-01 00:00:00+00:00,,,,,,,,29.5
1958-02-01 00:00:00+00:00,,,,,,,,29.4
1958-01-01 00:00:00+00:00,,,,,,,,29.3
1957-12-01 00:00:00+00:00,,,,,,,,29.3
1957-11-01 00:00:00+00:00,,,,,,,,29.3
1957-10-01 00:00:00+00:00,,,,,,,,29.2
1957-09-01 00:00:00+00:00,,,,,,,,29.1
1957-08-01 00:00:00+00:00,,,,,,,,29.0
1957-07-01 00:00:00+00:00,,,,,,,,29.0
1957-06-01 00:00:00+00:00,,,,,,,,28.9
1957-05-01 00:00:00+00:00,,,,,,,,28.8
1957-04-01 00:00:00+00:00,,,,,,,,28.8
1957-03-01 00:00:00+00:00,,,,,,,,28.7
1957-02-01 00:00:00+00:00,,,,,,,,28.6
1957-01-01 00:00:00+00:00,,,,,,,,28.5
