date,AU,CA,CN,EA,IN,ID,JP,MX,RU,SA,ZA,KR
2025-11-01 00:00:00+00:00,,,1.2958,,,,0.5727,,,,,2.59
2025-10-01 00:00:00+00:00,,,1.3066,2.0344,,,0.5589,7.36,,,,2.54
2025-09-01 00:00:00+00:00,,,1.3513,2.0273,,,0.5322,7.56,,5.264,,2.5
2025-08-01 00:00:00+00:00,,,1.3249,2.0211,,,0.5062,7.71,,5.404,,2.51
2025-07-01 00:00:00+00:00,,2.65,1.3021,1.9863,,,0.4887,7.98,,5.452,,2.55
2025-06-01 00:00:00+00:00,3.705,2.64,1.44,1.9836,5.58,,0.485,8.03,,5.484,,2.6
2025-05-01 00:00:00+00:00,3.88,2.64,1.4797,2.0913,5.62,,0.4728,8.3,,5.365,,2.7
2025-04-01 00:00:00+00:00,4.129,2.61,1.52,2.2482,6.3,,0.4636,8.65,21.5,5.366,,2.84
2025-03-01 00:00:00+00:00,4.115,2.82,1.5893,2.4424,6.49,,0.4584,9.02,19.82,5.408,,2.89
2025-02-01 00:00:00+00:00,4.225,2.75,1.3991,2.525,6.47,,0.4505,9.35,18.96,5.457,,3.03
2025-01-01 00:00:00+00:00,4.407,3.14,0.9539,2.703,6.6,,0.3872,9.81,18.7,5.397,,3.35
2024-12-01 00:00:00+00:00,4.456,3.38,1.3424,2.816,6.43,,0.3377,9.83,23.49,5.525,,3.28
2024-11-01 00:00:00+00:00,4.402,3.52,1.4014,3.007,6.51,,0.2646,10.23,21.68,5.53,,3.4
2024-10-01 00:00:00+00:00,4.443,3.91,1.4,3.167,6.47,,0.2103,10.47,19.64,5.616,,3.48
2024-09-01 00:00:00+00:00,4.397,4.11,1.4566,3.434,6.63,,0.2035,10.58,17.51,5.817,,3.49
2024-08-01 00:00:00+00:00,4.427,4.35,1.4124,3.548,6.67,,0.2018,10.91,16.11,6.106,,3.45
2024-07-01 00:00:00+00:00,4.429,4.63,1.4325,3.685,6.78,,0.0937,11.11,15.79,6.215,,3.59
2024-06-01 00:00:00+00:00,4.339,4.77,1.5051,3.724,6.86,,0.0852,11.13,15.1,6.268,8.5,3.6
2024-05-01 00:00:00+00:00,4.41,4.93,1.6485,3.814,6.85,,0.0688,11.14,15.12,6.252,8.52,3.58
2024-04-01 00:00:00+00:00,4.33,4.99,1.6333,3.886,6.88,,0.0516,11.13,15.09,6.212,8.48,3.63
2024-03-01 00:00:00+00:00,4.338,4.94,1.34,3.922,6.96,,0.0055,11.18,14.02,6.223,8.47,3.72
2024-02-01 00:00:00+00:00,4.355,4.95,1.7753,3.923,7.04,,-0.0942,11.31,13.49,6.242,8.49,3.67
2024-01-01 00:00:00+00:00,4.368,4.98,1.8057,3.925,6.94,,-0.1393,11.34,12.89,6.232,8.43,3.87
2023-12-01 00:00:00+00:00,4.37,4.97,2.34,3.933,6.96,,-0.157,11.28,14.18,6.321,8.46,3.98
2023-11-01 00:00:00+00:00,4.332,5.03,2.3114,3.972,6.93,6.956,-0.1926,11.36,13.05,6.32,8.72,3.96
2023-10-01 00:00:00+00:00,4.127,5.09,1.8109,3.968,6.86,6.737,-0.1961,11.38,12.35,6.283,8.47,3.85
2023-09-01 00:00:00+00:00,4.134,5.0,1.29,3.88,6.82,6.738,-0.1443,11.37,10.4,6.219,8.4,3.69
2023-08-01 00:00:00+00:00,4.163,5.01,1.5841,3.78,6.72,6.743,-0.1294,11.34,7.86,6.093,8.57,3.71
2023-07-01 00:00:00+00:00,4.279,4.87,1.626,3.672,6.72,6.744,-0.13,11.35,7.55,5.954,8.63,3.79
2023-06-01 00:00:00+00:00,4.004,4.62,1.7113,3.536,6.78,6.764,-0.154,11.32,7.67,5.935,8.15,3.79
2023-05-01 00:00:00+00:00,3.677,4.4,1.9801,3.366,6.77,6.764,-0.1602,11.51,7.32,5.829,7.95,3.5
2023-04-01 00:00:00+00:00,3.709,4.37,1.8824,3.167,6.92,6.761,-0.1679,11.55,7.63,5.726,7.34,3.49
2023-03-01 00:00:00+00:00,3.575,4.48,2.0618,2.911,6.94,6.753,-0.1655,11.59,7.12,5.575,6.67,3.66
2023-02-01 00:00:00+00:00,3.372,4.36,1.8148,2.64,6.56,6.771,-0.1457,11.29,6.94,5.528,6.46,3.53
2023-01-01 00:00:00+00:00,3.266,4.23,1.9162,2.3449,6.36,6.614,-0.1358,10.88,6.6,5.381,6.5,4.03
2022-12-01 00:00:00+00:00,3.035,4.06,2.081,2.0635,6.4,6.173,-0.1408,10.53,6.93,5.282,6.65,4.08
2022-11-01 00:00:00+00:00,2.983,3.91,1.628,1.8252,6.47,5.676,-0.1303,10.17,7.52,5.59,6.12,3.9
2022-10-01 00:00:00+00:00,2.733,3.6,1.5463,1.4277,6.08,5.131,-0.1504,9.87,8.31,4.973,6.13,3.17
2022-09-01 00:00:00+00:00,2.475,3.21,1.4708,1.0109,5.63,4.188,-0.129,9.43,7.64,3.495,5.68,2.88
2022-08-01 00:00:00+00:00,2.0915,2.65,1.4558,0.3947,5.56,3.856,-0.1311,8.87,7.36,3.028,5.81,2.63
2022-07-01 00:00:00+00:00,1.793,2.08,1.55,0.0366,5.16,3.75,-0.1493,8.53,8.7,2.9,5.13,2.31
2022-06-01 00:00:00+00:00,1.1804,1.5,1.5206,-0.2392,4.95,3.75,-0.1234,8.01,10.44,3.116,4.75,1.95
2022-05-01 00:00:00+00:00,0.72,1.43,1.8427,-0.3857,4.89,3.749,-0.1189,7.48,13.7,2.66,4.29,1.66
2022-04-01 00:00:00+00:00,0.2232,0.7,1.8842,-0.4479,3.84,3.75,-0.1125,7.17,15.06,2.3675,4.3,1.54
2022-03-01 00:00:00+00:00,0.095,0.37,1.8962,-0.4954,3.74,3.75,-0.1004,6.66,17.22,1.9585,4.15,1.46
2022-02-01 00:00:00+00:00,0.0208,0.3,1.6644,-0.5315,3.88,3.75,-0.1007,6.22,9.73,1.1987,4.03,1.51
2022-01-01 00:00:00+00:00,0.0749,0.17,2.0722,-0.5601,3.56,3.75,-0.1027,6.01,7.37,0.9366,3.85,1.41
2021-12-01 00:00:00+00:00,0.0647,0.04,2.28,-0.582,3.52,3.75,-0.1122,5.64,7.78,0.8736,3.89,1.34
2021-11-01 00:00:00+00:00,0.0517,0.14,2.2408,-0.5674,3.65,3.75,-0.1147,5.46,7.54,0.8382,3.74,1.13
2021-10-01 00:00:00+00:00,0.0194,0.12,1.8119,-0.5498,3.45,3.75,-0.1117,5.28,7.09,0.8167,3.75,0.97
2021-09-01 00:00:00+00:00,0.0125,0.12,2.09,-0.545,3.29,3.75,-0.1089,4.88,6.45,0.8005,3.9,0.89
2021-08-01 00:00:00+00:00,0.03,0.18,1.7973,-0.5476,3.38,3.75,-0.109,4.84,6.48,0.7951,3.95,0.76
2021-07-01 00:00:00+00:00,0.025,0.14,1.8732,-0.5448,3.44,3.75,-0.1016,4.61,5.71,0.7931,3.82,0.78
2021-06-01 00:00:00+00:00,0.0343,0.12,1.8343,-0.5429,3.41,3.75,-0.1022,4.12,5.67,0.792,3.71,0.64
2021-05-01 00:00:00+00:00,0.0417,0.11,1.9428,-0.5401,3.4,3.751,-0.1054,4.16,5.04,0.7921,3.56,0.69
2021-04-01 00:00:00+00:00,0.0361,0.09,1.9756,-0.5382,3.32,3.751,-0.1045,4.13,4.75,0.797,3.83,0.76
2021-03-01 00:00:00+00:00,0.0311,0.12,2.0012,-0.5391,3.22,3.775,-0.1063,4.05,4.56,0.7968,3.79,0.73
2021-02-01 00:00:00+00:00,0.01,0.07,2.4501,-0.5411,3.37,4.042,-0.1011,4.12,4.25,0.8078,3.76,0.75
2021-01-01 00:00:00+00:00,0.01,0.05,2.1518,-0.5472,3.08,4.056,-0.0991,4.22,4.03,0.8171,3.87,0.81
2020-12-01 00:00:00+00:00,0.0193,0.12,2.88,-0.5381,3.05,4.065,-0.1039,4.3,4.28,0.8233,3.71,0.7
2020-11-01 00:00:00+00:00,0.0635,0.1,2.665,-0.5209,3.17,4.304,-0.1111,4.29,4.35,0.8378,3.48,0.64
2020-10-01 00:00:00+00:00,0.0929,0.12,2.38,-0.5091,3.36,4.304,-0.1154,4.27,4.08,0.856,3.47,0.68
2020-09-01 00:00:00+00:00,0.0916,0.15,2.2348,-0.4914,3.19,4.313,-0.1179,4.41,3.98,0.8817,3.45,0.62
2020-08-01 00:00:00+00:00,0.1,0.17,1.9415,-0.4797,3.28,4.362,-0.0952,4.49,3.88,0.9106,3.88,0.58
2020-07-01 00:00:00+00:00,0.1,0.2,1.7067,-0.4441,3.14,4.65,-0.1039,4.71,4.07,0.9557,4.02,0.69
2020-06-01 00:00:00+00:00,0.095,0.18,1.458,-0.376,3.35,4.897,-0.1178,5.06,4.26,1.0264,4.17,0.7
2020-05-01 00:00:00+00:00,0.095,0.25,0.9068,-0.272,3.64,4.901,-0.1254,5.39,4.92,1.1293,4.23,1.01
2020-04-01 00:00:00+00:00,0.3413,0.2,1.3001,-0.2541,4.36,4.883,-0.1598,6.09,5.3,1.2281,5.6,1.18
2020-03-01 00:00:00+00:00,0.6192,1.32,1.7825,-0.4166,4.95,5.112,-0.2125,6.83,5.62,1.3019,6.2,1.25
2020-02-01 00:00:00+00:00,0.8636,1.64,1.78,-0.4089,5.12,5.456,-0.1031,6.93,4.99,2.1397,6.45,1.4
2020-01-01 00:00:00+00:00,0.9174,1.65,2.0092,-0.3911,4.94,5.506,-0.1019,7.17,4.97,2.217,7.16,1.51
2019-12-01 00:00:00+00:00,0.885,1.65,2.4097,-0.3947,4.89,5.5,-0.107,7.31,5.94,2.2375,7.06,1.52
2019-11-01 00:00:00+00:00,0.93,1.68,2.47,-0.4013,5.04,5.496,-0.1267,7.47,5.89,2.2303,6.97,1.44
2019-10-01 00:00:00+00:00,0.875,1.62,2.19,-0.4129,5.32,5.858,-0.1531,7.58,6.53,2.3053,6.74,1.51
2019-09-01 00:00:00+00:00,0.97,1.62,2.34,-0.4176,5.37,6.146,-0.1372,7.7,6.67,2.3822,6.94,1.45
2019-08-01 00:00:00+00:00,1.035,1.65,2.27,-0.4077,5.65,6.356,-0.1167,7.99,6.63,2.479,6.99,1.5
2019-07-01 00:00:00+00:00,1.19,1.66,1.96,-0.3649,5.98,6.924,-0.1216,8.16,6.99,2.68,7.1,1.71
2019-06-01 00:00:00+00:00,1.4,1.68,2.34,-0.3289,6.07,7.236,-0.1291,8.26,7.3,2.756,7.13,1.76
2019-05-01 00:00:00+00:00,1.565,1.68,2.23,-0.3119,6.44,7.217,-0.1278,8.22,7.24,2.851,7.23,1.82
2019-04-01 00:00:00+00:00,1.7765,1.67,2.11,-0.3105,6.23,7.213,-0.1356,8.06,7.41,2.858,6.98,1.86
2019-03-01 00:00:00+00:00,1.8606,1.67,1.97,-0.3092,6.4,7.303,-0.1359,8.09,7.16,2.892,7.11,1.87
2019-02-01 00:00:00+00:00,2.04,1.66,2.01,-0.3084,6.56,7.385,-0.16,8.12,7.65,2.94,7.34,1.86
2019-01-01 00:00:00+00:00,2.0725,1.65,2.31,-0.308,6.65,7.706,-0.1549,8.23,6.96,2.971,7.61,1.9
2018-12-01 00:00:00+00:00,1.955,1.7,2.37,-0.3119,6.73,7.674,-0.1678,8.29,7.49,2.904,7.43,1.88
2018-11-01 00:00:00+00:00,1.92,1.73,2.32,-0.3164,6.94,7.528,-0.162,8.23,7.38,2.805,7.27,1.81
2018-10-01 00:00:00+00:00,1.9161,1.6,1.93,-0.3177,7.14,7.35,-0.1478,7.89,7.09,2.739,7.12,1.71
2018-09-01 00:00:00+00:00,1.9484,1.55,2.13,-0.3188,6.85,7.129,-0.1351,7.92,6.93,2.642,7.16,1.66
2018-08-01 00:00:00+00:00,1.962,1.45,2.12,-0.319,6.73,7.081,-0.1361,7.89,6.94,2.608,7.09,1.68
2018-07-01 00:00:00+00:00,2.09,1.2,2.42,-0.3207,6.48,7.258,-0.1359,7.9,6.63,2.608,7.07,1.68
2018-06-01 00:00:00+00:00,1.9763,1.26,2.92,-0.322,6.4,7.085,-0.1452,7.88,6.5,2.505,7.02,1.65
2018-05-01 00:00:00+00:00,2.025,1.21,2.63,-0.3252,6.23,5.756,-0.1439,7.74,6.34,2.4163,6.99,1.65
2018-04-01 00:00:00+00:00,2.065,1.09,2.61,-0.3285,6.11,5.361,-0.1544,7.64,6.0,2.3227,6.87,1.65
2018-03-01 00:00:00+00:00,1.795,1.14,3.12,-0.3279,6.36,5.314,-0.1634,7.65,6.2,2.0745,7.04,1.64
2018-02-01 00:00:00+00:00,1.77,1.2,3.18,-0.3285,6.4,5.311,-0.1406,7.56,6.67,1.8952,7.21,1.64
2018-01-01 00:00:00+00:00,1.79,1.05,3.3,-0.3285,6.27,5.369,-0.1183,7.36,6.16,1.8929,7.49,1.7
2017-12-01 00:00:00+00:00,1.745,0.88,3.93,-0.3279,6.15,5.247,-0.1264,7.31,7.17,1.8735,7.52,1.68
2017-11-01 00:00:00+00:00,1.705,0.91,3.51,-0.329,6.11,5.165,-0.139,7.13,7.57,1.8078,7.4,1.46
2017-10-01 00:00:00+00:00,1.695,1.0,3.24,-0.3295,6.07,5.2,-0.1272,7.09,7.69,1.7923,7.11,1.37
2017-09-01 00:00:00+00:00,1.735,0.81,2.99,-0.3294,6.11,5.542,-0.117,7.09,7.85,1.7936,7.13,1.35
2017-08-01 00:00:00+00:00,1.69,0.73,2.92,-0.3291,6.15,6.885,-0.1109,7.11,7.89,1.7968,7.15,1.37
2017-07-01 00:00:00+00:00,1.71,0.73,3.2,-0.3304,6.31,6.95,-0.1042,7.08,,1.7934,7.44,1.38
2017-06-01 00:00:00+00:00,1.73,0.53,3.38,-0.33,6.31,6.865,-0.1033,7.05,,1.75,7.39,1.35
2017-05-01 00:00:00+00:00,1.748,0.52,3.04,-0.3295,6.23,6.85,-0.1266,6.82,,1.7263,7.43,1.38
2017-04-01 00:00:00+00:00,1.79,0.52,2.88,-0.3304,5.86,6.859,-0.1348,6.66,,1.7468,7.29,1.42
2017-03-01 00:00:00+00:00,1.79,0.48,2.59,-0.3293,6.07,6.848,-0.1573,6.56,,1.7457,7.19,1.41
2017-02-01 00:00:00+00:00,1.77,0.47,2.59,-0.3286,6.19,6.83,-0.1491,6.37,,1.893,7.36,1.43
2017-01-01 00:00:00+00:00,1.8,0.46,2.57,-0.3255,6.19,7.324,-0.1534,6.25,,2.0209,7.64,1.47
2016-12-01 00:00:00+00:00,1.76,0.49,2.36,-0.3158,5.94,7.013,-0.1504,5.87,,2.0409,7.6,1.62
2016-11-01 00:00:00+00:00,1.76,0.47,1.98,-0.3127,6.4,6.948,-0.1497,5.47,,2.1739,7.4,1.42
2016-10-01 00:00:00+00:00,1.73,0.52,1.94,-0.309,6.36,7.082,-0.1589,4.85,,2.3716,7.23,1.32
2016-09-01 00:00:00+00:00,1.73,0.51,1.97,-0.3016,6.56,7.143,-0.1559,4.48,,2.3445,7.35,1.29
2016-08-01 00:00:00+00:00,1.79,0.52,2.06,-0.2982,6.56,7.148,-0.1552,4.36,,2.271,7.33,1.27
2016-07-01 00:00:00+00:00,1.955,0.49,2.2,-0.2945,6.73,7.217,-0.2056,4.39,,2.2262,7.27,1.3
2016-06-01 00:00:00+00:00,2.0,0.53,2.19,-0.2679,6.85,6.807,-0.1878,4.14,,2.2078,7.17,1.52
2016-05-01 00:00:00+00:00,2.14,0.54,2.18,-0.2572,6.85,6.554,-0.1973,3.94,,2.0985,7.15,1.54
2016-04-01 00:00:00+00:00,2.28,0.45,1.97,-0.2492,7.27,6.711,-0.1647,3.83,,1.9122,7.18,1.56
2016-03-01 00:00:00+00:00,2.285,0.47,1.94,-0.2285,7.27,7.395,-0.1391,3.91,,1.7726,6.97,1.53
2016-02-01 00:00:00+00:00,2.27,0.45,2.05,-0.1836,7.35,8.446,-0.1338,3.53,,1.7338,6.94,1.59
2016-01-01 00:00:00+00:00,2.33,0.49,2.26,-0.1461,7.23,8.69,0.0132,3.3,,1.6408,6.89,1.66
2015-12-01 00:00:00+00:00,2.27,0.5,2.52,-0.1263,7.14,8.695,0.0105,3.29,,1.3329,6.48,1.75
2015-11-01 00:00:00+00:00,2.1,0.42,2.37,-0.0876,7.1,8.303,0.0093,3.22,,1.0347,6.18,1.55
2015-10-01 00:00:00+00:00,2.16,0.44,2.29,-0.0536,7.06,8.233,0.0112,3.13,,0.9336,6.19,1.55
2015-09-01 00:00:00+00:00,2.13,0.36,,-0.037,7.44,7.557,0.0334,3.33,,0.8824,6.19,1.57
2015-08-01 00:00:00+00:00,2.138,0.38,,-0.0277,7.44,7.503,0.0354,3.35,,0.8254,6.16,1.56
2015-07-01 00:00:00+00:00,2.14,0.55,,-0.0187,7.56,6.983,0.0354,3.13,,0.7769,6.06,1.6
2015-06-01 00:00:00+00:00,2.13,0.61,,-0.0139,7.69,6.915,0.0358,3.12,,0.775,5.69,1.74
2015-05-01 00:00:00+00:00,2.2,0.66,,-0.0104,7.94,6.873,0.0327,3.09,,0.7741,5.78,1.76
2015-04-01 00:00:00+00:00,2.195,0.56,,0.0047,7.85,6.877,0.0335,3.09,,0.7727,5.78,1.76
2015-03-01 00:00:00+00:00,2.28,0.57,,0.0272,8.23,6.827,0.0305,3.12,,0.7753,5.84,2.03
2015-02-01 00:00:00+00:00,2.487,0.57,,0.0482,8.27,7.107,0.0369,2.94,,0.8169,5.91,2.02
2015-01-01 00:00:00+00:00,2.75,0.92,,0.0627,8.31,7.162,0.0387,2.91,,0.8564,6.13,2.14
2014-12-01 00:00:00+00:00,2.73,0.91,,0.0809,8.23,7.221,0.0318,2.92,,0.8622,5.96,2.07
2014-11-01 00:00:00+00:00,2.73,0.89,,0.0809,8.31,7.5,0.0479,2.92,,0.8915,5.78,2.09
2014-10-01 00:00:00+00:00,2.7,0.92,,0.0826,8.48,8.069,0.0516,2.95,,0.9211,5.97,2.27
2014-09-01 00:00:00+00:00,2.62,0.94,,0.0971,8.6,8.131,0.067,2.86,,0.9404,6.01,2.35
2014-08-01 00:00:00+00:00,2.64,0.96,,0.1916,8.65,8.149,0.0752,2.89,,0.9474,6.0,2.5
2014-07-01 00:00:00+00:00,2.68,0.94,,0.205,8.52,8.15,0.0797,2.9,,0.95,5.97,2.64
2014-06-01 00:00:00+00:00,2.69,0.93,,0.2414,8.56,8.149,0.0838,3.08,,0.952,5.7,2.65
2014-05-01 00:00:00+00:00,2.67,0.94,,0.3246,8.86,8.148,0.0844,3.42,,0.9516,5.78,2.65
2014-04-01 00:00:00+00:00,2.66,0.9,,0.3297,8.9,8.13,0.085,3.37,,0.9516,5.66,2.65
2014-03-01 00:00:00+00:00,2.62,0.84,,0.3053,9.19,8.023,0.091,3.29,,0.9514,5.76,2.65
2014-02-01 00:00:00+00:00,2.61,0.88,,0.2881,8.98,7.991,0.0955,3.39,,0.9521,5.59,2.65
2014-01-01 00:00:00+00:00,2.601,0.9,,0.292,8.73,7.859,0.097,3.41,,0.9579,5.24,2.66
2013-12-01 00:00:00+00:00,2.58,0.94,,0.2735,8.69,7.622,0.098,3.41,,0.8462,5.13,2.65
2013-11-01 00:00:00+00:00,2.58,0.91,,0.2234,,7.24,0.097,3.48,,0.9583,5.07,2.65
2013-10-01 00:00:00+00:00,2.58,0.97,,0.2258,,7.159,0.0971,3.47,,0.9575,5.04,2.66
2013-09-01 00:00:00+00:00,2.56,0.99,,0.2232,,6.751,0.0997,3.68,,0.9548,5.08,2.66
2013-08-01 00:00:00+00:00,2.615,1.0,,0.2259,,6.116,0.1,3.89,,0.9581,5.09,2.66
2013-07-01 00:00:00+00:00,2.81,1.03,,0.2214,,5.361,0.1,3.89,,0.9617,5.15,2.68
2013-06-01 00:00:00+00:00,2.78,1.02,,0.2103,,4.904,0.1,3.83,,0.9628,5.07,2.68
2013-05-01 00:00:00+00:00,2.908,0.99,,0.2012,,4.9,0.1,3.73,,0.9656,5.1,2.76
2013-04-01 00:00:00+00:00,3.06,0.98,,0.2089,,4.9,0.1,3.89,,0.9461,5.1,2.75
2013-03-01 00:00:00+00:00,2.955,0.96,,0.2061,,4.9,0.1003,4.0,,0.9493,5.03,2.76
2013-02-01 00:00:00+00:00,2.95,0.93,,0.2234,,4.952,0.1039,4.19,,0.9828,5.04,2.81
2013-01-01 00:00:00+00:00,3.04,0.92,,0.2049,,4.992,0.1049,4.3,,0.9957,5.07,2.87
2012-12-01 00:00:00+00:00,3.112,0.95,,0.1855,,4.907,0.105,4.21,,0.9903,4.93,2.82
2012-11-01 00:00:00+00:00,3.13,0.99,,0.192,,4.907,0.105,4.46,,0.9737,4.94,2.82
2012-10-01 00:00:00+00:00,3.23,0.97,,0.2079,,4.905,0.105,4.35,,0.9662,4.92,3.05
2012-09-01 00:00:00+00:00,3.55,1.03,,0.2463,,4.932,0.1934,4.27,,0.9556,4.99,3.08
2012-08-01 00:00:00+00:00,3.556,0.98,,0.3324,,4.793,0.1945,4.32,,0.9505,5.08,3.12
2012-07-01 00:00:00+00:00,3.55,0.87,,0.497,,4.694,0.1957,4.41,,0.9441,5.59,3.5
2012-06-01 00:00:00+00:00,3.36,0.88,,0.6589,,4.505,0.1957,4.46,,0.9233,5.57,3.51
2012-05-01 00:00:00+00:00,3.827,1.05,,0.6849,,4.231,0.1957,4.39,,0.9063,5.57,3.52
2012-04-01 00:00:00+00:00,4.26,0.93,,0.7443,,4.208,0.1957,4.35,,0.889,5.57,3.53
2012-03-01 00:00:00+00:00,4.44,0.94,,0.8585,,4.252,0.1957,4.43,,0.8651,5.53,3.53
2012-02-01 00:00:00+00:00,4.31,0.89,,1.0483,,4.67,0.1957,4.39,,0.8352,5.47,3.55
2012-01-01 00:00:00+00:00,4.43,0.82,,1.2222,,5.26,0.1957,4.46,,0.7965,5.47,3.56
2011-12-01 00:00:00+00:00,4.56,0.85,,1.4261,,5.362,0.1959,4.44,,0.7499,5.49,3.55
2011-11-01 00:00:00+00:00,4.625,0.88,,1.4847,,5.758,0.1963,4.37,,0.7122,5.49,3.57
2011-10-01 00:00:00+00:00,4.69,0.81,,1.5759,,6.088,0.1948,4.37,,0.6645,5.49,3.57
2011-09-01 00:00:00+00:00,4.835,0.94,,1.5365,,6.698,0.1934,4.28,,0.6002,5.49,3.58
2011-08-01 00:00:00+00:00,4.95,0.9,,1.5521,,7.076,0.1934,4.22,,0.6,5.49,3.6
2011-07-01 00:00:00+00:00,4.98,0.93,,1.5976,,7.146,0.1953,4.27,,0.6123,5.48,3.56
2011-06-01 00:00:00+00:00,5.01,0.95,,1.4886,,7.13,0.1953,4.39,,0.6608,5.46,3.45
2011-05-01 00:00:00+00:00,4.935,0.98,,1.4251,,7.121,0.1956,4.45,,0.7337,5.45,3.43
2011-04-01 00:00:00+00:00,4.9,0.95,,1.3212,,7.03,0.1981,4.39,,0.75,5.47,3.37
2011-03-01 00:00:00+00:00,4.95,0.95,,1.1755,,6.704,0.1965,4.32,,0.75,5.52,3.16
2011-02-01 00:00:00+00:00,4.915,0.94,,1.0867,,6.609,0.1898,4.29,,0.75,5.52,3.04
2011-01-01 00:00:00+00:00,4.97,0.98,,1.0172,,6.637,0.1883,4.44,,0.75,5.6,2.8
2010-12-01 00:00:00+00:00,,1.01,,1.0217,,6.648,0.1846,4.53,,0.7476,5.52,2.8
2010-11-01 00:00:00+00:00,,0.91,,1.042,,6.791,0.194,4.25,,0.7286,5.8,2.66
2010-10-01 00:00:00+00:00,,0.87,,0.9977,,6.953,0.2015,4.39,,0.7286,6.04,2.67
2010-09-01 00:00:00+00:00,,0.7,,0.8805,,6.944,0.225,4.61,,0.72,6.27,2.67
2010-08-01 00:00:00+00:00,,0.67,,0.8955,,6.981,0.2387,4.64,,0.7201,6.45,2.66
2010-07-01 00:00:00+00:00,,0.5,,0.8488,,6.931,0.2441,4.64,,0.7258,6.54,2.49
2010-06-01 00:00:00+00:00,,0.5,,0.7276,,6.935,0.2436,4.66,,0.7261,6.57,2.47
2010-05-01 00:00:00+00:00,,0.39,,0.6865,,6.922,0.2444,4.64,,0.7267,6.59,2.45
2010-04-01 00:00:00+00:00,,0.29,,0.6447,,7.05,0.2385,4.63,,0.7257,6.59,2.75
2010-03-01 00:00:00+00:00,,0.17,,0.645,,7.035,0.246,4.64,,0.7393,7.05,2.88
2010-02-01 00:00:00+00:00,,0.16,,0.6617,,7.035,0.2538,4.64,,0.7698,7.07,2.88
2010-01-01 00:00:00+00:00,,0.18,,0.6798,,7.05,0.2605,4.62,,0.772,7.14,2.86
2009-12-01 00:00:00+00:00,,0.21,,0.712,,7.106,0.2802,4.6,,0.7679,7.03,2.79
2009-11-01 00:00:00+00:00,,0.22,,0.7162,,7.103,0.3105,4.61,,0.7687,7.03,2.79
2009-10-01 00:00:00+00:00,,0.22,,0.7375,,6.971,0.3348,4.64,,0.7154,6.9,2.73
2009-09-01 00:00:00+00:00,,0.2,,0.7721,,7.003,0.3607,4.6,,0.6499,6.98,2.57
2009-08-01 00:00:00+00:00,,0.27,,0.8605,,7.221,0.3992,4.59,,0.6452,7.44,2.41
2009-07-01 00:00:00+00:00,,0.22,,0.975,,7.509,0.4306,4.69,,0.6474,7.38,2.41
2009-06-01 00:00:00+00:00,,0.2,,1.2279,,8.032,0.4889,5.03,,0.7405,7.06,2.41
2009-05-01 00:00:00+00:00,,0.19,,1.2817,,8.741,0.5326,5.24,,0.8866,8.09,2.41
2009-04-01 00:00:00+00:00,,0.39,,1.4223,,9.268,0.5667,5.99,,1.0422,8.24,2.41
2009-03-01 00:00:00+00:00,,0.52,,1.6355,,9.941,0.6201,7.22,,1.1495,8.92,2.48
2009-02-01 00:00:00+00:00,,0.86,,1.9431,,10.587,0.6438,7.32,,1.1519,10.1,2.94
2009-01-01 00:00:00+00:00,,0.84,,2.4565,,11.917,0.7341,7.66,,1.7704,10.79,3.94
2008-12-01 00:00:00+00:00,,1.54,,3.293,,12.458,0.9221,8.2,,3.138,10.9,5.43
2008-11-01 00:00:00+00:00,,1.75,,4.238,,12.403,0.9094,7.96,,3.909,10.7,5.85
2008-10-01 00:00:00+00:00,,1.68,,5.113,,10.918,1.0377,8.13,,4.569,11.11,5.83
2008-09-01 00:00:00+00:00,,2.4,,5.019,,9.869,0.907,8.32,,4.324,11.16,5.79
2008-08-01 00:00:00+00:00,,2.39,,4.965,,9.796,0.8873,8.35,,4.012,11.52,5.68
2008-07-01 00:00:00+00:00,,2.44,,4.961,,9.411,0.9158,8.21,,3.718,11.38,5.36
2008-06-01 00:00:00+00:00,,2.58,,4.94,,8.731,0.924,7.79,,3.212,11.55,5.35
2008-05-01 00:00:00+00:00,,2.66,,4.857,,8.164,0.9163,7.59,,2.3345,10.46,5.32
2008-04-01 00:00:00+00:00,,1.98,,4.784,,8.106,0.9206,7.54,,1.9468,10.04,5.35
2008-03-01 00:00:00+00:00,,2.98,,4.596,,8.049,0.9663,7.47,,2.26,10.24,5.18
2008-02-01 00:00:00+00:00,,3.34,,4.362,,8.069,0.8957,7.51,,2.996,10.31,5.56
2008-01-01 00:00:00+00:00,,3.78,,4.482,,,0.8943,7.58,,2.996,10.52,5.8
2007-12-01 00:00:00+00:00,,3.91,,4.848,,,0.9903,7.6,,4.035,10.43,5.56
2007-11-01 00:00:00+00:00,,3.96,,4.639,,,0.9109,7.6,,4.28,9.96,5.34
2007-10-01 00:00:00+00:00,,3.99,,4.687,,,0.9711,7.43,,4.997,9.43,5.34
2007-09-01 00:00:00+00:00,,4.08,,4.742,,,0.9865,7.36,,5.09,9.26,5.29
2007-08-01 00:00:00+00:00,,4.54,,4.544,,,0.9182,7.38,,5.034,8.86,5.08
2007-07-01 00:00:00+00:00,,4.42,,4.216,,,0.7733,7.34,,5.03,9.1,5.02
2007-06-01 00:00:00+00:00,,4.3,,4.148,,,0.7338,7.38,,5.039,8.84,5.05
2007-05-01 00:00:00+00:00,,4.16,,4.071,,,0.6709,7.41,,5.045,8.32,4.99
2007-04-01 00:00:00+00:00,,4.16,,3.975,,,0.6639,7.15,,5.051,8.26,4.94
2007-03-01 00:00:00+00:00,,4.19,,3.891,,,0.7071,7.21,,5.051,8.41,4.94
2007-02-01 00:00:00+00:00,,4.18,,3.818,,,0.5892,7.19,,5.241,8.87,4.96
2007-01-01 00:00:00+00:00,,4.15,,3.752,,,0.5621,7.19,,4.968,8.49,4.85
2006-12-01 00:00:00+00:00,,4.15,,3.684,,,0.5551,7.16,,,8.26,4.66
2006-11-01 00:00:00+00:00,,4.16,,3.597,,,0.479,7.16,,,8.27,4.6
2006-10-01 00:00:00+00:00,,4.16,,3.502,,,0.4377,7.21,,,8.0,4.61
2006-09-01 00:00:00+00:00,,4.12,,3.335,,,0.4177,7.18,,,7.7,4.69
2006-08-01 00:00:00+00:00,,4.15,,3.227,,,0.4125,7.17,,,7.63,4.63
2006-07-01 00:00:00+00:00,,4.3,,3.102,,,0.3965,7.18,,,7.19,4.57
2006-06-01 00:00:00+00:00,,4.17,,2.986,,,0.3247,7.33,,,6.83,4.36
2006-05-01 00:00:00+00:00,,4.06,,2.889,,,0.1889,7.12,,,6.74,4.37
2006-04-01 00:00:00+00:00,,3.86,,2.794,,,0.1123,7.28,,,6.6,4.27
2006-03-01 00:00:00+00:00,,3.74,,2.723,,,0.1042,7.38,,,6.59,4.26
2006-02-01 00:00:00+00:00,,3.54,,2.6,,,0.0748,7.57,,,6.69,4.22
2006-01-01 00:00:00+00:00,,3.39,,2.512,,,0.0669,7.8,,,6.78,4.13
2005-12-01 00:00:00+00:00,,3.31,,2.4729,,,0.0658,8.2,,,6.89,3.96
2005-11-01 00:00:00+00:00,,3.11,,2.3609,,,0.0647,8.76,,,6.84,3.9
2005-10-01 00:00:00+00:00,,2.89,,2.1966,,,0.0638,8.95,,,6.79,3.87
2005-09-01 00:00:00+00:00,,2.65,,2.1391,,,0.0583,9.14,,,6.71,3.51
2005-08-01 00:00:00+00:00,,2.6,,2.1325,,,0.0559,9.69,,,6.73,3.51
2005-07-01 00:00:00+00:00,,2.52,,2.1194,,,0.0562,9.74,,,6.75,
2005-06-01 00:00:00+00:00,,2.43,,2.111,,,0.0538,9.76,,,6.76,
2005-05-01 00:00:00+00:00,,2.46,,2.1256,,,0.0543,9.92,,,6.73,
2005-04-01 00:00:00+00:00,,2.52,,2.1372,,,0.0533,10.0,,,7.17,
2005-03-01 00:00:00+00:00,,2.46,,2.1372,,,0.053,9.74,,,7.2,
2005-02-01 00:00:00+00:00,,2.43,,2.1384,,,0.0522,9.31,,,7.24,
2005-01-01 00:00:00+00:00,,2.46,,2.1454,,,0.0529,8.74,,,7.32,
2004-12-01 00:00:00+00:00,,2.53,,2.1732,,,0.0519,8.72,,,7.2,
2004-11-01 00:00:00+00:00,,2.57,,2.1703,,,0.0523,8.58,,,7.28,
2004-10-01 00:00:00+00:00,,2.45,,2.1473,,,0.0527,8.11,,,7.2,
2004-09-01 00:00:00+00:00,,2.2,,2.1186,,,0.0522,7.75,,,7.15,
2004-08-01 00:00:00+00:00,,2.05,,2.1143,,,0.0514,7.5,,,7.87,
2004-07-01 00:00:00+00:00,,2.0,,2.116,,,0.0516,7.3,,,7.87,
2004-06-01 00:00:00+00:00,,2.0,,2.1127,,,0.0503,7.26,,,7.75,
2004-05-01 00:00:00+00:00,,1.92,,2.0859,,,0.0477,7.08,,,7.69,
2004-04-01 00:00:00+00:00,,1.97,,2.0488,,,0.0475,5.96,,,7.8,
2004-03-01 00:00:00+00:00,,2.12,,2.0288,,,0.0516,6.21,,,7.58,
2004-02-01 00:00:00+00:00,,2.27,,2.0706,,,0.0517,5.63,,,7.56,
2004-01-01 00:00:00+00:00,,2.56,,2.0895,,,0.0571,5.11,,,7.56,
2003-12-01 00:00:00+00:00,,2.65,,2.1463,,,0.0574,6.18,,,7.14,
2003-11-01 00:00:00+00:00,,2.66,,2.159,,,0.056,5.23,,,7.81,
2003-10-01 00:00:00+00:00,,2.58,,2.1436,,,0.0568,5.38,,,8.81,
2003-09-01 00:00:00+00:00,,2.67,,2.1473,,,0.0544,5.2,,,9.96,
2003-08-01 00:00:00+00:00,,2.86,,2.1404,,,0.0534,5.11,,,10.63,
2003-07-01 00:00:00+00:00,,3.06,,2.13,,,0.0499,5.27,,,10.68,
2003-06-01 00:00:00+00:00,,3.16,,2.1519,,,0.0576,5.37,,,12.03,
2003-05-01 00:00:00+00:00,,3.18,,2.4005,,,0.0588,5.75,,,12.73,
2003-04-01 00:00:00+00:00,,3.16,,2.533,,,0.0604,8.0,,,12.75,
2003-03-01 00:00:00+00:00,,2.89,,2.53,,,0.056,9.12,,,12.73,
2003-02-01 00:00:00+00:00,,2.82,,2.688,,,0.0591,8.86,,,12.38,
2003-01-01 00:00:00+00:00,,2.67,,2.832,,,0.0619,8.69,,,12.42,
2002-12-01 00:00:00+00:00,,2.71,,2.941,,,0.0609,7.27,,,12.28,
2002-11-01 00:00:00+00:00,,2.71,,3.124,,,0.0707,7.83,,,12.32,
2002-10-01 00:00:00+00:00,,2.75,,3.261,,,0.0713,8.23,,,12.41,
2002-09-01 00:00:00+00:00,,2.91,,3.31,,,0.0651,7.82,,,11.73,
2002-08-01 00:00:00+00:00,,2.79,,3.352,,,0.0664,7.07,,,11.35,
2002-07-01 00:00:00+00:00,,2.75,,3.41,,,0.0713,7.88,,,11.42,
2002-06-01 00:00:00+00:00,,2.61,,3.464,,,0.0698,7.49,,,11.39,
2002-05-01 00:00:00+00:00,,2.39,,3.467,,,0.0772,6.69,,,10.96,
2002-04-01 00:00:00+00:00,,2.24,,3.407,,,0.0808,6.16,,,10.44,
2002-03-01 00:00:00+00:00,,2.06,,3.391,,,0.1032,7.31,,,9.56,
2002-02-01 00:00:00+00:00,,1.96,,3.357,,,0.0951,8.17,,,9.45,
2002-01-01 00:00:00+00:00,,1.91,,3.339,,,0.0879,7.35,,,9.47,
2001-12-01 00:00:00+00:00,,2.04,,3.345,,,0.084,7.53,,,8.94,
2001-11-01 00:00:00+00:00,,2.34,,3.386,,,0.0778,8.69,,,8.85,
2001-10-01 00:00:00+00:00,,3.05,,3.6,,,0.0779,9.68,,,8.89,
2001-09-01 00:00:00+00:00,,3.81,,3.983,,,0.0635,10.88,,,9.37,
2001-08-01 00:00:00+00:00,,4.03,,4.353,,,0.0764,8.54,,,9.38,
2001-07-01 00:00:00+00:00,,4.35,,4.467,,,0.0798,10.25,,,9.65,
2001-06-01 00:00:00+00:00,,4.33,,4.454,,,0.0691,10.27,,,10.38,
2001-05-01 00:00:00+00:00,,4.41,,4.637,,,0.0751,12.61,,,10.4,
2001-04-01 00:00:00+00:00,,4.63,,4.682,,,0.0995,15.4,,,10.32,
2001-03-01 00:00:00+00:00,,4.86,,4.709,,,0.1941,16.47,,,10.13,
2001-02-01 00:00:00+00:00,,5.11,,4.756,,,0.4084,18.07,,,10.12,
2001-01-01 00:00:00+00:00,,5.46,,4.771,,,0.4989,18.5,,,10.25,
2000-12-01 00:00:00+00:00,,,,4.939,,,0.617,17.41,,,10.21,
2000-11-01 00:00:00+00:00,,,,5.092,,,0.5527,18.01,,,10.25,
2000-10-01 00:00:00+00:00,,,,5.041,,,0.5219,17.06,,,10.18,
2000-09-01 00:00:00+00:00,,,,4.853,,,0.4081,16.15,,,10.13,
2000-08-01 00:00:00+00:00,,,,4.777,,,0.3126,15.71,,,10.21,
2000-07-01 00:00:00+00:00,,,,4.583,,,0.2239,14.62,,,10.25,
2000-06-01 00:00:00+00:00,,,,4.502,,,0.1279,16.61,,,10.47,
2000-05-01 00:00:00+00:00,,,,4.362,,,0.103,15.58,,,10.11,
2000-04-01 00:00:00+00:00,,,,3.925,,,0.1176,14.37,,,9.83,
2000-03-01 00:00:00+00:00,,,,3.747,,,0.1409,14.46,,,9.77,
2000-02-01 00:00:00+00:00,,,,3.537,,,0.1266,16.44,,,9.782,
2000-01-01 00:00:00+00:00,,,,3.343,,,0.1451,17.43,,,10.71,
1999-12-01 00:00:00+00:00,,,,3.446,,,0.3148,17.65,,,10.698,
1999-11-01 00:00:00+00:00,,,,3.468,,,0.3001,18.68,,,10.73,
1999-10-01 00:00:00+00:00,,,,3.376,,,0.2483,20.3,,,10.832,
1999-09-01 00:00:00+00:00,,,,2.727,,,0.0993,21.34,,,11.65,
1999-08-01 00:00:00+00:00,,,,2.695,,,0.0948,21.49,,,11.62,
1999-07-01 00:00:00+00:00,,,,2.677,,,0.1099,20.78,,,12.897,
1999-06-01 00:00:00+00:00,,,,2.627,,,0.0971,21.35,,,13.7,
1999-05-01 00:00:00+00:00,,,,2.579,,,0.1093,21.02,,,13.35,
1999-04-01 00:00:00+00:00,,,,2.697,,,0.1518,21.05,,,14.12,
1999-03-01 00:00:00+00:00,,,,3.047,,,0.1958,23.86,,,15.08,
1999-02-01 00:00:00+00:00,,,,3.093,,,0.3772,28.72,,,16.04,
1999-01-01 00:00:00+00:00,,,,3.132,,,0.511,32.27,,,16.78,
1998-12-01 00:00:00+00:00,,,,3.37,,,0.492,34.35,,,17.43,
1998-11-01 00:00:00+00:00,,,,3.69,,,0.4011,34.3,,,18.5,
1998-10-01 00:00:00+00:00,,,,3.81,,,0.4033,37.53,,,20.09,
1998-09-01 00:00:00+00:00,,,,3.93,,,0.4835,41.9,,,21.76,
1998-08-01 00:00:00+00:00,,,,3.93,,,0.6464,25.22,,,19.32,
1998-07-01 00:00:00+00:00,,,,3.95,,,0.6411,21.82,,,17.4,
1998-06-01 00:00:00+00:00,,,,4.02,,,0.5678,20.99,,,14.4,
1998-05-01 00:00:00+00:00,,,,4.06,,,0.5649,18.85,,,12.81,
1998-04-01 00:00:00+00:00,,,,4.09,,,0.6587,19.47,,,12.92,
1998-03-01 00:00:00+00:00,,,,4.11,,,0.7276,20.76,,,13.69,
1998-02-01 00:00:00+00:00,,,,4.24,,,0.8422,19.63,,,14.25,
1998-01-01 00:00:00+00:00,,,,4.26,,,0.7515,19.37,,,14.65,
1997-12-01 00:00:00+00:00,,,,4.37,,,0.7354,19.88,,,14.59,
1997-11-01 00:00:00+00:00,,,,4.49,,,0.4945,22.01,,,14.49,
1997-10-01 00:00:00+00:00,,,,4.44,,,0.5321,19.91,,,14.69,
1997-09-01 00:00:00+00:00,,,,4.31,,,0.5755,20.51,,,14.74,
1997-08-01 00:00:00+00:00,,,,4.36,,,0.5854,20.15,,,14.82,
1997-07-01 00:00:00+00:00,,,,4.3,,,0.6323,19.4,,,15.24,
1997-06-01 00:00:00+00:00,,,,4.29,,,0.6071,21.4,,,15.64,
1997-05-01 00:00:00+00:00,,,,4.3,,,0.5856,20.59,,,15.7,
1997-04-01 00:00:00+00:00,,,,4.39,,,0.5632,22.37,,,15.79,
1997-03-01 00:00:00+00:00,,,,4.5,,,0.5493,22.32,,,15.8,
1997-02-01 00:00:00+00:00,,,,4.43,,,0.502,21.96,,,15.84,
1997-01-01 00:00:00+00:00,,,,4.39,,,0.4973,24.6,,,16.1,
1996-12-01 00:00:00+00:00,,,,4.5,,,0.4643,26.51,,,15.71,
1996-11-01 00:00:00+00:00,,,,4.57,,,0.4978,28.94,,,14.98,
1996-10-01 00:00:00+00:00,,,,4.69,,,0.498,27.68,,,15.06,
1996-09-01 00:00:00+00:00,,,,4.86,,,0.5143,27.79,,,15.79,
1996-08-01 00:00:00+00:00,,,,5.08,,,0.6037,29.16,,,15.11,
1996-07-01 00:00:00+00:00,,,,5.06,,,0.6799,31.66,,,15.1,
1996-06-01 00:00:00+00:00,,,,5.08,,,0.5721,29.64,,,16.06,
1996-05-01 00:00:00+00:00,,,,5.06,,,0.6223,31.07,,,15.09,
1996-04-01 00:00:00+00:00,,,,5.27,,,0.62,37.15,,,14.18,
1996-03-01 00:00:00+00:00,,,,5.5,,,0.6239,43.05,,,14.07,
1996-02-01 00:00:00+00:00,,,,5.58,,,0.6358,40.66,,,13.935,
1996-01-01 00:00:00+00:00,,,,5.81,,,0.5313,41.57,,,14.22,
1995-12-01 00:00:00+00:00,,,,6.32,,,0.4609,48.01,,,13.72,
1995-11-01 00:00:00+00:00,,,,6.45,,,0.4766,54.19,,,13.68,
1995-10-01 00:00:00+00:00,,,,6.75,,,0.4389,41.2,,,13.96,
1995-09-01 00:00:00+00:00,,,,6.5,,,0.5729,34.33,,,13.97,
1995-08-01 00:00:00+00:00,,,,6.66,,,0.8685,35.88,,,13.9,
1995-07-01 00:00:00+00:00,,,,6.92,,,0.9576,39.72,,,14.07,
1995-06-01 00:00:00+00:00,,,,7.08,,,1.2017,47.31,,,13.89,
1995-05-01 00:00:00+00:00,,,,7.04,,,1.356,54.71,,,13.47,
1995-04-01 00:00:00+00:00,,,,7.29,,,1.5594,71.5,,,12.83,
1995-03-01 00:00:00+00:00,,,,7.58,,,2.1634,71.2,,,13.19,
1995-02-01 00:00:00+00:00,,,,6.59,,,2.3211,41.65,,,12.62,
1995-01-01 00:00:00+00:00,,,,6.66,,,2.3643,39.23,,,12.69,
1994-12-01 00:00:00+00:00,,,,6.69,,,2.3807,19.62,,,12.77,
1994-11-01 00:00:00+00:00,,,,6.4,,,2.375,14.54,,,12.07,
1994-10-01 00:00:00+00:00,,,,6.43,,,2.3854,13.98,,,11.84,
1994-09-01 00:00:00+00:00,,,,6.38,,,2.3757,14.15,,,10.73,
1994-08-01 00:00:00+00:00,,,,6.43,,,2.3329,14.76,,,10.89,
1994-07-01 00:00:00+00:00,,,,6.34,,,2.1935,17.38,,,10.69,
1994-06-01 00:00:00+00:00,,,,6.3,,,2.1719,16.74,,,11.0,
1994-05-01 00:00:00+00:00,,,,6.24,,,2.2301,17.44,,,10.41,
1994-04-01 00:00:00+00:00,,,,6.57,,,2.3125,15.92,,,10.16,
1994-03-01 00:00:00+00:00,,,,6.75,,,2.3417,10.31,,,10.15,
1994-02-01 00:00:00+00:00,,,,6.86,,,2.2633,9.8,,,10.16,
1994-01-01 00:00:00+00:00,,,,6.91,,,2.1945,10.75,,,10.17,
1993-12-01 00:00:00+00:00,,,,6.91,,,2.1019,11.71,,,10.21,
1993-11-01 00:00:00+00:00,,,,7.2,,,2.3551,13.72,,,10.42,
1993-10-01 00:00:00+00:00,,,,7.46,,,2.4799,13.55,,,11.45,
1993-09-01 00:00:00+00:00,,,,7.64,,,2.667,14.12,,,11.72,
1993-08-01 00:00:00+00:00,,,,7.85,,,3.06,14.1,,,11.67,
1993-07-01 00:00:00+00:00,,,,8.16,,,3.256,14.73,,,11.87,
1993-06-01 00:00:00+00:00,,,,8.23,,,3.261,15.95,,,11.9,
1993-05-01 00:00:00+00:00,,,,8.59,,,3.273,16.34,,,11.02,
1993-04-01 00:00:00+00:00,,,,9.38,,,3.253,16.74,,,11.27,
1993-03-01 00:00:00+00:00,,,,9.95,,,3.327,17.98,,,11.32,
1993-02-01 00:00:00+00:00,,,,10.3,,,3.334,18.75,,,11.54,
1993-01-01 00:00:00+00:00,,,,10.73,,,3.716,18.3,,,12.09,
1992-12-01 00:00:00+00:00,,,,11.04,,,3.794,17.53,,,11.78,
1992-11-01 00:00:00+00:00,,,,10.66,,,3.819,18.23,,,12.02,
1992-10-01 00:00:00+00:00,,,,11.18,,,3.902,19.49,,,12.15,
1992-09-01 00:00:00+00:00,,,,11.82,,,4.02,18.63,,,12.03,
1992-08-01 00:00:00+00:00,,,,11.37,,,3.973,17.29,,,13.34,
1992-07-01 00:00:00+00:00,,,,11.26,,,4.378,16.99,,,14.07,
1992-06-01 00:00:00+00:00,,,,10.81,,,4.622,14.84,,,13.97,
1992-05-01 00:00:00+00:00,,,,10.61,,,4.75,13.1,,,14.9,
1992-04-01 00:00:00+00:00,,,,10.63,,,4.745,11.86,,,15.0,
1992-03-01 00:00:00+00:00,,,,10.59,,,5.008,11.73,,,15.69,
1992-02-01 00:00:00+00:00,,,,10.54,,,5.249,15.13,,,16.02,
1992-01-01 00:00:00+00:00,,,,10.5,,,5.256,15.84,,,16.13,
1991-12-01 00:00:00+00:00,,,,10.66,,,6.037,17.33,,,16.16,
1991-11-01 00:00:00+00:00,,,,10.31,,,6.227,17.24,,,16.25,
1991-10-01 00:00:00+00:00,,,,10.18,,,6.457,18.38,,,16.5,
1991-09-01 00:00:00+00:00,,,,10.16,,,6.75,18.72,,,16.62,
1991-08-01 00:00:00+00:00,,,,10.25,,,7.349,17.68,,,16.73,
1991-07-01 00:00:00+00:00,,,,10.14,,,7.556,18.64,,,16.77,
1991-06-01 00:00:00+00:00,,,,10.06,,,7.827,18.53,,,16.69,
1991-05-01 00:00:00+00:00,,,,10.0,,,7.833,20.15,,,16.73,
1991-04-01 00:00:00+00:00,,,,10.22,,,7.981,21.43,,,16.87,
1991-03-01 00:00:00+00:00,,,,10.39,,,8.172,22.51,,,17.06,
1991-02-01 00:00:00+00:00,,,,10.67,,,8.069,23.33,,,17.29,
1991-01-01 00:00:00+00:00,,,,10.91,,,8.217,23.93,,,17.35,
1990-12-01 00:00:00+00:00,,,,10.95,,,8.279,25.84,,,17.5,
1990-11-01 00:00:00+00:00,,,,10.45,,,8.396,26.29,,,17.95,
1990-10-01 00:00:00+00:00,,,,10.15,,,8.293,30.34,,,17.39,
1990-09-01 00:00:00+00:00,,,,10.06,,,8.405,31.54,,,17.69,
1990-08-01 00:00:00+00:00,,,,10.16,,,8.022,30.54,,,17.75,
1990-07-01 00:00:00+00:00,,,,10.0,,,7.716,31.76,,,17.97,
1990-06-01 00:00:00+00:00,,,,10.05,,,7.437,33.27,,,17.99,
1990-05-01 00:00:00+00:00,,,,10.17,,,7.377,38.0,,,17.99,
1990-04-01 00:00:00+00:00,,,,10.24,,,7.447,44.32,,,17.9,
1990-03-01 00:00:00+00:00,,,,10.72,,,7.579,45.16,,,18.01,
1990-02-01 00:00:00+00:00,,,,10.76,,,7.235,43.03,,,18.0,
1990-01-01 00:00:00+00:00,,,,10.8,,,7.046,40.25,,,18.0,
1989-12-01 00:00:00+00:00,,,,,,,6.758,40.19,,,18.0,
1989-11-01 00:00:00+00:00,,,,,,,6.761,40.07,,,17.99,
1989-10-01 00:00:00+00:00,,,,,,,6.249,39.18,,,17.2,
1989-09-01 00:00:00+00:00,,,,,,,5.703,35.73,,,17.19,
1989-08-01 00:00:00+00:00,,,,,,,5.457,36.43,,,17.2,
1989-07-01 00:00:00+00:00,,,,,,,5.46,36.42,,,17.3,
1989-06-01 00:00:00+00:00,,,,,,,5.352,54.99,,,17.4,
1989-05-01 00:00:00+00:00,,,,,,,5.028,53.83,,,16.55,
1989-04-01 00:00:00+00:00,,,,,,,4.709,51.55,,,16.8,
1989-03-01 00:00:00+00:00,,,,,,,4.78,48.81,,,16.1,
1989-02-01 00:00:00+00:00,,,,,,,4.663,49.4,,,15.15,
1989-01-01 00:00:00+00:00,,,,,,,4.598,50.66,,,15.6,
1988-12-01 00:00:00+00:00,,,,,,,4.566,51.47,,,15.65,
1988-11-01 00:00:00+00:00,,,,,,,4.493,,,,14.5,
1988-10-01 00:00:00+00:00,,,,,,,4.704,32.45,,,13.55,
1988-09-01 00:00:00+00:00,,,,,,,5.062,32.45,,,13.25,
1988-08-01 00:00:00+00:00,,,,,,,4.881,32.45,,,12.55,
1988-07-01 00:00:00+00:00,,,,,,,4.769,32.45,,,11.94,
1988-06-01 00:00:00+00:00,,,,,,,4.366,33.1,,,12.45,
1988-05-01 00:00:00+00:00,,,,,,,4.188,46.24,,,11.55,
1988-04-01 00:00:00+00:00,,,,,,,4.113,53.82,,,10.65,
1988-03-01 00:00:00+00:00,,,,,,,4.351,77.77,,,10.3,
1988-02-01 00:00:00+00:00,,,,,,,4.26,153.92,,,9.8,
1988-01-01 00:00:00+00:00,,,,,,,4.266,157.63,,,9.3,
1987-12-01 00:00:00+00:00,,,,,,,4.496,131.1,,,8.85,
1987-11-01 00:00:00+00:00,,,,,,,4.376,110.82,,,8.8,
1987-10-01 00:00:00+00:00,,,,,,,4.87,96.46,,,8.8,
1987-09-01 00:00:00+00:00,,,,,,,4.359,95.43,,,8.75,
1987-08-01 00:00:00+00:00,,,,,,,4.102,95.9,,,8.74,
1987-07-01 00:00:00+00:00,,,,,,,4.1,96.14,,,8.7,
1987-06-01 00:00:00+00:00,,,,,,,3.953,98.37,,,8.95,
1987-05-01 00:00:00+00:00,,,,,,,3.872,98.44,,,8.6,
1987-04-01 00:00:00+00:00,,,,,,,4.077,99.55,,,8.45,
1987-03-01 00:00:00+00:00,,,,,,,4.298,101.81,,,8.85,
1987-02-01 00:00:00+00:00,,,,,,,4.309,104.97,,,8.8,
1987-01-01 00:00:00+00:00,,,,,,,4.324,104.96,,,8.84,
1986-12-01 00:00:00+00:00,,,,,,,4.539,105.48,,,8.8,
1986-11-01 00:00:00+00:00,,,,,,,4.69,104.15,,,9.25,
1986-10-01 00:00:00+00:00,,,,,,,5.003,108.08,,,9.4,
1986-09-01 00:00:00+00:00,,,,,,,4.955,,,,9.35,
1986-08-01 00:00:00+00:00,,,,,,,4.862,,,,10.05,
1986-07-01 00:00:00+00:00,,,,,,,4.746,90.5,,,10.7,
1986-06-01 00:00:00+00:00,,,,,,,4.797,85.88,,,11.05,
1986-05-01 00:00:00+00:00,,,,,,,4.828,81.01,,,11.45,
1986-04-01 00:00:00+00:00,,,,,,,4.926,80.86,,,11.95,
1986-03-01 00:00:00+00:00,,,,,,,5.594,79.38,,,11.96,
1986-02-01 00:00:00+00:00,,,,,,,6.127,76.48,,,12.02,
1986-01-01 00:00:00+00:00,,,,,,,6.747,75.3,,,13.1,
1985-12-01 00:00:00+00:00,,,,,,,,74.8,,,13.0,
1985-11-01 00:00:00+00:00,,,,,,,,69.1,,,13.51,
1985-10-01 00:00:00+00:00,,,,,,,,66.6,,,14.8,
1985-09-01 00:00:00+00:00,,,,,,,,69.48,,,15.2,
1985-08-01 00:00:00+00:00,,,,,,,,73.91,,,17.65,
1985-07-01 00:00:00+00:00,,,,,,,,70.91,,,16.15,
1985-06-01 00:00:00+00:00,,,,,,,,64.67,,,18.78,
1985-05-01 00:00:00+00:00,,,,,,,,59.95,,,20.8,
1985-04-01 00:00:00+00:00,,,,,,,,59.3,,,21.26,
1985-03-01 00:00:00+00:00,,,,,,,,57.58,,,21.76,
1985-02-01 00:00:00+00:00,,,,,,,,49.66,,,21.75,
1985-01-01 00:00:00+00:00,,,,,,,,48.33,,,21.25,
1984-12-01 00:00:00+00:00,,,,,,,,49.32,,,20.69,
1984-11-01 00:00:00+00:00,,,,,,,,47.94,,,21.78,
1984-10-01 00:00:00+00:00,,,,,,,,47.97,,,21.77,
1984-09-01 00:00:00+00:00,,,,,,,,49.92,,,21.77,
1984-08-01 00:00:00+00:00,,,,,,,,50.73,,,18.77,
1984-07-01 00:00:00+00:00,,,,,,,,51.15,,,17.64,
1984-06-01 00:00:00+00:00,,,,,,,,51.16,,,17.75,
1984-05-01 00:00:00+00:00,,,,,,,,50.4,,,17.81,
1984-04-01 00:00:00+00:00,,,,,,,,46.93,,,17.75,
1984-03-01 00:00:00+00:00,,,,,,,,46.2,,,17.75,
1984-02-01 00:00:00+00:00,,,,,,,,50.92,,,17.73,
1984-01-01 00:00:00+00:00,,,,,,,,53.21,,,17.62,
1983-12-01 00:00:00+00:00,,,,,,,,53.95,,,16.74,
1983-11-01 00:00:00+00:00,,,,,,,,54.06,,,15.29,
1983-10-01 00:00:00+00:00,,,,,,,,54.72,,,,
1983-09-01 00:00:00+00:00,,,,,,,,56.3,,,,
1983-08-01 00:00:00+00:00,,,,,,,,57.97,,,,
1983-07-01 00:00:00+00:00,,,,,,,,61.16,,,,
1983-06-01 00:00:00+00:00,,,,,,,,62.68,,,,
1983-05-01 00:00:00+00:00,,,,,,,,63.4,,,,
1983-04-01 00:00:00+00:00,,,,,,,,63.05,,,,
1983-03-01 00:00:00+00:00,,,,,,,,64.81,,,,
1983-02-01 00:00:00+00:00,,,,,,,,61.49,,,,
1983-01-01 00:00:00+00:00,,,,,,,,59.86,,,,
1982-12-01 00:00:00+00:00,,,,,,,,57.86,,,,
1982-11-01 00:00:00+00:00,,,,,,,,51.68,,,,
1982-10-01 00:00:00+00:00,,,,,,,,43.01,,,,
1982-09-01 00:00:00+00:00,,,,,,,,50.67,,,,
1982-08-01 00:00:00+00:00,,,,,,,,55.86,,,,
1982-07-01 00:00:00+00:00,,,,,,,,53.07,,,,
1982-06-01 00:00:00+00:00,,,,,,,,50.59,,,,
1982-05-01 00:00:00+00:00,,,,,,,,42.83,,,,
1982-04-01 00:00:00+00:00,,,,,,,,37.69,,,,
1982-03-01 00:00:00+00:00,,,,,,,,35.28,,,,
1982-02-01 00:00:00+00:00,,,,,,,,36.03,,,,
1982-01-01 00:00:00+00:00,,,,,,,,34.2,,,,
1981-12-01 00:00:00+00:00,,,,,,,,33.34,,,,
1981-11-01 00:00:00+00:00,,,,,,,,33.4,,,,
1981-10-01 00:00:00+00:00,,,,,,,,33.82,,,,
1981-09-01 00:00:00+00:00,,,,,,,,33.93,,,,
1981-08-01 00:00:00+00:00,,,,,,,,33.65,,,,
1981-07-01 00:00:00+00:00,,,,,,,,30.78,,,,
1981-06-01 00:00:00+00:00,,,,,,,,28.36,,,,
1981-05-01 00:00:00+00:00,,,,,,,,28.12,,,,
1981-04-01 00:00:00+00:00,,,,,,,,28.4,,,,
1981-03-01 00:00:00+00:00,,,,,,,,28.63,,,,
1981-02-01 00:00:00+00:00,,,,,,,,28.82,,,,
1981-01-01 00:00:00+00:00,,,,,,,,28.94,,,,
1980-12-01 00:00:00+00:00,,,,,,,,27.94,,,,
1980-11-01 00:00:00+00:00,,,,,,,,25.94,,,,
1980-10-01 00:00:00+00:00,,,,,,,,24.82,,,,
1980-09-01 00:00:00+00:00,,,,,,,,23.47,,,,
1980-08-01 00:00:00+00:00,,,,,,,,21.54,,,,
1980-07-01 00:00:00+00:00,,,,,,,,20.97,,,,
1980-06-01 00:00:00+00:00,,,,,,,,21.63,,,,
1980-05-01 00:00:00+00:00,,,,,,,,22.43,,,,
1980-04-01 00:00:00+00:00,,,,,,,,22.44,,,,
1980-03-01 00:00:00+00:00,,,,,,,,21.52,,,,
1980-02-01 00:00:00+00:00,,,,,,,,19.46,,,,
1980-01-01 00:00:00+00:00,,,,,,,,18.78,,,,
1979-12-01 00:00:00+00:00,,,,,,,,17.99,,,,
1979-11-01 00:00:00+00:00,,,,,,,,16.84,,,,
1979-10-01 00:00:00+00:00,,,,,,,,15.98,,,,
1979-09-01 00:00:00+00:00,,,,,,,,15.61,,,,
1979-08-01 00:00:00+00:00,,,,,,,,15.37,,,,
1979-07-01 00:00:00+00:00,,,,,,,,14.93,,,,
1979-06-01 00:00:00+00:00,,,,,,,,14.49,,,,
1979-05-01 00:00:00+00:00,,,,,,,,14.34,,,,
1979-04-01 00:00:00+00:00,,,,,,,,14.07,,,,
1979-03-01 00:00:00+00:00,,,,,,,,13.97,,,,
1979-02-01 00:00:00+00:00,,,,,,,,13.79,,,,
1979-01-01 00:00:00+00:00,,,,,,,,13.44,,,,
1978-12-01 00:00:00+00:00,,,,,,,,12.75,,,,
1978-11-01 00:00:00+00:00,,,,,,,,12.42,,,,
1978-10-01 00:00:00+00:00,,,,,,,,11.32,,,,
1978-09-01 00:00:00+00:00,,,,,,,,10.84,,,,
1978-08-01 00:00:00+00:00,,,,,,,,10.54,,,,
1978-07-01 00:00:00+00:00,,,,,,,,10.15,,,,
1978-06-01 00:00:00+00:00,,,,,,,,9.8,,,,
1978-05-01 00:00:00+00:00,,,,,,,,9.59,,,,
1978-04-01 00:00:00+00:00,,,,,,,,9.64,,,,
1978-03-01 00:00:00+00:00,,,,,,,,9.69,,,,
1978-02-01 00:00:00+00:00,,,,,,,,9.85,,,,
1978-01-01 00:00:00+00:00,,,,,,,,10.1,,,,
1977-12-01 00:00:00+00:00,,,,,,,,0.0,,,,
1977-11-01 00:00:00+00:00,,,,,,,,0.0,,,,
1977-10-01 00:00:00+00:00,,,,,,,,0.0,,,,
1977-09-01 00:00:00+00:00,,,,,,,,0.0,,,,
1977-08-01 00:00:00+00:00,,,,,,,,0.0,,,,
1977-07-01 00:00:00+00:00,,,,,,,,0.0,,,,
1977-06-01 00:00:00+00:00,,,,,,,,0.0,,,,
1977-05-01 00:00:00+00:00,,,,,,,,0.0,,,,
1977-04-01 00:00:00+00:00,,,,,,,,0.0,,,,
1977-03-01 00:00:00+00:00,,,,,,,,0.0,,,,
1977-02-01 00:00:00+00:00,,,,,,,,0.0,,,,
1977-01-01 00:00:00+00:00,,,,,,,,0.0,,,,
1976-12-01 00:00:00+00:00,,,,,,,,0.0,,,,
1976-11-01 00:00:00+00:00,,,,,,,,0.0,,,,
1976-10-01 00:00:00+00:00,,,,,,,,0.0,,,,
1976-09-01 00:00:00+00:00,,,,,,,,0.0,,,,
1976-08-01 00:00:00+00:00,,,,,,,,0.0,,,,
1976-07-01 00:00:00+00:00,,,,,,,,0.0,,,,
1976-06-01 00:00:00+00:00,,,,,,,,0.0,,,,
1976-05-01 00:00:00+00:00,,,,,,,,0.0,,,,
1976-04-01 00:00:00+00:00,,,,,,,,0.0,,,,
1976-03-01 00:00:00+00:00,,,,,,,,0.0,,,,
1976-02-01 00:00:00+00:00,,,,,,,,0.0,,,,
1976-01-01 00:00:00+00:00,,,,,,,,0.0,,,,
1975-12-01 00:00:00+00:00,,,,,,,,0.0,,,,
1975-11-01 00:00:00+00:00,,,,,,,,0.0,,,,
1975-10-01 00:00:00+00:00,,,,,,,,0.0,,,,
1975-09-01 00:00:00+00:00,,,,,,,,0.0,,,,
1975-08-01 00:00:00+00:00,,,,,,,,0.0,,,,
1975-07-01 00:00:00+00:00,,,,,,,,0.0,,,,
1975-06-01 00:00:00+00:00,,,,,,,,0.0,,,,
1975-05-01 00:00:00+00:00,,,,,,,,0.0,,,,
1975-04-01 00:00:00+00:00,,,,,,,,0.0,,,,
1975-03-01 00:00:00+00:00,,,,,,,,0.0,,,,
1975-02-01 00:00:00+00:00,,,,,,,,0.0,,,,
1975-01-01 00:00:00+00:00,,,,,,,,0.0,,,,
1974-12-01 00:00:00+00:00,,,,,,,,0.0,,,,
1974-11-01 00:00:00+00:00,,,,,,,,0.0,,,,
1974-10-01 00:00:00+00:00,,,,,,,,0.0,,,,
1974-09-01 00:00:00+00:00,,,,,,,,0.0,,,,
1974-08-01 00:00:00+00:00,,,,,,,,0.0,,,,
1974-07-01 00:00:00+00:00,,,,,,,,0.0,,,,
1974-06-01 00:00:00+00:00,,,,,,,,0.0,,,,
1974-05-01 00:00:00+00:00,,,,,,,,0.0,,,,
1974-04-01 00:00:00+00:00,,,,,,,,0.0,,,,
1974-03-01 00:00:00+00:00,,,,,,,,0.0,,,,
1974-02-01 00:00:00+00:00,,,,,,,,0.0,,,,
1974-01-01 00:00:00+00:00,,,,,,,,0.0,,,,
1973-12-01 00:00:00+00:00,,,,,,,,0.0,,,,
1973-11-01 00:00:00+00:00,,,,,,,,0.0,,,,
1973-10-01 00:00:00+00:00,,,,,,,,0.0,,,,
1973-09-01 00:00:00+00:00,,,,,,,,0.0,,,,
1973-08-01 00:00:00+00:00,,,,,,,,0.0,,,,
1973-07-01 00:00:00+00:00,,,,,,,,0.0,,,,
1973-06-01 00:00:00+00:00,,,,,,,,0.0,,,,
1973-05-01 00:00:00+00:00,,,,,,,,0.0,,,,
1973-04-01 00:00:00+00:00,,,,,,,,0.0,,,,
1973-03-01 00:00:00+00:00,,,,,,,,0.0,,,,
1973-02-01 00:00:00+00:00,,,,,,,,0.0,,,,
1973-01-01 00:00:00+00:00,,,,,,,,0.0,,,,
1972-12-01 00:00:00+00:00,,,,,,,,0.0,,,,
1972-11-01 00:00:00+00:00,,,,,,,,0.0,,,,
1972-10-01 00:00:00+00:00,,,,,,,,0.0,,,,
1972-09-01 00:00:00+00:00,,,,,,,,0.0,,,,
1972-08-01 00:00:00+00:00,,,,,,,,0.0,,,,
1972-07-01 00:00:00+00:00,,,,,,,,0.0,,,,
1972-06-01 00:00:00+00:00,,,,,,,,0.0,,,,
1972-05-01 00:00:00+00:00,,,,,,,,0.0,,,,
1972-04-01 00:00:00+00:00,,,,,,,,0.0,,,,
1972-03-01 00:00:00+00:00,,,,,,,,0.0,,,,
1972-02-01 00:00:00+00:00,,,,,,,,0.0,,,,
1972-01-01 00:00:00+00:00,,,,,,,,0.0,,,,
1971-12-01 00:00:00+00:00,,,,,,,,0.0,,,,
1971-11-01 00:00:00+00:00,,,,,,,,0.0,,,,
1971-10-01 00:00:00+00:00,,,,,,,,0.0,,,,
1971-09-01 00:00:00+00:00,,,,,,,,0.0,,,,
1971-08-01 00:00:00+00:00,,,,,,,,0.0,,,,
1971-07-01 00:00:00+00:00,,,,,,,,0.0,,,,
1971-06-01 00:00:00+00:00,,,,,,,,0.0,,,,
1971-05-01 00:00:00+00:00,,,,,,,,0.0,,,,
1971-04-01 00:00:00+00:00,,,,,,,,0.0,,,,
1971-03-01 00:00:00+00:00,,,,,,,,0.0,,,,
1971-02-01 00:00:00+00:00,,,,,,,,0.0,,,,
1971-01-01 00:00:00+00:00,,,,,,,,0.0,,,,
1970-12-01 00:00:00+00:00,,,,,,,,0.0,,,,
1970-11-01 00:00:00+00:00,,,,,,,,0.0,,,,
1970-10-01 00:00:00+00:00,,,,,,,,0.0,,,,
1970-09-01 00:00:00+00:00,,,,,,,,0.0,,,,
1970-08-01 00:00:00+00:00,,,,,,,,0.0,,,,
1970-07-01 00:00:00+00:00,,,,,,,,0.0,,,,
1970-06-01 00:00:00+00:00,,,,,,,,0.0,,,,
1970-05-01 00:00:00+00:00,,,,,,,,0.0,,,,
1970-04-01 00:00:00+00:00,,,,,,,,0.0,,,,
1970-03-01 00:00:00+00:00,,,,,,,,0.0,,,,
1970-02-01 00:00:00+00:00,,,,,,,,0.0,,,,
1970-01-01 00:00:00+00:00,,,,,,,,0.0,,,,
1969-12-01 00:00:00+00:00,,,,,,,,0.0,,,,
1969-11-01 00:00:00+00:00,,,,,,,,0.0,,,,
1969-10-01 00:00:00+00:00,,,,,,,,0.0,,,,
1969-09-01 00:00:00+00:00,,,,,,,,0.0,,,,
1969-08-01 00:00:00+00:00,,,,,,,,0.0,,,,
1969-07-01 00:00:00+00:00,,,,,,,,0.0,,,,
1969-06-01 00:00:00+00:00,,,,,,,,0.0,,,,
1969-05-01 00:00:00+00:00,,,,,,,,0.0,,,,
1969-04-01 00:00:00+00:00,,,,,,,,0.0,,,,
1969-03-01 00:00:00+00:00,,,,,,,,0.0,,,,
1969-02-01 00:00:00+00:00,,,,,,,,0.0,,,,
1969-01-01 00:00:00+00:00,,,,,,,,0.0,,,,
1968-12-01 00:00:00+00:00,,,,,,,,0.0,,,,
1968-11-01 00:00:00+00:00,,,,,,,,0.0,,,,
1968-10-01 00:00:00+00:00,,,,,,,,0.0,,,,
1968-09-01 00:00:00+00:00,,,,,,,,0.0,,,,
1968-08-01 00:00:00+00:00,,,,,,,,0.0,,,,
1968-07-01 00:00:00+00:00,,,,,,,,0.0,,,,
1968-06-01 00:00:00+00:00,,,,,,,,0.0,,,,
1968-05-01 00:00:00+00:00,,,,,,,,0.0,,,,
1968-04-01 00:00:00+00:00,,,,,,,,0.0,,,,
1968-03-01 00:00:00+00:00,,,,,,,,0.0,,,,
1968-02-01 00:00:00+00:00,,,,,,,,0.0,,,,
1968-01-01 00:00:00+00:00,,,,,,,,0.0,,,,
